1739917861.8556,2025-02-18 14:31:01.855,124,false,0.0,4240.385,4364.872,4091.026,4183.974,4264.487
1739917861.8634,2025-02-18 14:31:01.863,125,false,0.0,4226.667,4332.692,4087.179,4182.82,4257.18
1739917861.8713,2025-02-18 14:31:01.871,126,false,0.0,4228.846,4311.026,4081.41,4181.923,4244.359
1739917861.8791,2025-02-18 14:31:01.879,127,false,0.0,4240.385,4336.41,4081.795,4180.128,4247.051
1739917861.8869,2025-02-18 14:31:01.886,0,false,0.0,4256.795,4364.359,4103.333,4199.359,4273.846
1739917861.8947,2025-02-18 14:31:01.894,1,false,0.0,4263.461,4349.359,4115.513,4211.795,4286.282
1739917861.9025,2025-02-18 14:31:01.902,2,false,0.0,4249.359,4320.769,4095.897,4196.154,4267.82
1739917861.9103,2025-02-18 14:31:01.910,3,false,0.0,4239.359,4323.846,4087.179,4189.487,4253.718
1739917861.9181,2025-02-18 14:31:01.918,4,false,0.0,4243.205,4351.539,4102.051,4195.0,4257.18
1739917861.9259,2025-02-18 14:31:01.925,5,false,0.0,4236.154,4359.615,4098.59,4183.59,4253.974
1739917861.9338,2025-02-18 14:31:01.933,6,false,0.0,4220.513,4336.667,4084.359,4169.744,4236.923
1739917861.9416,2025-02-18 14:31:01.941,7,false,0.0,4220.128,4331.795,4091.026,4173.846,4229.231
1739917861.9494,2025-02-18 14:31:01.949,8,false,0.0,4232.436,4357.18,4101.154,4180.769,4243.718
1739917861.9572,2025-02-18 14:31:01.957,9,false,0.0,4239.872,4356.282,4099.231,4177.308,4257.949
1739917861.965,2025-02-18 14:31:01.965,10,false,0.0,4239.359,4330.385,4097.564,4172.308,4255.385
1739917861.9728,2025-02-18 14:31:01.972,11,false,0.0,4235.641,4329.231,4093.461,4176.667,4247.692
1739917861.9806,2025-02-18 14:31:01.980,12,false,0.0,4233.718,4342.692,4087.051,4186.282,4245.385
1739917861.9884,2025-02-18 14:31:01.988,13,false,0.0,4242.692,4357.051,4093.205,4191.667,4255.128
1739917861.9963,2025-02-18 14:31:01.996,14,false,0.0,4251.795,4373.846,4097.949,4188.718,4272.692
1739917862.0041,2025-02-18 14:31:02.004,15,false,0.0,4235.128,4355.256,4081.923,4171.154,4265.128
1739917862.0119,2025-02-18 14:31:02.011,16,false,0.0,4211.026,4321.154,4068.333,4151.026,4235.769
1739917862.0197,2025-02-18 14:31:02.019,17,false,0.0,4212.436,4331.282,4072.692,4153.846,4228.461
1739917862.0275,2025-02-18 14:31:02.027,18,false,0.0,4220.641,4343.333,4077.051,4171.41,4237.692
1739917862.0353,2025-02-18 14:31:02.035,19,false,0.0,4229.103,4335.385,4087.308,4186.026,4247.18
1739917862.0431,2025-02-18 14:31:02.043,20,false,0.0,4258.333,4364.359,4113.077,4199.487,4274.231
1739917862.0509,2025-02-18 14:31:02.050,21,false,0.0,4271.667,4387.949,4121.282,4198.205,4290.256
1739917862.0588,2025-02-18 14:31:02.058,22,false,0.0,4244.615,4356.282,4103.333,4179.872,4271.795
1739917862.0666,2025-02-18 14:31:02.066,23,false,0.0,4230.641,4340.128,4095.128,4178.461,4266.795
1739917862.0744,2025-02-18 14:31:02.074,24,false,0.0,4243.846,4352.308,4101.026,4193.205,4281.282
1739917862.0822,2025-02-18 14:31:02.082,25,false,0.0,4250.256,4350.769,4108.974,4200.256,4281.154
1739917862.09,2025-02-18 14:31:02.090,26,false,0.0,4255.513,4366.923,4124.744,4208.333,4285.0
1739917862.0978,2025-02-18 14:31:02.097,27,false,0.0,4258.718,4385.0,4131.539,4211.667,4290.897
1739917862.1056,2025-02-18 14:31:02.105,28,false,0.0,4242.692,4357.949,4117.308,4194.359,4269.872
1739917862.1134,2025-02-18 14:31:02.113,29,false,0.0,4231.282,4341.41,4109.615,4183.461,4255.513
1739917862.1213,2025-02-18 14:31:02.121,30,false,0.0,4236.154,4356.41,4111.282,4192.949,4266.923
1739917862.1291,2025-02-18 14:31:02.129,31,false,0.0,4240.385,4350.128,4104.744,4197.308,4268.59
1739917862.1369,2025-02-18 14:31:02.136,32,false,0.0,4249.615,4346.026,4105.385,4193.333,4268.974
1739917862.1447,2025-02-18 14:31:02.144,33,false,0.0,4260.769,4365.641,4115.128,4192.82,4283.205
1739917862.1525,2025-02-18 14:31:02.152,34,false,0.0,4256.539,4364.487,4109.744,4187.82,4280.769
1739917862.1603,2025-02-18 14:31:02.160,35,false,0.0,4253.461,4350.256,4103.205,4179.231,4271.026
1739917862.1681,2025-02-18 14:31:02.168,36,false,0.0,4261.154,4347.82,4113.333,4180.256,4282.051
1739917862.1759,2025-02-18 14:31:02.175,37,false,0.0,4259.744,4342.949,4118.59,4189.744,4284.744
1739917862.1838,2025-02-18 14:31:02.183,38,false,0.0,4251.795,4347.692,4115.513,4193.846,4266.667
1739917862.1916,2025-02-18 14:31:02.191,39,false,0.0,4250.769,4357.949,4118.846,4188.59,4261.154
1739917862.1994,2025-02-18 14:31:02.199,40,false,0.0,4252.564,4345.256,4119.615,4183.461,4269.744
1739917862.2072,2025-02-18 14:31:02.207,41,false,0.0,4254.487,4344.103,4114.103,4183.077,4274.615
1739917862.215,2025-02-18 14:31:02.215,42,false,0.0,4250.641,4364.615,4108.846,4177.308,4271.282
1739917862.2228,2025-02-18 14:31:02.222,43,false,0.0,4238.59,4357.564,4100.641,4164.487,4252.82
1739917862.2306,2025-02-18 14:31:02.230,44,false,0.0,4241.026,4353.59,4104.487,4165.513,4244.231
1739917862.2384,2025-02-18 14:31:02.238,45,false,0.0,4257.18,4376.923,4118.333,4181.539,4265.385
1739917862.2463,2025-02-18 14:31:02.246,46,false,0.0,4248.846,4356.923,4101.667,4181.795,4265.128
1739917862.2541,2025-02-18 14:31:02.254,47,false,0.0,4224.744,4311.795,4072.949,4167.82,4232.18
1739917862.2619,2025-02-18 14:31:02.261,48,false,0.0,4223.974,4322.692,4084.103,4169.359,4227.308
1739917862.2697,2025-02-18 14:31:02.269,49,false,0.0,4236.026,4352.436,4109.103,4177.436,4243.461
1739917862.2775,2025-02-18 14:31:02.277,50,false,0.0,4249.103,4363.205,4118.974,4178.205,4249.615
1739917862.2853,2025-02-18 14:31:02.285,51,false,0.0,4268.718,4376.539,4128.718,4184.872,4263.974
1739917862.2931,2025-02-18 14:31:02.293,52,false,0.0,4261.41,4363.846,4119.359,4183.974,4261.41
1739917862.3009,2025-02-18 14:31:02.300,53,false,0.0,4232.564,4340.513,4093.718,4171.795,4236.923
1739917862.3088,2025-02-18 14:31:02.308,54,false,0.0,4254.615,4364.103,4098.59,4185.385,4264.744
1739917862.3166,2025-02-18 14:31:02.316,55,false,0.0,4311.026,4376.795,4109.872,4207.051,4322.436
1739917862.3244,2025-02-18 14:31:02.324,56,false,0.0,4327.564,4349.615,4098.077,4199.615,4336.154
1739917862.3322,2025-02-18 14:31:02.332,57,false,0.0,4330.769,4363.974,4107.949,4200.385,4352.051
1739917862.34,2025-02-18 14:31:02.340,58,false,0.0,4358.461,4388.974,4134.487,4222.692,4398.205
1739917862.3478,2025-02-18 14:31:02.347,59,false,0.0,4372.949,4355.513,4129.487,4226.539,4418.974
1739917862.3556,2025-02-18 14:31:02.355,60,false,0.0,4365.641,4332.564,4113.077,4222.564,4415.897
1739917862.3634,2025-02-18 14:31:02.363,61,false,0.0,4358.333,4344.744,4109.872,4224.359,4406.41
1739917862.3713,2025-02-18 14:31:02.371,62,false,0.0,4352.692,4336.923,4107.051,4216.282,4386.154
1739917862.3791,2025-02-18 14:31:02.379,63,false,0.0,4361.923,4340.513,4112.949,4219.744,4392.18
1739917862.3869,2025-02-18 14:31:02.386,64,false,0.0,4374.487,4373.59,4128.205,4234.103,4415.385
1739917862.3947,2025-02-18 14:31:02.394,65,false,0.0,4354.872,4377.692,4131.282,4223.846,4400.897
1739917862.4025,2025-02-18 14:31:02.402,66,false,0.0,4331.41,4361.795,4122.949,4213.718,4377.051
1739917862.4103,2025-02-18 14:31:02.410,67,false,0.0,4332.436,4360.513,4113.077,4221.026,4374.103
1739917862.4181,2025-02-18 14:31:02.418,68,false,0.0,4322.949,4352.18,4105.769,4210.128,4359.487
1739917862.4259,2025-02-18 14:31:02.425,69,false,0.0,4305.769,4342.82,4107.692,4196.41,4346.539
1739917862.4338,2025-02-18 14:31:02.433,70,false,0.0,4313.846,4356.795,4116.282,4203.718,4359.744
1739917862.4416,2025-02-18 14:31:02.441,71,false,0.0,4324.359,4369.615,4127.949,4205.513,4367.82
1739917862.4494,2025-02-18 14:31:02.449,72,false,0.0,4322.436,4364.872,4142.82,4208.974,4364.103
1739917862.4572,2025-02-18 14:31:02.457,73,false,0.0,4323.59,4361.41,4146.795,4223.59,4362.436
1739917862.465,2025-02-18 14:31:02.465,74,false,0.0,4312.436,4363.077,4134.744,4213.846,4349.359
1739917862.4728,2025-02-18 14:31:02.472,75,false,0.0,4289.744,4359.231,4125.256,4197.82,4335.641
1739917862.4806,2025-02-18 14:31:02.480,76,false,0.0,4289.487,4350.641,4124.744,4209.231,4340.385
1739917862.4884,2025-02-18 14:31:02.488,77,false,0.0,4303.205,4347.82,4124.359,4208.205,4343.333
1739917862.4963,2025-02-18 14:31:02.496,78,false,0.0,4308.846,4355.128,4125.769,4188.077,4338.974
1739917862.5041,2025-02-18 14:31:02.504,79,false,0.0,4312.692,4356.282,4129.744,4189.872,4344.103
1739917862.5119,2025-02-18 14:31:02.511,80,false,0.0,4307.564,4346.795,4128.59,4197.436,4347.051
1739917862.5197,2025-02-18 14:31:02.519,81,false,0.0,4295.513,4357.308,4129.103,4197.692,4342.051
1739917862.5275,2025-02-18 14:31:02.527,82,false,0.0,4301.154,4381.667,4140.513,4214.103,4347.308
1739917862.5353,2025-02-18 14:31:02.535,83,false,0.0,4307.82,4372.564,4147.564,4224.359,4351.667
1739917862.5431,2025-02-18 14:31:02.543,84,false,0.0,4299.487,4355.128,4145.897,4214.103,4345.128
1739917862.5509,2025-02-18 14:31:02.550,85,false,0.0,4305.128,4377.82,4157.308,4217.949,4351.923
1739917862.5588,2025-02-18 14:31:02.558,86,false,0.0,4317.692,4391.41,4166.539,4228.718,4366.923
1739917862.5666,2025-02-18 14:31:02.566,87,false,0.0,4317.18,4371.282,4152.564,4226.923,4372.308
1739917862.5744,2025-02-18 14:31:02.574,88,false,0.0,4332.82,4377.82,4150.0,4234.103,4391.026
1739917862.5822,2025-02-18 14:31:02.582,89,false,0.0,4348.846,4390.897,4161.026,4234.872,4406.154
1739917862.59,2025-02-18 14:31:02.590,90,false,0.0,4318.59,4361.539,4140.641,4210.256,4374.487
1739917862.5978,2025-02-18 14:31:02.597,91,false,0.0,4290.256,4341.41,4118.333,4202.82,4345.0
1739917862.6056,2025-02-18 14:31:02.605,92,false,0.0,4309.231,4352.436,4136.026,4218.974,4363.077
1739917862.6134,2025-02-18 14:31:02.613,93,false,0.0,4325.256,4359.872,4149.359,4218.59,4373.718
1739917862.6213,2025-02-18 14:31:02.621,94,false,0.0,4317.436,4372.18,4136.923,4211.539,4359.615
1739917862.6291,2025-02-18 14:31:02.629,95,false,0.0,4312.564,4372.051,4130.769,4213.461,4357.18
1739917862.6369,2025-02-18 14:31:02.636,96,false,0.0,4303.333,4341.923,4125.513,4207.692,4353.205
1739917862.6447,2025-02-18 14:31:02.644,97,false,0.0,4292.18,4344.615,4116.154,4205.256,4344.872
1739917862.6525,2025-02-18 14:31:02.652,98,false,0.0,4300.256,4381.282,4126.282,4217.564,4359.231
1739917862.6603,2025-02-18 14:31:02.660,99,false,0.0,4311.795,4384.103,4145.256,4223.461,4369.231
1739917862.6681,2025-02-18 14:31:02.668,100,false,0.0,4307.564,4368.333,4149.103,4221.154,4352.051
1739917862.6759,2025-02-18 14:31:02.675,101,false,0.0,4298.846,4360.128,4145.0,4220.769,4339.744
1739917862.6838,2025-02-18 14:31:02.683,102,false,0.0,4297.949,4351.282,4145.385,4217.564,4343.974
1739917862.6916,2025-02-18 14:31:02.691,103,false,0.0,4302.436,4366.795,4148.205,4213.461,4347.051
1739917862.6994,2025-02-18 14:31:02.699,104,false,0.0,4297.82,4385.128,4143.333,4210.385,4343.077
1739917862.7072,2025-02-18 14:31:02.707,105,false,0.0,4285.513,4358.974,4130.128,4204.359,4339.231
1739917862.715,2025-02-18 14:31:02.715,106,false,0.0,4290.513,4343.333,4122.82,4204.359,4345.769
1739917862.7228,2025-02-18 14:31:02.722,107,false,0.0,4301.923,4374.744,4122.308,4209.872,4353.59
1739917862.7306,2025-02-18 14:31:02.730,108,false,0.0,4293.461,4387.18,4123.461,4210.513,4348.974
1739917862.7384,2025-02-18 14:31:02.738,109,false,0.0,4290.641,4363.974,4131.667,4214.872,4350.0
1739917862.7463,2025-02-18 14:31:02.746,110,false,0.0,4302.82,4353.461,4134.744,4221.539,4355.641
1739917862.7541,2025-02-18 14:31:02.754,111,false,0.0,4293.59,4362.564,4123.461,4210.897,4343.718
1739917862.7619,2025-02-18 14:31:02.761,112,false,0.0,4275.256,4374.615,4120.256,4193.205,4339.359
1739917862.7697,2025-02-18 14:31:02.769,113,false,0.0,4274.872,4375.769,4120.385,4183.077,4348.077
1739917862.7775,2025-02-18 14:31:02.777,114,false,0.0,4263.077,4352.18,4101.154,4171.795,4323.461
1739917862.7853,2025-02-18 14:31:02.785,115,false,0.0,4241.795,4326.282,4090.769,4172.051,4292.308
1739917862.7931,2025-02-18 14:31:02.793,116,false,0.0,4251.41,4332.18,4108.718,4192.18,4313.974
1739917862.8009,2025-02-18 14:31:02.800,117,false,0.0,4270.128,4350.128,4118.333,4200.385,4343.846
1739917862.8088,2025-02-18 14:31:02.808,118,false,0.0,4268.333,4351.41,4113.461,4194.615,4332.692
1739917862.8166,2025-02-18 14:31:02.816,119,false,0.0,4272.692,4356.41,4121.667,4203.461,4320.769
1739917862.8244,2025-02-18 14:31:02.824,120,false,0.0,4280.897,4369.872,4126.923,4208.846,4325.641
1739917862.8322,2025-02-18 14:31:02.832,121,false,0.0,4267.051,4363.974,4113.461,4194.872,4321.539
1739917862.84,2025-02-18 14:31:02.840,122,false,0.0,4258.974,4356.154,4108.461,4195.897,4317.82
1739917862.8478,2025-02-18 14:31:02.847,123,false,0.0,4273.461,4367.949,4116.539,4210.769,4324.359
1739917862.8556,2025-02-18 14:31:02.855,124,false,0.0,4276.795,4368.974,4112.692,4203.59,4323.846
1739917862.8634,2025-02-18 14:31:02.863,125,false,0.0,4266.539,4362.436,4104.359,4188.59,4319.615
1739917862.8713,2025-02-18 14:31:02.871,126,false,0.0,4270.513,4371.795,4110.513,4192.051,4325.513
1739917862.8791,2025-02-18 14:31:02.879,127,false,0.0,4281.795,4365.897,4115.513,4198.333,4330.897
1739917862.8869,2025-02-18 14:31:02.886,0,false,0.0,4282.18,4347.18,4105.128,4195.769,4325.513
1739917862.8947,2025-02-18 14:31:02.894,1,false,0.0,4275.256,4354.744,4097.051,4193.461,4315.769
1739917862.9025,2025-02-18 14:31:02.902,2,false,0.0,4265.256,4362.051,4100.769,4192.436,4309.103
1739917862.9103,2025-02-18 14:31:02.910,3,false,0.0,4255.385,4355.256,4102.051,4192.18,4304.487
1739917862.9181,2025-02-18 14:31:02.918,4,false,0.0,4255.897,4365.897,4099.103,4192.692,4300.897
1739917862.9259,2025-02-18 14:31:02.925,5,false,0.0,4266.923,4369.615,4102.436,4190.641,4303.718
1739917862.9338,2025-02-18 14:31:02.933,6,false,0.0,4275.256,4352.308,4109.872,4195.0,4313.461
1739917862.9416,2025-02-18 14:31:02.941,7,false,0.0,4275.256,4355.256,4115.256,4209.359,4318.59
1739917862.9494,2025-02-18 14:31:02.949,8,false,0.0,4271.539,4360.385,4114.359,4214.359,4310.897
1739917862.9572,2025-02-18 14:31:02.957,9,false,0.0,4264.615,4338.718,4098.461,4203.205,4295.128
1739917862.965,2025-02-18 14:31:02.965,10,false,0.0,4255.0,4333.461,4081.539,4195.769,4284.103
1739917862.9728,2025-02-18 14:31:02.972,11,false,0.0,4251.539,4353.077,4090.513,4199.872,4287.692
1739917862.9806,2025-02-18 14:31:02.980,12,false,0.0,4252.692,4354.231,4106.41,4200.769,4291.539
1739917862.9884,2025-02-18 14:31:02.988,13,false,0.0,4247.692,4344.103,4100.0,4191.923,4279.103
1739917862.9963,2025-02-18 14:31:02.996,14,false,0.0,4247.692,4349.487,4096.41,4187.18,4270.513
1739917863.0041,2025-02-18 14:31:03.004,15,false,0.0,4259.487,4356.667,4108.718,4192.308,4280.897
1739917863.0119,2025-02-18 14:31:03.011,16,false,0.0,4258.846,4347.949,4102.692,4190.897,4282.564
1739917863.0197,2025-02-18 14:31:03.019,17,false,0.0,4245.513,4336.923,4083.461,4180.641,4266.282
1739917863.0275,2025-02-18 14:31:03.027,18,false,0.0,4247.308,4342.18,4086.282,4181.539,4259.615
1739917863.0353,2025-02-18 14:31:03.035,19,false,0.0,4257.949,4350.256,4102.051,4192.564,4266.41
1739917863.0431,2025-02-18 14:31:03.043,20,false,0.0,4260.769,4345.769,4113.333,4197.18,4271.154
1739917863.0509,2025-02-18 14:31:03.050,21,false,0.0,4266.026,4350.641,4121.795,4199.231,4272.82
1739917863.0588,2025-02-18 14:31:03.058,22,false,0.0,4268.846,4365.641,4113.718,4202.18,4271.282
1739917863.0666,2025-02-18 14:31:03.066,23,false,0.0,4256.026,4355.897,4092.564,4195.385,4262.949
1739917863.0744,2025-02-18 14:31:03.074,24,false,0.0,4244.231,4339.487,4087.564,4183.846,4255.897
1739917863.0822,2025-02-18 14:31:03.082,25,false,0.0,4247.564,4354.615,4092.564,4184.231,4257.82
1739917863.09,2025-02-18 14:31:03.090,26,false,0.0,4257.564,4368.974,4091.667,4194.744,4263.077
1739917863.0978,2025-02-18 14:31:03.097,27,false,0.0,4264.359,4355.897,4094.359,4198.461,4264.744
1739917863.1056,2025-02-18 14:31:03.105,28,false,0.0,4262.564,4345.128,4096.795,4192.564,4267.436
1739917863.1134,2025-02-18 14:31:03.113,29,false,0.0,4258.461,4341.154,4091.539,4194.103,4273.205
1739917863.1213,2025-02-18 14:31:03.121,30,false,0.0,4257.949,4334.231,4090.641,4201.795,4268.974
1739917863.1291,2025-02-18 14:31:03.129,31,false,0.0,4258.333,4345.769,4099.359,4199.615,4262.308
1739917863.1369,2025-02-18 14:31:03.136,32,false,0.0,4269.359,4367.564,4115.0,4200.128,4278.846
1739917863.1447,2025-02-18 14:31:03.144,33,false,0.0,4279.487,4365.897,4117.949,4207.18,4288.974
1739917863.1525,2025-02-18 14:31:03.152,34,false,0.0,4258.333,4352.949,4086.923,4193.846,4258.59
1739917863.1603,2025-02-18 14:31:03.160,35,false,0.0,4245.0,4353.333,4068.077,4179.231,4247.564
1739917863.1681,2025-02-18 14:31:03.168,36,false,0.0,4277.18,4357.949,4101.026,4197.051,4283.718
1739917863.1759,2025-02-18 14:31:03.175,37,false,0.0,4288.461,4356.539,4118.718,4208.205,4287.564
1739917863.1838,2025-02-18 14:31:03.183,38,false,0.0,4257.692,4357.308,4093.974,4191.539,4256.282
1739917863.1916,2025-02-18 14:31:03.191,39,false,0.0,4258.077,4366.41,4096.923,4191.923,4264.872
1739917863.1994,2025-02-18 14:31:03.199,40,false,0.0,4276.667,4369.231,4120.256,4202.949,4285.0
1739917863.2072,2025-02-18 14:31:03.207,41,false,0.0,4261.667,4353.333,4111.667,4191.026,4267.82
1739917863.215,2025-02-18 14:31:03.215,42,false,0.0,4253.846,4344.231,4102.308,4185.385,4258.59
1739917863.2228,2025-02-18 14:31:03.222,43,false,0.0,4267.18,4354.231,4109.359,4195.769,4267.436
1739917863.2306,2025-02-18 14:31:03.230,44,false,0.0,4254.872,4351.795,4100.0,4185.897,4252.18
1739917863.2384,2025-02-18 14:31:03.238,45,false,0.0,4236.026,4346.154,4089.231,4169.744,4236.282
1739917863.2463,2025-02-18 14:31:03.246,46,false,0.0,4245.0,4364.487,4094.231,4175.769,4248.974
1739917863.2541,2025-02-18 14:31:03.254,47,false,0.0,4253.333,4365.0,4091.795,4180.513,4256.154
1739917863.2619,2025-02-18 14:31:03.261,48,false,0.0,4249.359,4343.974,4088.333,4174.872,4246.282
1739917863.2697,2025-02-18 14:31:03.269,49,false,0.0,4255.256,4364.744,4102.051,4185.256,4253.333
1739917863.2775,2025-02-18 14:31:03.277,50,false,0.0,4262.564,4386.154,4109.231,4199.615,4271.539
1739917863.2853,2025-02-18 14:31:03.285,51,false,0.0,4253.333,4344.744,4093.59,4185.769,4262.308
1739917863.2931,2025-02-18 14:31:03.293,52,false,0.0,4244.615,4326.282,4088.077,4167.949,4239.487
1739917863.3009,2025-02-18 14:31:03.300,53,false,0.0,4253.077,4370.385,4111.795,4179.231,4242.564
1739917863.3088,2025-02-18 14:31:03.308,54,false,0.0,4257.949,4375.513,4128.205,4194.359,4251.539
1739917863.3166,2025-02-18 14:31:03.316,55,false,0.0,4246.41,4341.923,4116.795,4190.128,4239.231
1739917863.3244,2025-02-18 14:31:03.324,56,false,0.0,4240.0,4351.154,4106.667,4182.308,4231.923
1739917863.3322,2025-02-18 14:31:03.332,57,false,0.0,4241.282,4370.256,4103.846,4172.692,4236.41
1739917863.34,2025-02-18 14:31:03.340,58,false,0.0,4235.385,4363.077,4097.18,4167.18,4231.026
1739917863.3478,2025-02-18 14:31:03.347,59,false,0.0,4236.923,4370.897,4102.564,4186.154,4232.308
1739917863.3556,2025-02-18 14:31:03.355,60,false,0.0,4247.051,4377.949,4112.564,4200.769,4243.718
1739917863.3634,2025-02-18 14:31:03.363,61,false,0.0,4239.103,4352.949,4104.615,4184.487,4237.82
1739917863.3713,2025-02-18 14:31:03.371,62,false,0.0,4225.0,4340.769,4101.795,4175.897,4228.846
1739917863.3791,2025-02-18 14:31:03.379,63,false,0.0,4231.539,4353.205,4113.205,4188.846,4241.026
1739917863.3869,2025-02-18 14:31:03.386,64,false,0.0,4248.333,4354.744,4117.82,4196.539,4259.744
1739917863.3947,2025-02-18 14:31:03.394,65,false,0.0,4260.769,4360.769,4124.487,4201.795,4271.795
1739917863.4025,2025-02-18 14:31:03.402,66,false,0.0,4260.769,4377.564,4130.256,4199.359,4268.461
1739917863.4103,2025-02-18 14:31:03.410,67,false,0.0,4247.949,4368.59,4119.359,4184.359,4252.308
1739917863.4181,2025-02-18 14:31:03.418,68,false,0.0,4249.231,4353.59,4119.487,4192.82,4256.539
1739917863.4259,2025-02-18 14:31:03.425,69,false,0.0,4264.103,4366.667,4131.026,4212.436,4276.154
1739917863.4338,2025-02-18 14:31:03.433,70,false,0.0,4256.539,4364.744,4118.461,4195.0,4268.59
1739917863.4416,2025-02-18 14:31:03.441,71,false,0.0,4239.615,4338.718,4104.872,4174.615,4251.667
1739917863.4494,2025-02-18 14:31:03.449,72,false,0.0,4247.051,4349.615,4115.385,4188.974,4259.231
1739917863.4572,2025-02-18 14:31:03.457,73,false,0.0,4257.18,4375.513,4120.0,4200.0,4266.026
1739917863.465,2025-02-18 14:31:03.465,74,false,0.0,4251.154,4356.154,4116.539,4196.154,4258.077
1739917863.4728,2025-02-18 14:31:03.472,75,false,0.0,4248.974,4343.077,4124.103,4201.923,4257.949
1739917863.4806,2025-02-18 14:31:03.480,76,false,0.0,4252.564,4370.0,4126.154,4206.795,4264.231
1739917863.4884,2025-02-18 14:31:03.488,77,false,0.0,4248.59,4366.41,4113.461,4200.256,4261.282
1739917863.4963,2025-02-18 14:31:03.496,78,false,0.0,4244.744,4341.154,4103.077,4192.949,4253.846
1739917863.5041,2025-02-18 14:31:03.504,79,false,0.0,4253.205,4367.436,4106.026,4190.769,4257.82
1739917863.5119,2025-02-18 14:31:03.511,80,false,0.0,4266.667,4396.41,4121.154,4198.718,4275.0
1739917863.5197,2025-02-18 14:31:03.519,81,false,0.0,4265.641,4366.667,4127.308,4207.308,4281.539
1739917863.5275,2025-02-18 14:31:03.527,82,false,0.0,4250.897,4342.692,4115.641,4201.154,4266.41
1739917863.5353,2025-02-18 14:31:03.535,83,false,0.0,4243.205,4358.846,4112.18,4192.949,4252.692
1739917863.5431,2025-02-18 14:31:03.543,84,false,0.0,4240.641,4360.0,4119.872,4189.487,4247.82
1739917863.5509,2025-02-18 14:31:03.550,85,false,0.0,4236.667,4351.795,4124.744,4188.333,4248.59
1739917863.5588,2025-02-18 14:31:03.558,86,false,0.0,4251.41,4376.923,4140.0,4206.026,4268.846
1739917863.5666,2025-02-18 14:31:03.566,87,false,0.0,4274.103,4396.282,4152.436,4224.103,4287.564
1739917863.5744,2025-02-18 14:31:03.574,88,false,0.0,4267.692,4381.667,4135.641,4206.282,4273.718
1739917863.5822,2025-02-18 14:31:03.582,89,false,0.0,4255.128,4384.872,4128.077,4191.539,4264.744
1739917863.59,2025-02-18 14:31:03.590,90,false,0.0,4266.282,4401.795,4145.897,4212.564,4282.82
1739917863.5978,2025-02-18 14:31:03.597,91,false,0.0,4270.385,4374.487,4139.615,4223.333,4283.333
1739917863.6056,2025-02-18 14:31:03.605,92,false,0.0,4258.59,4342.692,4116.41,4211.795,4268.974
1739917863.6134,2025-02-18 14:31:03.613,93,false,0.0,4257.308,4364.231,4115.641,4208.718,4277.051
1739917863.6213,2025-02-18 14:31:03.621,94,false,0.0,4258.974,4386.923,4117.82,4206.923,4284.872
1739917863.6291,2025-02-18 14:31:03.629,95,false,0.0,4253.718,4372.18,4113.461,4202.308,4271.795
1739917863.6369,2025-02-18 14:31:03.636,96,false,0.0,4247.949,4357.949,4113.59,4199.103,4259.744
1739917863.6447,2025-02-18 14:31:03.644,97,false,0.0,4237.308,4357.949,4103.205,4183.333,4256.539
1739917863.6525,2025-02-18 14:31:03.652,98,false,0.0,4236.667,4365.256,4097.18,4175.897,4259.872
1739917863.6603,2025-02-18 14:31:03.660,99,false,0.0,4250.256,4373.59,4111.923,4188.846,4263.718
1739917863.6681,2025-02-18 14:31:03.668,100,false,0.0,4247.436,4367.308,4108.846,4183.461,4255.385
1739917863.6759,2025-02-18 14:31:03.675,101,false,0.0,4241.539,4369.872,4096.282,4175.128,4256.154
1739917863.6838,2025-02-18 14:31:03.683,102,false,0.0,4256.026,4391.41,4110.897,4197.692,4277.308
1739917863.6916,2025-02-18 14:31:03.691,103,false,0.0,4252.436,4385.128,4114.103,4203.718,4273.846
1739917863.6994,2025-02-18 14:31:03.699,104,false,0.0,4230.641,4363.205,4094.359,4179.103,4245.256
1739917863.7072,2025-02-18 14:31:03.707,105,false,0.0,4235.769,4364.872,4100.385,4175.0,4245.128
1739917863.715,2025-02-18 14:31:03.715,106,false,0.0,4245.769,4365.0,4113.59,4182.692,4265.0
1739917863.7228,2025-02-18 14:31:03.722,107,false,0.0,4235.128,4367.18,4098.974,4177.18,4263.718
1739917863.7306,2025-02-18 14:31:03.730,108,false,0.0,4231.795,4381.154,4085.897,4177.692,4251.026
1739917863.7384,2025-02-18 14:31:03.738,109,false,0.0,4234.744,4359.744,4084.231,4179.615,4246.539
1739917863.7463,2025-02-18 14:31:03.746,110,false,0.0,4225.769,4331.41,4080.641,4171.282,4246.41
1739917863.7541,2025-02-18 14:31:03.754,111,false,0.0,4222.564,4354.359,4092.564,4174.872,4249.487
1739917863.7619,2025-02-18 14:31:03.761,112,false,0.0,4233.974,4376.026,4115.897,4190.641,4259.487
1739917863.7697,2025-02-18 14:31:03.769,113,false,0.0,4239.872,4365.0,4118.59,4191.667,4264.231
1739917863.7775,2025-02-18 14:31:03.777,114,false,0.0,4229.487,4360.769,4102.436,4175.641,4250.385
1739917863.7853,2025-02-18 14:31:03.785,115,false,0.0,4219.487,4359.359,4097.949,4167.692,4234.487
1739917863.7931,2025-02-18 14:31:03.793,116,false,0.0,4228.077,4358.846,4110.0,4180.0,4240.256
1739917863.8009,2025-02-18 14:31:03.800,117,false,0.0,4238.461,4372.436,4111.282,4190.0,4251.282
1739917863.8088,2025-02-18 14:31:03.808,118,false,0.0,4233.077,4371.923,4097.308,4183.461,4246.539
1739917863.8166,2025-02-18 14:31:03.816,119,false,0.0,4229.359,4355.128,4095.256,4179.359,4240.641
1739917863.8244,2025-02-18 14:31:03.824,120,false,0.0,4228.846,4347.308,4102.82,4179.872,4239.615
1739917863.8322,2025-02-18 14:31:03.832,121,false,0.0,4219.359,4350.769,4103.846,4175.897,4237.82
1739917863.84,2025-02-18 14:31:03.840,122,false,0.0,4220.897,4367.949,4112.692,4180.897,4245.385
1739917863.8478,2025-02-18 14:31:03.847,123,false,0.0,4236.282,4377.051,4125.256,4193.077,4254.359
1739917863.8556,2025-02-18 14:31:03.855,124,false,0.0,4237.564,4357.564,4116.282,4193.846,4246.282
1739917863.8634,2025-02-18 14:31:03.863,125,false,0.0,4224.103,4349.359,4096.026,4183.974,4232.82
1739917863.8713,2025-02-18 14:31:03.871,126,false,0.0,4211.026,4352.308,4083.333,4169.103,4227.18
1739917863.8791,2025-02-18 14:31:03.879,127,false,0.0,4207.564,4329.615,4080.0,4164.615,4228.205
1739917863.8869,2025-02-18 14:31:03.886,0,false,0.0,4219.487,4326.923,4089.872,4182.82,4236.282
1739917863.8947,2025-02-18 14:31:03.894,1,false,0.0,4228.077,4361.026,4104.744,4189.615,4237.949
1739917863.9025,2025-02-18 14:31:03.902,2,false,0.0,4223.59,4365.256,4111.923,4172.82,4231.41
1739917863.9103,2025-02-18 14:31:03.910,3,false,0.0,4225.641,4345.897,4112.692,4173.718,4237.949
1739917863.9181,2025-02-18 14:31:03.918,4,false,0.0,4225.641,4344.744,4100.256,4183.974,4244.487
1739917863.9259,2025-02-18 14:31:03.925,5,false,0.0,4213.205,4341.795,4082.692,4176.026,4229.872
1739917863.9338,2025-02-18 14:31:03.933,6,false,0.0,4218.205,4339.359,4088.333,4179.231,4226.795
1739917863.9416,2025-02-18 14:31:03.941,7,false,0.0,4237.308,4356.026,4105.897,4193.077,4248.974
1739917863.9494,2025-02-18 14:31:03.949,8,false,0.0,4237.436,4363.718,4108.205,4185.513,4257.949
1739917863.9572,2025-02-18 14:31:03.957,9,false,0.0,4230.769,4347.18,4105.513,4180.128,4245.0
1739917863.965,2025-02-18 14:31:03.965,10,false,0.0,4229.487,4325.513,4100.897,4186.923,4231.154
1739917863.9728,2025-02-18 14:31:03.972,11,false,0.0,4221.923,4322.436,4088.846,4176.154,4221.539
1739917863.9806,2025-02-18 14:31:03.980,12,false,0.0,4222.564,4346.667,4092.436,4168.461,4224.487
1739917863.9884,2025-02-18 14:31:03.988,13,false,0.0,4234.744,4359.872,4110.385,4186.539,4240.128
1739917863.9963,2025-02-18 14:31:03.996,14,false,0.0,4230.128,4340.769,4110.0,4196.41,4243.205
1739917864.0041,2025-02-18 14:31:04.004,15,false,0.0,4216.795,4338.974,4099.487,4189.231,4231.923
1739917864.0119,2025-02-18 14:31:04.011,16,false,0.0,4220.769,4364.231,4102.82,4186.539,4226.923
1739917864.0197,2025-02-18 14:31:04.019,17,false,0.0,4226.154,4366.154,4105.128,4180.256,4225.385
1739917864.0275,2025-02-18 14:31:04.027,18,false,0.0,4215.513,4351.667,4095.641,4168.205,4221.154
1739917864.0353,2025-02-18 14:31:04.035,19,false,0.0,4209.872,4351.282,4093.077,4172.18,4224.359
1739917864.0431,2025-02-18 14:31:04.043,20,false,0.0,4222.051,4346.282,4104.487,4186.154,4231.154
1739917864.0509,2025-02-18 14:31:04.050,21,false,0.0,4230.641,4335.513,4113.59,4183.205,4230.256
1739917864.0588,2025-02-18 14:31:04.058,22,false,0.0,4222.564,4347.949,4111.795,4168.718,4228.461
1739917864.0666,2025-02-18 14:31:04.066,23,false,0.0,4218.846,4366.795,4107.949,4172.692,4234.359
1739917864.0744,2025-02-18 14:31:04.074,24,false,0.0,4227.18,4356.026,4105.641,4191.667,4236.154
1739917864.0822,2025-02-18 14:31:04.082,25,false,0.0,4221.41,4336.282,4095.769,4189.103,4222.82
1739917864.09,2025-02-18 14:31:04.090,26,false,0.0,4205.513,4348.718,4088.718,4171.154,4216.026
1739917864.0978,2025-02-18 14:31:04.097,27,false,0.0,4215.513,4374.872,4104.615,4177.692,4238.077
1739917864.1056,2025-02-18 14:31:04.105,28,false,0.0,4240.513,4373.59,4122.949,4195.641,4258.461
1739917864.1134,2025-02-18 14:31:04.113,29,false,0.0,4244.231,4362.308,4115.385,4189.744,4247.564
1739917864.1213,2025-02-18 14:31:04.121,30,false,0.0,4236.026,4370.897,4101.539,4175.641,4235.769
1739917864.1291,2025-02-18 14:31:04.129,31,false,0.0,4232.308,4373.077,4099.103,4169.744,4237.692
1739917864.1369,2025-02-18 14:31:04.136,32,false,0.0,4225.769,4357.436,4097.308,4164.359,4231.41
1739917864.1447,2025-02-18 14:31:04.144,33,false,0.0,4229.103,4368.718,4104.359,4170.128,4233.974
1739917864.1525,2025-02-18 14:31:04.152,34,false,0.0,4246.923,4398.846,4120.513,4184.487,4253.205
1739917864.1603,2025-02-18 14:31:04.160,35,false,0.0,4247.436,4385.769,4115.256,4177.692,4249.359
1739917864.1681,2025-02-18 14:31:04.168,36,false,0.0,4233.718,4352.436,4100.641,4163.077,4235.385
1739917864.1759,2025-02-18 14:31:04.175,37,false,0.0,4237.564,4358.205,4111.667,4172.051,4250.385
1739917864.1838,2025-02-18 14:31:04.183,38,false,0.0,4243.461,4368.718,4122.692,4184.487,4260.769
1739917864.1916,2025-02-18 14:31:04.191,39,false,0.0,4236.795,4354.615,4111.923,4183.461,4249.103
1739917864.1994,2025-02-18 14:31:04.199,40,false,0.0,4242.051,4365.128,4114.103,4188.461,4251.41
1739917864.2072,2025-02-18 14:31:04.207,41,false,0.0,4247.436,4391.026,4126.667,4198.077,4254.615
1739917864.215,2025-02-18 14:31:04.215,42,false,0.0,4228.846,4380.256,4113.077,4192.82,4236.923
1739917864.2228,2025-02-18 14:31:04.222,43,false,0.0,4218.59,4366.923,4095.641,4181.154,4231.923
1739917864.2306,2025-02-18 14:31:04.230,44,false,0.0,4230.385,4380.513,4102.18,4180.0,4242.82
1739917864.2384,2025-02-18 14:31:04.238,45,false,0.0,4227.82,4373.461,4100.256,4182.692,4237.051
1739917864.2463,2025-02-18 14:31:04.246,46,false,0.0,4217.692,4353.205,4083.974,4182.949,4226.154
1739917864.2541,2025-02-18 14:31:04.254,47,false,0.0,4231.795,4371.923,4094.359,4191.41,4235.897
1739917864.2619,2025-02-18 14:31:04.261,48,false,0.0,4244.487,4393.974,4114.615,4199.744,4249.487
1739917864.2697,2025-02-18 14:31:04.269,49,false,0.0,4230.256,4373.718,4100.513,4184.103,4240.513
1739917864.2775,2025-02-18 14:31:04.277,50,false,0.0,4221.026,4357.18,4086.795,4170.897,4225.385
1739917864.2853,2025-02-18 14:31:04.285,51,false,0.0,4230.769,4367.18,4105.0,4189.359,4235.385
1739917864.2931,2025-02-18 14:31:04.293,52,false,0.0,4225.0,4352.308,4103.718,4192.949,4246.41
1739917864.3009,2025-02-18 14:31:04.300,53,false,0.0,4203.718,4321.795,4078.077,4164.231,4227.436
1739917864.3088,2025-02-18 14:31:04.308,54,false,0.0,4202.949,4337.949,4083.333,4163.205,4215.641
1739917864.3166,2025-02-18 14:31:04.316,55,false,0.0,4214.103,4372.051,4095.897,4185.897,4232.436
1739917864.3244,2025-02-18 14:31:04.324,56,false,0.0,4215.897,4367.051,4077.692,4186.539,4241.539
1739917864.3322,2025-02-18 14:31:04.332,57,false,0.0,4223.974,4357.051,4071.41,4188.846,4238.846
1739917864.34,2025-02-18 14:31:04.340,58,false,0.0,4231.795,4366.539,4085.128,4199.359,4240.128
1739917864.3478,2025-02-18 14:31:04.347,59,false,0.0,4220.769,4360.256,4081.795,4188.974,4237.308
1739917864.3556,2025-02-18 14:31:04.355,60,false,0.0,4217.308,4350.769,4079.103,4183.461,4236.667
1739917864.3634,2025-02-18 14:31:04.363,61,false,0.0,4226.667,4365.513,4089.744,4190.641,4241.026
1739917864.3713,2025-02-18 14:31:04.371,62,false,0.0,4223.077,4371.026,4090.641,4182.949,4238.846
1739917864.3791,2025-02-18 14:31:04.379,63,false,0.0,4224.231,4356.667,4088.461,4181.923,4243.077
1739917864.3869,2025-02-18 14:31:04.386,64,false,0.0,4235.897,4354.744,4087.051,4189.615,4247.82
1739917864.3947,2025-02-18 14:31:04.394,65,false,0.0,4227.564,4361.539,4080.385,4176.41,4233.333
1739917864.4025,2025-02-18 14:31:04.402,66,false,0.0,4215.897,4358.333,4084.359,4171.923,4226.795
1739917864.4103,2025-02-18 14:31:04.410,67,false,0.0,4221.282,4353.59,4085.385,4184.487,4235.513
1739917864.4181,2025-02-18 14:31:04.418,68,false,0.0,4221.282,4357.82,4070.256,4177.18,4230.769
1739917864.4259,2025-02-18 14:31:04.425,69,false,0.0,4219.744,4365.513,4070.256,4171.41,4227.564
1739917864.4338,2025-02-18 14:31:04.433,70,false,0.0,4224.615,4363.846,4074.744,4182.308,4236.923
1739917864.4416,2025-02-18 14:31:04.441,71,false,0.0,4220.128,4351.923,4057.564,4177.82,4235.256
1739917864.4494,2025-02-18 14:31:04.449,72,false,0.0,4220.128,4344.872,4052.949,4169.487,4231.539
1739917864.4572,2025-02-18 14:31:04.457,73,false,0.0,4229.487,4348.974,4066.539,4172.18,4235.385
1739917864.465,2025-02-18 14:31:04.465,74,false,0.0,4228.974,4359.615,4070.256,4171.667,4238.718
1739917864.4728,2025-02-18 14:31:04.472,75,false,0.0,4232.18,4367.82,4079.359,4179.231,4249.615
1739917864.4806,2025-02-18 14:31:04.480,76,false,0.0,4235.256,4361.41,4086.282,4183.718,4248.333
1739917864.4884,2025-02-18 14:31:04.488,77,false,0.0,4214.359,4351.282,4068.205,4164.872,4221.795
1739917864.4963,2025-02-18 14:31:04.496,78,false,0.0,4205.769,4353.59,4060.641,4164.872,4222.18
1739917864.5041,2025-02-18 14:31:04.504,79,false,0.0,4226.41,4350.513,4070.641,4188.846,4250.641
1739917864.5119,2025-02-18 14:31:04.511,80,false,0.0,4226.795,4341.154,4064.103,4185.897,4244.487
1739917864.5197,2025-02-18 14:31:04.519,81,false,0.0,4209.744,4351.026,4059.872,4171.41,4215.641
1739917864.5275,2025-02-18 14:31:04.527,82,false,0.0,4208.846,4361.154,4070.641,4173.846,4208.077
1739917864.5353,2025-02-18 14:31:04.535,83,false,0.0,4207.308,4348.077,4069.744,4173.846,4211.282
1739917864.5431,2025-02-18 14:31:04.543,84,false,0.0,4205.897,4342.692,4070.0,4176.923,4218.59
1739917864.5509,2025-02-18 14:31:04.550,85,false,0.0,4222.051,4354.744,4083.077,4189.103,4231.154
1739917864.5588,2025-02-18 14:31:04.558,86,false,0.0,4230.769,4357.692,4081.795,4185.769,4232.051
1739917864.5666,2025-02-18 14:31:04.566,87,false,0.0,4224.487,4358.718,4072.179,4178.333,4229.103
1739917864.5744,2025-02-18 14:31:04.574,88,false,0.0,4224.487,4367.564,4074.615,4180.897,4232.564
1739917864.5822,2025-02-18 14:31:04.582,89,false,0.0,4220.385,4355.897,4076.795,4174.872,4224.231
1739917864.59,2025-02-18 14:31:04.590,90,false,0.0,4211.667,4330.385,4078.205,4172.051,4212.949
1739917864.5978,2025-02-18 14:31:04.597,91,false,0.0,4223.846,4342.82,4089.231,4183.718,4225.256
1739917864.6056,2025-02-18 14:31:04.605,92,false,0.0,4239.615,4383.205,4095.256,4179.744,4240.641
1739917864.6134,2025-02-18 14:31:04.613,93,false,0.0,4231.667,4383.59,4088.205,4165.385,4231.41
1739917864.6213,2025-02-18 14:31:04.621,94,false,0.0,4223.333,4346.795,4079.359,4172.692,4216.026
1739917864.6291,2025-02-18 14:31:04.629,95,false,0.0,4229.231,4339.487,4072.564,4181.667,4214.359
1739917864.6369,2025-02-18 14:31:04.636,96,false,0.0,4228.846,4361.539,4070.385,4171.026,4219.231
1739917864.6447,2025-02-18 14:31:04.644,97,false,0.0,4223.333,4363.205,4078.974,4164.615,4225.385
1739917864.6525,2025-02-18 14:31:04.652,98,false,0.0,4227.436,4354.359,4090.513,4171.539,4229.231
1739917864.6603,2025-02-18 14:31:04.660,99,false,0.0,4232.18,4364.359,4091.539,4174.872,4223.077
1739917864.6681,2025-02-18 14:31:04.668,100,false,0.0,4232.564,4369.103,4085.128,4171.667,4219.103
1739917864.6759,2025-02-18 14:31:04.675,101,false,0.0,4232.82,4354.359,4080.385,4164.872,4228.205
1739917864.6838,2025-02-18 14:31:04.683,102,false,0.0,4224.487,4345.769,4073.846,4154.231,4227.692
1739917864.6916,2025-02-18 14:31:04.691,103,false,0.0,4216.795,4352.436,4066.282,4153.846,4217.051
1739917864.6994,2025-02-18 14:31:04.699,104,false,0.0,4232.18,4366.282,4074.744,4172.82,4228.846
1739917864.7072,2025-02-18 14:31:04.707,105,false,0.0,4245.513,4376.795,4089.872,4185.513,4244.359
1739917864.715,2025-02-18 14:31:04.715,106,false,0.0,4226.667,4368.59,4082.308,4172.051,4224.615
1739917864.7228,2025-02-18 14:31:04.722,107,false,0.0,4209.872,4358.077,4070.897,4159.744,4203.461
1739917864.7306,2025-02-18 14:31:04.730,108,false,0.0,4225.385,4368.461,4085.641,4171.923,4218.59
1739917864.7384,2025-02-18 14:31:04.738,109,false,0.0,4242.949,4373.59,4101.026,4184.615,4240.641
1739917864.7463,2025-02-18 14:31:04.746,110,false,0.0,4242.692,4361.154,4097.949,4182.051,4245.128
1739917864.7541,2025-02-18 14:31:04.754,111,false,0.0,4234.615,4357.692,4091.539,4175.385,4237.949
1739917864.7619,2025-02-18 14:31:04.761,112,false,0.0,4219.872,4357.308,4077.436,4166.923,4220.641
1739917864.7697,2025-02-18 14:31:04.769,113,false,0.0,4209.487,4356.795,4061.923,4165.0,4208.846
1739917864.7775,2025-02-18 14:31:04.777,114,false,0.0,4216.923,4370.0,4069.359,4177.18,4215.128
1739917864.7853,2025-02-18 14:31:04.785,115,false,0.0,4226.539,4366.667,4080.128,4179.744,4220.769
1739917864.7931,2025-02-18 14:31:04.793,116,false,0.0,4228.974,4342.82,4073.205,4168.461,4221.539
1739917864.8009,2025-02-18 14:31:04.800,117,false,0.0,4226.282,4342.82,4067.179,4163.974,4223.333
1739917864.8088,2025-02-18 14:31:04.808,118,false,0.0,4214.103,4353.077,4065.128,4157.18,4215.897
1739917864.8166,2025-02-18 14:31:04.816,119,false,0.0,4214.103,4355.0,4069.487,4153.718,4218.077
1739917864.8244,2025-02-18 14:31:04.824,120,false,0.0,4238.718,4372.18,4092.051,4176.923,4244.615
1739917864.8322,2025-02-18 14:31:04.832,121,false,0.0,4243.59,4376.667,4100.769,4191.795,4252.18
1739917864.84,2025-02-18 14:31:04.840,122,false,0.0,4220.385,4356.667,4077.436,4172.18,4228.974
1739917864.8478,2025-02-18 14:31:04.847,123,false,0.0,4211.923,4360.769,4063.461,4158.461,4216.026
1739917864.8556,2025-02-18 14:31:04.855,124,false,0.0,4212.308,4363.846,4066.923,4161.667,4216.282
1739917864.8634,2025-02-18 14:31:04.863,125,false,0.0,4205.128,4336.282,4065.128,4165.385,4218.974
1739917864.8713,2025-02-18 14:31:04.871,126,false,0.0,4214.103,4336.026,4069.872,4176.667,4232.18
1739917864.8791,2025-02-18 14:31:04.879,127,false,0.0,4231.026,4362.436,4083.59,4178.461,4241.026
1739917864.8869,2025-02-18 14:31:04.886,0,false,0.0,4232.18,4368.333,4088.718,4163.59,4241.026
1739917864.8947,2025-02-18 14:31:04.894,1,false,0.0,4231.282,4370.128,4087.821,4165.641,4248.461
1739917864.9025,2025-02-18 14:31:04.902,2,false,0.0,4230.385,4368.718,4081.539,4171.154,4248.333
1739917864.9103,2025-02-18 14:31:04.910,3,false,0.0,4222.436,4356.923,4072.949,4156.923,4237.692
1739917864.9181,2025-02-18 14:31:04.918,4,false,0.0,4222.051,4363.205,4078.205,4161.667,4242.692
1739917864.9259,2025-02-18 14:31:04.925,5,false,0.0,4224.744,4361.154,4086.667,4184.872,4248.205
1739917864.9338,2025-02-18 14:31:04.933,6,false,0.0,4221.795,4337.308,4083.974,4182.564,4235.769
1739917864.9416,2025-02-18 14:31:04.941,7,false,0.0,4227.82,4350.0,4085.0,4172.949,4231.154
1739917864.9494,2025-02-18 14:31:04.949,8,false,0.0,4235.897,4377.949,4091.154,4178.846,4240.769
1739917864.9572,2025-02-18 14:31:04.957,9,false,0.0,4236.923,4369.487,4091.282,4180.641,4247.436
1739917864.965,2025-02-18 14:31:04.965,10,false,0.0,4245.769,4368.974,4093.077,4180.513,4251.026
1739917864.9728,2025-02-18 14:31:04.972,11,false,0.0,4250.513,4383.59,4095.769,4179.872,4245.769
1739917864.9806,2025-02-18 14:31:04.980,12,false,0.0,4232.18,4365.897,4086.41,4162.308,4231.026
1739917864.9884,2025-02-18 14:31:04.988,13,false,0.0,4216.539,4342.436,4073.077,4147.692,4228.333
1739917864.9963,2025-02-18 14:31:04.996,14,false,0.0,4224.487,4347.051,4073.205,4158.205,4239.744
1739917865.0041,2025-02-18 14:31:05.004,15,false,0.0,4238.59,4361.923,4085.256,4172.051,4245.641
1739917865.0119,2025-02-18 14:31:05.011,16,false,0.0,4244.103,4372.82,4092.949,4172.949,4242.692
1739917865.0197,2025-02-18 14:31:05.019,17,false,0.0,4243.718,4373.974,4094.359,4175.385,4242.18
1739917865.0275,2025-02-18 14:31:05.027,18,false,0.0,4241.923,4371.539,4097.692,4185.256,4247.308
1739917865.0353,2025-02-18 14:31:05.035,19,false,0.0,4235.385,4372.82,4091.923,4183.077,4245.641
1739917865.0431,2025-02-18 14:31:05.043,20,false,0.0,4221.923,4359.231,4075.897,4161.923,4231.41
1739917865.0509,2025-02-18 14:31:05.050,21,false,0.0,4214.103,4340.128,4075.0,4149.872,4224.359
1739917865.0588,2025-02-18 14:31:05.058,22,false,0.0,4220.897,4342.436,4087.308,4163.461,4236.539
1739917865.0666,2025-02-18 14:31:05.066,23,false,0.0,4232.308,4355.385,4096.026,4181.41,4250.513
1739917865.0744,2025-02-18 14:31:05.074,24,false,0.0,4237.18,4372.436,4105.0,4188.205,4248.846
1739917865.0822,2025-02-18 14:31:05.082,25,false,0.0,4227.564,4379.487,4100.769,4181.41,4230.256
1739917865.09,2025-02-18 14:31:05.090,26,false,0.0,4212.051,4354.615,4083.461,4169.103,4217.436
1739917865.0978,2025-02-18 14:31:05.097,27,false,0.0,4217.82,4349.359,4095.769,4177.692,4237.436
1739917865.1056,2025-02-18 14:31:05.105,28,false,0.0,4238.333,4382.82,4124.872,4200.897,4267.18
1739917865.1134,2025-02-18 14:31:05.113,29,false,0.0,4246.667,4378.077,4123.333,4201.539,4269.872
1739917865.1213,2025-02-18 14:31:05.121,30,false,0.0,4250.385,4344.872,4116.41,4188.461,4264.231
1739917865.1291,2025-02-18 14:31:05.129,31,false,0.0,4248.077,4344.872,4119.103,4180.769,4265.897
1739917865.1369,2025-02-18 14:31:05.136,32,false,0.0,4225.128,4342.051,4099.231,4165.897,4251.539
1739917865.1447,2025-02-18 14:31:05.144,33,false,0.0,4213.974,4334.487,4083.205,4156.923,4228.59
1739917865.1525,2025-02-18 14:31:05.152,34,false,0.0,4232.564,4362.308,4100.641,4166.539,4223.846
1739917865.1603,2025-02-18 14:31:05.160,35,false,0.0,4239.615,4368.974,4109.359,4167.692,4230.513
1739917865.1681,2025-02-18 14:31:05.168,36,false,0.0,4226.154,4332.051,4097.436,4158.077,4238.333
1739917865.1759,2025-02-18 14:31:05.175,37,false,0.0,4218.205,4317.436,4089.872,4155.256,4236.795
1739917865.1838,2025-02-18 14:31:05.183,38,false,0.0,4211.282,4321.923,4081.795,4150.385,4214.615
1739917865.1916,2025-02-18 14:31:05.191,39,false,0.0,4212.308,4328.333,4085.513,4152.949,4207.82
1739917865.1994,2025-02-18 14:31:05.199,40,false,0.0,4236.923,4361.539,4114.231,4175.128,4244.744
1739917865.2072,2025-02-18 14:31:05.207,41,false,0.0,4252.564,4373.974,4124.103,4185.769,4268.846
1739917865.215,2025-02-18 14:31:05.215,42,false,0.0,4239.744,4335.897,4102.82,4175.897,4246.667
1739917865.2228,2025-02-18 14:31:05.222,43,false,0.0,4230.256,4326.026,4093.718,4172.18,4232.692
1739917865.2306,2025-02-18 14:31:05.230,44,false,0.0,4228.974,4354.231,4094.487,4170.513,4246.923
1739917865.2384,2025-02-18 14:31:05.238,45,false,0.0,4220.128,4354.359,4087.564,4165.897,4250.513
1739917865.2463,2025-02-18 14:31:05.246,46,false,0.0,4220.0,4347.18,4095.641,4174.744,4242.82
1739917865.2541,2025-02-18 14:31:05.254,47,false,0.0,4227.18,4362.18,4106.154,4178.59,4237.436
1739917865.2619,2025-02-18 14:31:05.261,48,false,0.0,4214.615,4360.897,4087.051,4156.154,4224.231
1739917865.2697,2025-02-18 14:31:05.269,49,false,0.0,4200.256,4347.692,4070.128,4142.82,4217.436
1739917865.2775,2025-02-18 14:31:05.277,50,false,0.0,4211.795,4351.282,4080.769,4158.59,4229.615
1739917865.2853,2025-02-18 14:31:05.285,51,false,0.0,4225.256,4345.385,4084.231,4165.513,4231.282
1739917865.2931,2025-02-18 14:31:05.293,52,false,0.0,4225.385,4330.385,4077.436,4154.487,4221.41
1739917865.3009,2025-02-18 14:31:05.300,53,false,0.0,4232.949,4346.923,4091.795,4160.641,4233.205
1739917865.3088,2025-02-18 14:31:05.308,54,false,0.0,4245.769,4377.82,4112.82,4182.051,4254.231
1739917865.3166,2025-02-18 14:31:05.316,55,false,0.0,4245.0,4381.667,4111.41,4185.769,4252.82
1739917865.3244,2025-02-18 14:31:05.324,56,false,0.0,4233.718,4362.564,4094.359,4171.795,4232.82
1739917865.3322,2025-02-18 14:31:05.332,57,false,0.0,4224.359,4344.487,4081.795,4164.615,4216.282
1739917865.34,2025-02-18 14:31:05.340,58,false,0.0,4227.564,4344.744,4087.051,4173.205,4224.103
1739917865.3478,2025-02-18 14:31:05.347,59,false,0.0,4238.077,4359.231,4100.256,4184.744,4246.923
1739917865.3556,2025-02-18 14:31:05.355,60,false,0.0,4237.18,4366.539,4098.718,4184.103,4246.923
1739917865.3634,2025-02-18 14:31:05.363,61,false,0.0,4231.282,4366.795,4095.641,4176.41,4232.051
1739917865.3713,2025-02-18 14:31:05.371,62,false,0.0,4238.59,4370.513,4110.513,4177.051,4241.41
1739917865.3791,2025-02-18 14:31:05.379,63,false,0.0,4244.615,4372.564,4119.487,4185.385,4260.513
1739917865.3869,2025-02-18 14:31:05.386,64,false,0.0,4238.333,4372.18,4108.974,4190.897,4258.461
1739917865.3947,2025-02-18 14:31:05.394,65,false,0.0,4235.385,4366.795,4098.974,4188.077,4245.0
1739917865.4025,2025-02-18 14:31:05.402,66,false,0.0,4241.923,4362.436,4101.539,4183.077,4242.051
1739917865.4103,2025-02-18 14:31:05.410,67,false,0.0,4261.539,4387.308,4126.282,4199.487,4267.82
1739917865.4181,2025-02-18 14:31:05.418,68,false,0.0,4301.41,4425.769,4171.154,4242.18,4318.205
1739917865.4259,2025-02-18 14:31:05.425,69,false,0.0,4338.59,4439.487,4198.974,4273.205,4349.872
1739917865.4338,2025-02-18 14:31:05.433,70,false,0.0,4341.795,4447.949,4192.949,4269.872,4343.846
1739917865.4416,2025-02-18 14:31:05.441,71,false,0.0,4320.385,4450.513,4178.461,4254.872,4330.641
1739917865.4494,2025-02-18 14:31:05.449,72,false,0.0,4306.539,4416.667,4170.385,4249.615,4327.18
1739917865.4572,2025-02-18 14:31:05.457,73,false,0.0,4312.436,4401.539,4171.667,4252.692,4325.128
1739917865.465,2025-02-18 14:31:05.465,74,false,0.0,4319.744,4439.615,4183.846,4257.308,4321.154
1739917865.4728,2025-02-18 14:31:05.472,75,false,0.0,4309.231,4452.308,4190.385,4252.949,4312.436
1739917865.4806,2025-02-18 14:31:05.480,76,false,0.0,4289.103,4415.256,4175.385,4237.051,4296.667
1739917865.4884,2025-02-18 14:31:05.488,77,false,0.0,4277.436,4394.231,4150.641,4225.385,4281.539
1739917865.4963,2025-02-18 14:31:05.496,78,false,0.0,4280.641,4410.128,4142.564,4227.692,4277.82
1739917865.5041,2025-02-18 14:31:05.504,79,false,0.0,4290.897,4430.897,4156.923,4232.949,4285.128
1739917865.5119,2025-02-18 14:31:05.511,80,false,0.0,4289.615,4420.513,4163.718,4229.487,4288.59
1739917865.5197,2025-02-18 14:31:05.519,81,false,0.0,4275.385,4391.154,4148.59,4219.872,4282.692
1739917865.5275,2025-02-18 14:31:05.527,82,false,0.0,4269.231,4398.205,4140.513,4212.18,4277.949
1739917865.5353,2025-02-18 14:31:05.535,83,false,0.0,4272.692,4419.744,4150.128,4211.282,4275.769
1739917865.5431,2025-02-18 14:31:05.543,84,false,0.0,4272.308,4402.308,4156.026,4217.949,4277.308
1739917865.5509,2025-02-18 14:31:05.550,85,false,0.0,4271.154,4388.205,4153.077,4222.82,4285.256
1739917865.5588,2025-02-18 14:31:05.558,86,false,0.0,4269.615,4397.82,4146.026,4216.795,4284.872
1739917865.5666,2025-02-18 14:31:05.566,87,false,0.0,4261.282,4387.18,4134.487,4207.82,4276.41
1739917865.5744,2025-02-18 14:31:05.574,88,false,0.0,4255.256,4378.974,4127.051,4205.0,4276.923
1739917865.5822,2025-02-18 14:31:05.582,89,false,0.0,4255.769,4390.769,4129.487,4205.0,4276.154
1739917865.59,2025-02-18 14:31:05.590,90,false,0.0,4257.308,4385.385,4140.385,4208.718,4271.795
1739917865.5978,2025-02-18 14:31:05.597,91,false,0.0,4258.974,4378.718,4152.564,4216.41,4284.872
1739917865.6056,2025-02-18 14:31:05.605,92,false,0.0,4257.051,4382.82,4146.795,4215.513,4293.077
1739917865.6134,2025-02-18 14:31:05.613,93,false,0.0,4254.231,4373.461,4130.897,4207.82,4276.923
1739917865.6213,2025-02-18 14:31:05.621,94,false,0.0,4258.718,4376.795,4131.923,4207.564,4274.359
1739917865.6291,2025-02-18 14:31:05.629,95,false,0.0,4260.128,4394.487,4136.41,4211.026,4287.18
1739917865.6369,2025-02-18 14:31:05.636,96,false,0.0,4257.051,4390.513,4132.308,4211.923,4280.128
1739917865.6447,2025-02-18 14:31:05.644,97,false,0.0,4265.0,4390.513,4139.872,4212.051,4273.974
1739917865.6525,2025-02-18 14:31:05.652,98,false,0.0,4270.385,4398.846,4145.0,4206.41,4286.41
1739917865.6603,2025-02-18 14:31:05.660,99,false,0.0,4264.487,4385.769,4132.18,4202.436,4289.615
1739917865.6681,2025-02-18 14:31:05.668,100,false,0.0,4268.974,4384.487,4132.692,4213.333,4283.205
1739917865.6759,2025-02-18 14:31:05.675,101,false,0.0,4271.923,4396.667,4144.615,4220.769,4279.615
1739917865.6838,2025-02-18 14:31:05.683,102,false,0.0,4254.231,4383.333,4138.59,4212.308,4272.564
1739917865.6916,2025-02-18 14:31:05.691,103,false,0.0,4248.205,4376.282,4132.82,4210.385,4274.103
1739917865.6994,2025-02-18 14:31:05.699,104,false,0.0,4262.564,4386.795,4135.897,4215.385,4284.744
1739917865.7072,2025-02-18 14:31:05.707,105,false,0.0,4260.897,4380.385,4123.333,4206.923,4279.231
1739917865.715,2025-02-18 14:31:05.715,106,false,0.0,4247.051,4379.103,4109.103,4196.154,4269.872
1739917865.7228,2025-02-18 14:31:05.722,107,false,0.0,4246.154,4384.744,4116.154,4198.461,4275.769
1739917865.7306,2025-02-18 14:31:05.730,108,false,0.0,4252.82,4369.615,4126.667,4205.897,4278.461
1739917865.7384,2025-02-18 14:31:05.738,109,false,0.0,4257.692,4368.59,4127.949,4212.82,4275.897
1739917865.7463,2025-02-18 14:31:05.746,110,false,0.0,4257.692,4388.461,4126.923,4215.513,4279.744
1739917865.7541,2025-02-18 14:31:05.754,111,false,0.0,4247.308,4385.128,4124.231,4206.026,4276.539
1739917865.7619,2025-02-18 14:31:05.761,112,false,0.0,4235.128,4368.974,4117.949,4194.231,4261.795
1739917865.7697,2025-02-18 14:31:05.769,113,false,0.0,4231.667,4357.436,4109.231,4196.026,4249.744
1739917865.7775,2025-02-18 14:31:05.777,114,false,0.0,4231.795,4346.41,4103.205,4202.308,4244.359
1739917865.7853,2025-02-18 14:31:05.785,115,false,0.0,4232.051,4354.359,4110.641,4201.667,4246.795
1739917865.7931,2025-02-18 14:31:05.793,116,false,0.0,4238.461,4370.0,4131.539,4205.0,4260.256
1739917865.8009,2025-02-18 14:31:05.800,117,false,0.0,4249.103,4372.18,4145.641,4215.641,4273.59
1739917865.8088,2025-02-18 14:31:05.808,118,false,0.0,4252.949,4383.718,4137.564,4217.051,4275.0
1739917865.8166,2025-02-18 14:31:05.816,119,false,0.0,4248.718,4395.641,4119.231,4208.59,4270.0
1739917865.8244,2025-02-18 14:31:05.824,120,false,0.0,4243.461,4381.282,4109.615,4201.795,4265.0
1739917865.8322,2025-02-18 14:31:05.832,121,false,0.0,4236.539,4370.769,4107.692,4197.564,4255.641
1739917865.84,2025-02-18 14:31:05.840,122,false,0.0,4232.564,4374.231,4106.41,4199.103,4250.513
1739917865.8478,2025-02-18 14:31:05.847,123,false,0.0,4240.769,4365.385,4106.923,4206.795,4260.769
1739917865.8556,2025-02-18 14:31:05.855,124,false,0.0,4251.026,4362.82,4111.282,4209.359,4268.846
1739917865.8634,2025-02-18 14:31:05.863,125,false,0.0,4253.205,4380.513,4122.436,4212.949,4266.154
1739917865.8713,2025-02-18 14:31:05.871,126,false,0.0,4251.41,4388.59,4128.205,4217.051,4265.385
1739917865.8791,2025-02-18 14:31:05.879,127,false,0.0,4241.539,4383.333,4111.795,4199.615,4256.795
1739917865.8869,2025-02-18 14:31:05.886,0,false,0.0,4233.718,4379.487,4099.487,4178.974,4241.923
1739917865.8947,2025-02-18 14:31:05.894,1,false,0.0,4245.256,4371.539,4114.103,4188.59,4249.615
1739917865.9025,2025-02-18 14:31:05.902,2,false,0.0,4254.359,4367.564,4121.667,4203.974,4264.615
1739917865.9103,2025-02-18 14:31:05.910,3,false,0.0,4246.539,4377.436,4110.513,4203.718,4260.769
1739917865.9181,2025-02-18 14:31:05.918,4,false,0.0,4242.308,4380.641,4107.692,4206.154,4257.051
1739917865.9259,2025-02-18 14:31:05.925,5,false,0.0,4238.205,4372.692,4107.051,4208.974,4253.718
1739917865.9338,2025-02-18 14:31:05.933,6,false,0.0,4228.718,4372.564,4099.744,4205.256,4240.513
1739917865.9416,2025-02-18 14:31:05.941,7,false,0.0,4236.154,4376.923,4100.385,4208.205,4245.0
1739917865.9494,2025-02-18 14:31:05.949,8,false,0.0,4250.641,4379.615,4102.308,4212.692,4264.487
1739917865.9572,2025-02-18 14:31:05.957,9,false,0.0,4246.026,4385.128,4098.205,4205.769,4260.897
1739917865.965,2025-02-18 14:31:05.965,10,false,0.0,4233.846,4378.718,4098.718,4191.282,4240.513
1739917865.9728,2025-02-18 14:31:05.972,11,false,0.0,4229.872,4368.461,4106.282,4182.051,4232.949
1739917865.9806,2025-02-18 14:31:05.980,12,false,0.0,4233.077,4383.974,4114.744,4188.59,4239.615
1739917865.9884,2025-02-18 14:31:05.988,13,false,0.0,4236.026,4397.18,4112.308,4197.564,4244.103
1739917865.9963,2025-02-18 14:31:05.996,14,false,0.0,4234.744,4380.513,4099.744,4193.846,4242.949
1739917866.0041,2025-02-18 14:31:06.004,15,false,0.0,4242.692,4375.641,4103.461,4195.128,4252.051
1739917866.0119,2025-02-18 14:31:06.011,16,false,0.0,4257.051,4385.769,4116.41,4203.59,4266.667
1739917866.0197,2025-02-18 14:31:06.019,17,false,0.0,4252.436,4371.41,4110.897,4201.026,4263.974
1739917866.0275,2025-02-18 14:31:06.027,18,false,0.0,4240.769,4359.231,4105.0,4199.487,4254.872
1739917866.0353,2025-02-18 14:31:06.035,19,false,0.0,4240.513,4377.949,4109.872,4200.513,4252.82
1739917866.0431,2025-02-18 14:31:06.043,20,false,0.0,4235.769,4391.282,4110.0,4188.461,4244.359
1739917866.0509,2025-02-18 14:31:06.050,21,false,0.0,4233.333,4383.333,4115.769,4184.872,4239.231
1739917866.0588,2025-02-18 14:31:06.058,22,false,0.0,4247.18,4376.923,4127.82,4201.923,4252.949
1739917866.0666,2025-02-18 14:31:06.066,23,false,0.0,4252.949,4380.128,4127.436,4212.18,4263.59
1739917866.0744,2025-02-18 14:31:06.074,24,false,0.0,4244.615,4384.487,4123.077,4207.051,4258.59
1739917866.0822,2025-02-18 14:31:06.082,25,false,0.0,4240.897,4378.461,4114.744,4197.692,4250.0
1739917866.09,2025-02-18 14:31:06.090,26,false,0.0,4240.641,4364.615,4099.487,4195.769,4246.154
1739917866.0978,2025-02-18 14:31:06.097,27,false,0.0,4241.923,4355.897,4100.256,4206.154,4250.513
1739917866.1056,2025-02-18 14:31:06.105,28,false,0.0,4242.436,4351.41,4108.718,4207.308,4252.564
1739917866.1134,2025-02-18 14:31:06.113,29,false,0.0,4234.487,4360.128,4104.359,4193.333,4243.461
1739917866.1213,2025-02-18 14:31:06.121,30,false,0.0,4228.718,4380.385,4104.359,4190.128,4235.513
1739917866.1291,2025-02-18 14:31:06.129,31,false,0.0,4226.539,4368.718,4108.077,4192.308,4232.564
1739917866.1369,2025-02-18 14:31:06.136,32,false,0.0,4218.59,4338.461,4106.026,4188.718,4232.308
1739917866.1447,2025-02-18 14:31:06.144,33,false,0.0,4217.949,4352.564,4110.128,4192.82,4237.949
1739917866.1525,2025-02-18 14:31:06.152,34,false,0.0,4225.641,4377.436,4108.077,4191.154,4233.59
1739917866.1603,2025-02-18 14:31:06.160,35,false,0.0,4228.718,4359.615,4095.385,4179.231,4220.769
1739917866.1681,2025-02-18 14:31:06.168,36,false,0.0,4233.974,4344.744,4095.385,4182.564,4225.385
1739917866.1759,2025-02-18 14:31:06.175,37,false,0.0,4234.103,4356.667,4092.308,4184.615,4230.0
1739917866.1838,2025-02-18 14:31:06.183,38,false,0.0,4223.718,4360.128,4085.128,4174.744,4221.923
1739917866.1916,2025-02-18 14:31:06.191,39,false,0.0,4229.615,4362.051,4103.846,4183.846,4233.077
1739917866.1994,2025-02-18 14:31:06.199,40,false,0.0,4242.051,4371.795,4115.0,4193.333,4248.077
1739917866.2072,2025-02-18 14:31:06.207,41,false,0.0,4232.564,4370.385,4094.103,4177.692,4234.744
1739917866.215,2025-02-18 14:31:06.215,42,false,0.0,4227.051,4366.667,4088.59,4172.692,4225.641
1739917866.2228,2025-02-18 14:31:06.222,43,false,0.0,4231.667,4366.667,4096.667,4179.744,4231.923
1739917866.2306,2025-02-18 14:31:06.230,44,false,0.0,4220.897,4360.128,4095.0,4176.667,4227.436
1739917866.2384,2025-02-18 14:31:06.238,45,false,0.0,4216.795,4356.282,4106.667,4187.82,4228.974
1739917866.2463,2025-02-18 14:31:06.246,46,false,0.0,4227.564,4355.0,4111.667,4200.128,4238.718
1739917866.2541,2025-02-18 14:31:06.254,47,false,0.0,4222.564,4352.949,4093.461,4183.59,4232.82
1739917866.2619,2025-02-18 14:31:06.261,48,false,0.0,4220.0,4370.513,4102.436,4180.256,4235.385
1739917866.2697,2025-02-18 14:31:06.269,49,false,0.0,4233.333,4391.923,4123.718,4198.461,4252.436
1739917866.2775,2025-02-18 14:31:06.277,50,false,0.0,4227.949,4377.82,4106.41,4192.051,4246.923
1739917866.2853,2025-02-18 14:31:06.285,51,false,0.0,4216.41,4355.256,4091.154,4183.205,4232.308
1739917866.2931,2025-02-18 14:31:06.293,52,false,0.0,4221.923,4361.539,4099.103,4191.282,4230.128
1739917866.3009,2025-02-18 14:31:06.300,53,false,0.0,4215.641,4368.59,4092.051,4178.974,4222.692
1739917866.3088,2025-02-18 14:31:06.308,54,false,0.0,4209.359,4360.769,4088.59,4166.795,4225.897
1739917866.3166,2025-02-18 14:31:06.316,55,false,0.0,4236.282,4365.897,4105.128,4183.333,4252.82
1739917866.3244,2025-02-18 14:31:06.324,56,false,0.0,4250.0,4374.103,4101.282,4183.205,4257.436
1739917866.3322,2025-02-18 14:31:06.332,57,false,0.0,4226.539,4357.051,4086.026,4166.41,4235.0
1739917866.34,2025-02-18 14:31:06.340,58,false,0.0,4220.256,4339.615,4096.282,4181.667,4230.513
1739917866.3478,2025-02-18 14:31:06.347,59,false,0.0,4233.59,4342.436,4104.103,4202.051,4236.539
1739917866.3556,2025-02-18 14:31:06.355,60,false,0.0,4231.539,4346.923,4093.333,4194.487,4232.308
1739917866.3634,2025-02-18 14:31:06.363,61,false,0.0,4235.641,4358.205,4098.333,4190.769,4240.385
1739917866.3713,2025-02-18 14:31:06.371,62,false,0.0,4248.461,4378.846,4108.846,4196.41,4253.205
1739917866.3791,2025-02-18 14:31:06.379,63,false,0.0,4237.051,4375.513,4092.308,4187.82,4239.615
1739917866.3869,2025-02-18 14:31:06.386,64,false,0.0,4227.051,4357.564,4078.461,4177.18,4227.949
1739917866.3947,2025-02-18 14:31:06.394,65,false,0.0,4239.231,4356.667,4087.436,4174.615,4244.615
1739917866.4025,2025-02-18 14:31:06.402,66,false,0.0,4233.077,4354.359,4080.0,4168.205,4246.923
1739917866.4103,2025-02-18 14:31:06.410,67,false,0.0,4216.923,4345.256,4062.564,4166.795,4227.308
1739917866.4181,2025-02-18 14:31:06.418,68,false,0.0,4232.949,4356.41,4076.282,4181.795,4237.308
1739917866.4259,2025-02-18 14:31:06.425,69,false,0.0,4247.949,4371.282,4093.077,4194.103,4259.744
1739917866.4338,2025-02-18 14:31:06.433,70,false,0.0,4235.128,4365.769,4087.821,4191.282,4248.205
1739917866.4416,2025-02-18 14:31:06.441,71,false,0.0,4233.077,4355.0,4093.718,4187.051,4236.923
1739917866.4494,2025-02-18 14:31:06.449,72,false,0.0,4238.718,4347.82,4100.769,4185.256,4249.231
1739917866.4572,2025-02-18 14:31:06.457,73,false,0.0,4224.231,4343.59,4081.923,4178.205,4248.846
1739917866.465,2025-02-18 14:31:06.465,74,false,0.0,4221.41,4348.333,4075.0,4177.82,4245.513
1739917866.4728,2025-02-18 14:31:06.472,75,false,0.0,4242.436,4349.744,4091.923,4187.308,4259.744
1739917866.4806,2025-02-18 14:31:06.480,76,false,0.0,4244.359,4335.897,4089.615,4180.513,4257.308
1739917866.4884,2025-02-18 14:31:06.488,77,false,0.0,4229.744,4329.231,4075.897,4161.923,4243.718
1739917866.4963,2025-02-18 14:31:06.496,78,false,0.0,4234.487,4349.744,4083.077,4165.0,4256.026
1739917866.5041,2025-02-18 14:31:06.504,79,false,0.0,4245.897,4370.897,4094.231,4178.205,4267.051
1739917866.5119,2025-02-18 14:31:06.511,80,false,0.0,4247.308,4367.692,4097.82,4178.205,4257.82
1739917866.5197,2025-02-18 14:31:06.519,81,false,0.0,4254.487,4370.385,4111.539,4187.564,4262.82
1739917866.5275,2025-02-18 14:31:06.527,82,false,0.0,4258.974,4386.795,4121.539,4205.385,4275.128
1739917866.5353,2025-02-18 14:31:06.535,83,false,0.0,4242.564,4368.205,4103.974,4197.82,4266.795
1739917866.5431,2025-02-18 14:31:06.543,84,false,0.0,4228.59,4334.487,4079.744,4177.949,4251.795
1739917866.5509,2025-02-18 14:31:06.550,85,false,0.0,4231.154,4346.923,4077.308,4173.718,4239.487
1739917866.5588,2025-02-18 14:31:06.558,86,false,0.0,4231.923,4364.487,4090.513,4179.103,4235.513
1739917866.5666,2025-02-18 14:31:06.566,87,false,0.0,4236.667,4348.718,4105.385,4191.154,4256.026
1739917866.5744,2025-02-18 14:31:06.574,88,false,0.0,4249.103,4350.769,4110.769,4198.974,4269.359
1739917866.5822,2025-02-18 14:31:06.582,89,false,0.0,4244.231,4366.795,4101.539,4181.795,4247.564
1739917866.59,2025-02-18 14:31:06.590,90,false,0.0,4236.154,4360.769,4101.282,4170.385,4240.385
1739917866.5978,2025-02-18 14:31:06.597,91,false,0.0,4250.513,4363.974,4120.128,4190.385,4264.103
1739917866.6056,2025-02-18 14:31:06.605,92,false,0.0,4255.513,4374.872,4122.436,4200.769,4267.051
1739917866.6134,2025-02-18 14:31:06.613,93,false,0.0,4244.103,4370.641,4110.385,4196.539,4258.333
1739917866.6213,2025-02-18 14:31:06.621,94,false,0.0,4255.513,4384.615,4119.487,4212.692,4275.897
1739917866.6291,2025-02-18 14:31:06.629,95,false,0.0,4267.18,4400.513,4124.103,4219.487,4283.846
1739917866.6369,2025-02-18 14:31:06.636,96,false,0.0,4245.641,4375.513,4099.872,4192.692,4263.077
1739917866.6447,2025-02-18 14:31:06.644,97,false,0.0,4230.897,4351.154,4087.821,4180.641,4255.641
1739917866.6525,2025-02-18 14:31:06.652,98,false,0.0,4239.359,4351.923,4094.103,4193.461,4260.641
1739917866.6603,2025-02-18 14:31:06.660,99,false,0.0,4240.385,4360.897,4091.41,4196.154,4251.41
1739917866.6681,2025-02-18 14:31:06.668,100,false,0.0,4241.41,4387.564,4097.308,4195.897,4251.539
1739917866.6759,2025-02-18 14:31:06.675,101,false,0.0,4249.103,4397.564,4108.974,4201.667,4271.795
1739917866.6838,2025-02-18 14:31:06.683,102,false,0.0,4242.051,4361.923,4092.179,4197.436,4276.539
1739917866.6916,2025-02-18 14:31:06.691,103,false,0.0,4232.564,4346.923,4072.436,4192.308,4258.974
1739917866.6994,2025-02-18 14:31:06.699,104,false,0.0,4238.59,4366.41,4083.077,4198.205,4247.18
1739917866.7072,2025-02-18 14:31:06.707,105,false,0.0,4244.872,4366.923,4098.333,4203.59,4251.923
1739917866.715,2025-02-18 14:31:06.715,106,false,0.0,4248.077,4365.897,4101.923,4202.82,4263.974
1739917866.7228,2025-02-18 14:31:06.722,107,false,0.0,4251.41,4378.461,4105.769,4195.0,4268.846
1739917866.7306,2025-02-18 14:31:06.730,108,false,0.0,4245.256,4376.41,4105.513,4183.718,4259.872
1739917866.7384,2025-02-18 14:31:06.738,109,false,0.0,4237.949,4371.923,4098.205,4181.923,4247.692
1739917866.7463,2025-02-18 14:31:06.746,110,false,0.0,4238.974,4371.795,4096.667,4188.077,4242.18
1739917866.7541,2025-02-18 14:31:06.754,111,false,0.0,4237.82,4369.231,4108.718,4194.487,4241.667
1739917866.7619,2025-02-18 14:31:06.761,112,false,0.0,4235.128,4384.744,4127.692,4204.103,4243.846
1739917866.7697,2025-02-18 14:31:06.769,113,false,0.0,4234.615,4387.436,4134.359,4208.205,4242.436
1739917866.7775,2025-02-18 14:31:06.777,114,false,0.0,4226.667,4350.256,4119.744,4197.692,4230.769
1739917866.7853,2025-02-18 14:31:06.785,115,false,0.0,4215.256,4332.436,4100.641,4183.333,4219.744
1739917866.7931,2025-02-18 14:31:06.793,116,false,0.0,4211.923,4342.308,4094.615,4175.513,4223.59
1739917866.8009,2025-02-18 14:31:06.800,117,false,0.0,4216.795,4337.308,4101.026,4181.282,4235.897
1739917866.8088,2025-02-18 14:31:06.808,118,false,0.0,4227.18,4350.769,4110.513,4197.18,4238.461
1739917866.8166,2025-02-18 14:31:06.816,119,false,0.0,4232.436,4384.103,4114.231,4198.718,4229.615
1739917866.8244,2025-02-18 14:31:06.824,120,false,0.0,4224.744,4375.0,4110.769,4182.564,4221.923
1739917866.8322,2025-02-18 14:31:06.832,121,false,0.0,4215.128,4348.205,4102.308,4170.769,4215.0
1739917866.84,2025-02-18 14:31:06.840,122,false,0.0,4212.82,4350.256,4091.667,4167.308,4206.026
1739917866.8478,2025-02-18 14:31:06.847,123,false,0.0,4213.974,4356.539,4089.615,4170.641,4207.436
1739917866.8556,2025-02-18 14:31:06.855,124,false,0.0,4214.487,4357.308,4099.487,4181.41,4212.949
1739917866.8634,2025-02-18 14:31:06.863,125,false,0.0,4210.128,4354.872,4107.82,4183.077,4208.461
1739917866.8713,2025-02-18 14:31:06.871,126,false,0.0,4208.333,4342.564,4113.974,4181.026,4215.0
1739917866.8791,2025-02-18 14:31:06.879,127,false,0.0,4223.077,4355.256,4127.18,4196.923,4237.051
1739917866.8869,2025-02-18 14:31:06.886,0,false,0.0,4240.128,4390.513,4137.436,4209.359,4242.18
1739917866.8947,2025-02-18 14:31:06.894,1,false,0.0,4235.769,4384.872,4133.333,4196.923,4234.359
1739917866.9025,2025-02-18 14:31:06.902,2,false,0.0,4214.231,4351.026,4118.205,4182.051,4227.308
1739917866.9103,2025-02-18 14:31:06.910,3,false,0.0,4193.333,4341.154,4099.744,4176.667,4205.128
1739917866.9181,2025-02-18 14:31:06.918,4,false,0.0,4190.0,4339.103,4096.667,4177.051,4190.769
1739917866.9259,2025-02-18 14:31:06.925,5,false,0.0,4207.436,4343.077,4118.461,4184.359,4211.026
1739917866.9338,2025-02-18 14:31:06.933,6,false,0.0,4216.026,4368.974,4132.051,4183.333,4223.205
1739917866.9416,2025-02-18 14:31:06.941,7,false,0.0,4200.385,4368.333,4115.641,4170.513,4208.205
1739917866.9494,2025-02-18 14:31:06.949,8,false,0.0,4190.513,4336.282,4101.923,4170.0,4205.0
1739917866.9572,2025-02-18 14:31:06.957,9,false,0.0,4198.59,4343.718,4108.333,4179.487,4211.539
1739917866.965,2025-02-18 14:31:06.965,10,false,0.0,4203.846,4371.667,4109.615,4183.333,4210.256
1739917866.9728,2025-02-18 14:31:06.972,11,false,0.0,4205.256,4357.949,4104.103,4193.333,4218.718
1739917866.9806,2025-02-18 14:31:06.980,12,false,0.0,4210.897,4345.0,4105.513,4203.205,4228.846
1739917866.9884,2025-02-18 14:31:06.988,13,false,0.0,4211.282,4361.667,4101.282,4188.077,4218.974
1739917866.9963,2025-02-18 14:31:06.996,14,false,0.0,4207.436,4360.256,4089.231,4165.513,4210.513
1739917867.0041,2025-02-18 14:31:07.004,15,false,0.0,4210.385,4351.154,4088.718,4163.59,4219.615
1739917867.0119,2025-02-18 14:31:07.011,16,false,0.0,4216.539,4361.41,4095.385,4170.0,4228.077
1739917867.0197,2025-02-18 14:31:07.019,17,false,0.0,4218.461,4356.923,4097.692,4168.59,4227.308
1739917867.0275,2025-02-18 14:31:07.027,18,false,0.0,4219.744,4348.974,4105.513,4170.128,4229.487
1739917867.0353,2025-02-18 14:31:07.035,19,false,0.0,4225.769,4368.59,4117.308,4185.513,4242.051
1739917867.0431,2025-02-18 14:31:07.043,20,false,0.0,4229.231,4375.256,4113.461,4197.308,4247.564
1739917867.0509,2025-02-18 14:31:07.050,21,false,0.0,4217.18,4359.103,4095.128,4183.59,4226.667
1739917867.0588,2025-02-18 14:31:07.058,22,false,0.0,4202.692,4357.82,4089.744,4166.41,4210.513
1739917867.0666,2025-02-18 14:31:07.066,23,false,0.0,4212.564,4358.974,4108.974,4177.692,4233.974
1739917867.0744,2025-02-18 14:31:07.074,24,false,0.0,4230.0,4354.487,4121.282,4192.82,4255.513
1739917867.0822,2025-02-18 14:31:07.082,25,false,0.0,4222.949,4361.667,4103.59,4181.282,4236.539
1739917867.09,2025-02-18 14:31:07.090,26,false,0.0,4209.231,4363.846,4088.333,4167.564,4220.128
1739917867.0978,2025-02-18 14:31:07.097,27,false,0.0,4210.769,4359.744,4095.641,4169.744,4228.974
1739917867.1056,2025-02-18 14:31:07.105,28,false,0.0,4209.615,4360.641,4095.513,4168.846,4225.256
1739917867.1134,2025-02-18 14:31:07.113,29,false,0.0,4204.359,4351.667,4088.461,4163.461,4211.41
1739917867.1213,2025-02-18 14:31:07.121,30,false,0.0,4215.641,4356.282,4100.256,4166.923,4220.0
1739917867.1291,2025-02-18 14:31:07.129,31,false,0.0,4229.103,4383.846,4110.513,4172.051,4234.872
1739917867.1369,2025-02-18 14:31:07.136,32,false,0.0,4222.308,4373.846,4101.026,4165.0,4228.974
1739917867.1447,2025-02-18 14:31:07.144,33,false,0.0,4207.308,4334.359,4093.333,4151.539,4211.41
1739917867.1525,2025-02-18 14:31:07.152,34,false,0.0,4203.333,4329.872,4094.231,4150.769,4202.308
1739917867.1603,2025-02-18 14:31:07.160,35,false,0.0,4211.282,4342.692,4096.154,4165.0,4213.59
1739917867.1681,2025-02-18 14:31:07.168,36,false,0.0,4216.795,4344.103,4098.59,4170.641,4233.077
1739917867.1759,2025-02-18 14:31:07.175,37,false,0.0,4209.487,4345.256,4091.539,4163.461,4230.769
1739917867.1838,2025-02-18 14:31:07.183,38,false,0.0,4207.18,4338.974,4082.949,4164.744,4213.077
1739917867.1916,2025-02-18 14:31:07.191,39,false,0.0,4220.0,4339.487,4094.615,4171.667,4211.923
1739917867.1994,2025-02-18 14:31:07.199,40,false,0.0,4224.359,4359.615,4108.718,4167.949,4223.077
1739917867.2072,2025-02-18 14:31:07.207,41,false,0.0,4217.82,4362.18,4105.0,4165.385,4227.436
1739917867.215,2025-02-18 14:31:07.215,42,false,0.0,4218.846,4349.103,4102.051,4172.949,4227.18
1739917867.2228,2025-02-18 14:31:07.222,43,false,0.0,4213.205,4342.051,4099.359,4174.487,4220.385
1739917867.2306,2025-02-18 14:31:07.230,44,false,0.0,4198.333,4328.333,4086.154,4169.744,4208.205
1739917867.2384,2025-02-18 14:31:07.238,45,false,0.0,4206.923,4341.795,4089.487,4176.026,4214.103
1739917867.2463,2025-02-18 14:31:07.246,46,false,0.0,4224.487,4382.692,4108.461,4185.897,4237.436
1739917867.2541,2025-02-18 14:31:07.254,47,false,0.0,4214.744,4363.461,4100.256,4181.667,4245.897
1739917867.2619,2025-02-18 14:31:07.261,48,false,0.0,4199.231,4317.949,4074.487,4171.795,4231.41
1739917867.2697,2025-02-18 14:31:07.269,49,false,0.0,4201.026,4333.718,4071.154,4170.0,4215.256
1739917867.2775,2025-02-18 14:31:07.277,50,false,0.0,4208.333,4346.667,4086.667,4177.18,4219.359
1739917867.2853,2025-02-18 14:31:07.285,51,false,0.0,4222.949,4334.103,4106.154,4195.513,4246.923
1739917867.2931,2025-02-18 14:31:07.293,52,false,0.0,4234.359,4360.897,4116.41,4209.872,4261.154
1739917867.3009,2025-02-18 14:31:07.300,53,false,0.0,4218.461,4366.154,4099.744,4196.41,4235.769
1739917867.3088,2025-02-18 14:31:07.308,54,false,0.0,4203.077,4323.846,4086.282,4177.82,4216.539
1739917867.3166,2025-02-18 14:31:07.316,55,false,0.0,4215.385,4336.026,4103.974,4182.82,4235.0
1739917867.3244,2025-02-18 14:31:07.324,56,false,0.0,4219.872,4370.513,4105.769,4185.128,4242.051
1739917867.3322,2025-02-18 14:31:07.332,57,false,0.0,4208.461,4350.256,4081.026,4173.59,4223.077
1739917867.34,2025-02-18 14:31:07.340,58,false,0.0,4217.308,4345.769,4087.949,4176.795,4227.18
1739917867.3478,2025-02-18 14:31:07.347,59,false,0.0,4229.615,4363.974,4106.667,4180.769,4242.18
1739917867.3556,2025-02-18 14:31:07.355,60,false,0.0,4206.026,4337.308,4082.308,4162.436,4220.128
1739917867.3634,2025-02-18 14:31:07.363,61,false,0.0,4177.051,4320.897,4059.615,4156.923,4192.051
1739917867.3713,2025-02-18 14:31:07.371,62,false,0.0,4186.923,4345.897,4078.205,4179.487,4204.872
1739917867.3791,2025-02-18 14:31:07.379,63,false,0.0,4208.846,4346.282,4092.051,4187.564,4227.564
1739917867.3869,2025-02-18 14:31:07.386,64,false,0.0,4210.385,4340.385,4090.0,4175.769,4228.846
1739917867.3947,2025-02-18 14:31:07.394,65,false,0.0,4216.667,4361.026,4104.615,4179.872,4234.615
1739917867.4025,2025-02-18 14:31:07.402,66,false,0.0,4233.846,4355.513,4113.077,4190.641,4248.718
1739917867.4103,2025-02-18 14:31:07.410,67,false,0.0,4227.692,4333.974,4090.897,4181.41,4241.41
1739917867.4181,2025-02-18 14:31:07.418,68,false,0.0,4213.718,4350.897,4079.359,4173.333,4227.436
1739917867.4259,2025-02-18 14:31:07.425,69,false,0.0,4224.103,4364.487,4095.769,4180.641,4235.641
1739917867.4338,2025-02-18 14:31:07.433,70,false,0.0,4228.846,4339.744,4099.231,4177.692,4240.385
1739917867.4416,2025-02-18 14:31:07.441,71,false,0.0,4214.359,4334.103,4083.333,4167.308,4224.872
1739917867.4494,2025-02-18 14:31:07.449,72,false,0.0,4213.718,4363.846,4080.128,4172.949,4217.436
1739917867.4572,2025-02-18 14:31:07.457,73,false,0.0,4223.718,4375.256,4089.872,4180.128,4225.256
1739917867.465,2025-02-18 14:31:07.465,74,false,0.0,4223.333,4358.333,4092.179,4177.949,4230.513
1739917867.4728,2025-02-18 14:31:07.472,75,false,0.0,4223.461,4347.564,4088.461,4184.615,4235.256
1739917867.4806,2025-02-18 14:31:07.480,76,false,0.0,4233.333,4356.026,4091.154,4196.923,4244.615
1739917867.4884,2025-02-18 14:31:07.488,77,false,0.0,4243.59,4374.359,4099.487,4196.667,4249.615
1739917867.4963,2025-02-18 14:31:07.496,78,false,0.0,4239.615,4379.487,4097.308,4183.974,4242.692
1739917867.5041,2025-02-18 14:31:07.504,79,false,0.0,4218.718,4358.59,4082.692,4169.744,4231.667
1739917867.5119,2025-02-18 14:31:07.511,80,false,0.0,4213.718,4342.82,4080.128,4168.077,4235.0
1739917867.5197,2025-02-18 14:31:07.519,81,false,0.0,4235.0,4351.41,4090.897,4177.308,4247.308
1739917867.5275,2025-02-18 14:31:07.527,82,false,0.0,4237.949,4359.359,4088.846,4177.308,4243.974
1739917867.5353,2025-02-18 14:31:07.535,83,false,0.0,4219.103,4367.692,4078.205,4171.282,4234.615
1739917867.5431,2025-02-18 14:31:07.543,84,false,0.0,4221.282,4383.59,4080.641,4173.205,4240.897
1739917867.5509,2025-02-18 14:31:07.550,85,false,0.0,4236.923,4376.667,4091.282,4174.487,4244.872
1739917867.5588,2025-02-18 14:31:07.558,86,false,0.0,4236.282,4360.0,4098.077,4172.692,4235.0
1739917867.5666,2025-02-18 14:31:07.566,87,false,0.0,4226.154,4367.436,4099.359,4175.256,4230.256
1739917867.5744,2025-02-18 14:31:07.574,88,false,0.0,4220.385,4366.026,4097.82,4176.154,4234.872
1739917867.5822,2025-02-18 14:31:07.582,89,false,0.0,4220.256,4344.615,4098.59,4177.436,4235.256
1739917867.59,2025-02-18 14:31:07.590,90,false,0.0,4220.641,4343.205,4094.103,4183.205,4226.923
1739917867.5978,2025-02-18 14:31:07.597,91,false,0.0,4216.282,4352.949,4082.436,4179.231,4215.897
1739917867.6056,2025-02-18 14:31:07.605,92,false,0.0,4211.026,4354.103,4081.539,4161.667,4208.205
1739917867.6134,2025-02-18 14:31:07.613,93,false,0.0,4203.333,4354.103,4085.385,4147.308,4200.897
1739917867.6213,2025-02-18 14:31:07.621,94,false,0.0,4196.667,4340.513,4082.821,4152.18,4198.205
1739917867.6291,2025-02-18 14:31:07.629,95,false,0.0,4208.974,4335.897,4096.154,4177.051,4215.897
1739917867.6369,2025-02-18 14:31:07.636,96,false,0.0,4228.718,4370.641,4118.077,4195.769,4238.461
1739917867.6447,2025-02-18 14:31:07.644,97,false,0.0,4230.769,4380.513,4115.256,4190.641,4237.82
1739917867.6525,2025-02-18 14:31:07.652,98,false,0.0,4227.692,4342.308,4104.231,4184.103,4229.615
1739917867.6603,2025-02-18 14:31:07.660,99,false,0.0,4226.41,4339.615,4105.0,4187.692,4232.308
1739917867.6681,2025-02-18 14:31:07.668,100,false,0.0,4215.513,4369.359,4104.103,4185.897,4232.949
1739917867.6759,2025-02-18 14:31:07.675,101,false,0.0,4212.18,4365.0,4107.82,4181.923,4231.026
1739917867.6838,2025-02-18 14:31:07.683,102,false,0.0,4221.026,4355.256,4117.308,4183.333,4233.461
1739917867.6916,2025-02-18 14:31:07.691,103,false,0.0,4218.333,4367.308,4110.385,4181.667,4233.205
1739917867.6994,2025-02-18 14:31:07.699,104,false,0.0,4209.615,4361.026,4097.308,4176.41,4232.18
1739917867.7072,2025-02-18 14:31:07.707,105,false,0.0,4210.641,4344.487,4094.744,4170.641,4231.795
1739917867.715,2025-02-18 14:31:07.715,106,false,0.0,4217.949,4353.718,4094.103,4166.41,4229.103
1739917867.7228,2025-02-18 14:31:07.722,107,false,0.0,4228.59,4365.641,4099.615,4170.385,4237.051
1739917867.7306,2025-02-18 14:31:07.730,108,false,0.0,4235.256,4356.282,4114.487,4178.974,4257.18
1739917867.7384,2025-02-18 14:31:07.738,109,false,0.0,4239.231,4349.872,4122.949,4188.077,4271.923
1739917867.7463,2025-02-18 14:31:07.746,110,false,0.0,4260.385,4358.59,4121.41,4197.436,4289.487
1739917867.7541,2025-02-18 14:31:07.754,111,false,0.0,4294.487,4360.641,4111.795,4196.41,4331.282
1739917867.7619,2025-02-18 14:31:07.761,112,false,0.0,4326.539,4354.359,4098.974,4189.231,4387.949
1739917867.7697,2025-02-18 14:31:07.769,113,false,0.0,4365.385,4357.82,4100.897,4194.487,4442.18
1739917867.7775,2025-02-18 14:31:07.777,114,false,0.0,4405.256,4361.41,4113.718,4202.18,4494.744
1739917867.7853,2025-02-18 14:31:07.785,115,false,0.0,4431.667,4353.718,4118.205,4196.667,4540.641
1739917867.7931,2025-02-18 14:31:07.793,116,false,0.0,4450.513,4353.333,4120.641,4188.205,4564.231
1739917867.8009,2025-02-18 14:31:07.800,117,false,0.0,4459.359,4360.128,4124.231,4182.949,4570.513
1739917867.8088,2025-02-18 14:31:07.808,118,false,0.0,4458.077,4354.231,4118.461,4182.18,4578.59
1739917867.8166,2025-02-18 14:31:07.816,119,false,0.0,4468.333,4344.744,4116.282,4195.513,4589.615
1739917867.8244,2025-02-18 14:31:07.824,120,false,0.0,4482.564,4339.744,4126.923,4216.41,4592.692
1739917867.8322,2025-02-18 14:31:07.832,121,false,0.0,4470.128,4330.256,4129.103,4225.769,4585.0
1739917867.84,2025-02-18 14:31:07.840,122,false,0.0,4439.103,4324.487,4116.154,4219.744,4564.359
1739917867.8478,2025-02-18 14:31:07.847,123,false,0.0,4413.846,4325.513,4104.615,4205.128,4531.667
1739917867.8556,2025-02-18 14:31:07.855,124,false,0.0,4395.385,4321.667,4097.692,4189.487,4497.18
1739917867.8634,2025-02-18 14:31:07.863,125,false,0.0,4378.461,4324.615,4097.18,4178.59,4470.385
1739917867.8713,2025-02-18 14:31:07.871,126,false,0.0,4365.897,4344.872,4111.795,4178.59,4455.256
1739917867.8791,2025-02-18 14:31:07.879,127,false,0.0,4357.18,4360.128,4123.974,4193.846,4444.231
1739917867.8869,2025-02-18 14:31:07.886,0,false,0.0,4341.41,4355.256,4111.667,4207.692,4417.692
1739917867.8947,2025-02-18 14:31:07.894,1,false,0.0,4314.231,4342.051,4100.128,4200.256,4381.026
1739917867.9025,2025-02-18 14:31:07.902,2,false,0.0,4293.205,4328.59,4112.949,4187.564,4362.18
1739917867.9103,2025-02-18 14:31:07.910,3,false,0.0,4282.692,4308.333,4121.41,4189.103,4354.487
1739917867.9181,2025-02-18 14:31:07.918,4,false,0.0,4265.0,4293.974,4110.385,4190.385,4336.154
1739917867.9259,2025-02-18 14:31:07.925,5,false,0.0,4249.744,4320.256,4111.282,4188.461,4321.795
1739917867.9338,2025-02-18 14:31:07.933,6,false,0.0,4250.0,4362.82,4128.461,4198.846,4317.18
1739917867.9416,2025-02-18 14:31:07.941,7,false,0.0,4235.641,4351.923,4127.82,4206.539,4298.333
1739917867.9494,2025-02-18 14:31:07.949,8,false,0.0,4204.231,4313.333,4107.564,4199.231,4275.128
1739917867.9572,2025-02-18 14:31:07.957,9,false,0.0,4198.974,4320.897,4101.282,4202.692,4279.744
1739917867.965,2025-02-18 14:31:07.965,10,false,0.0,4208.718,4341.539,4111.154,4215.128,4291.923
1739917867.9728,2025-02-18 14:31:07.972,11,false,0.0,4192.308,4328.59,4113.333,4205.256,4277.82
1739917867.9806,2025-02-18 14:31:07.980,12,false,0.0,4169.872,4316.667,4115.256,4190.769,4255.128
1739917867.9884,2025-02-18 14:31:07.988,13,false,0.0,4160.385,4312.564,4130.0,4199.103,4244.872
1739917867.9963,2025-02-18 14:31:07.996,14,false,0.0,4147.18,4307.564,4138.846,4209.487,4235.769
1739917868.0041,2025-02-18 14:31:08.004,15,false,0.0,4143.718,4333.205,4138.974,4213.205,4228.077
1739917868.0119,2025-02-18 14:31:08.011,16,false,0.0,4154.487,4362.949,4142.692,4219.872,4225.641
1739917868.0197,2025-02-18 14:31:08.019,17,false,0.0,4144.744,4351.539,4135.513,4212.949,4212.051
1739917868.0275,2025-02-18 14:31:08.027,18,false,0.0,4126.923,4337.692,4118.846,4195.513,4193.59
1739917868.0353,2025-02-18 14:31:08.035,19,false,0.0,4126.795,4333.846,4111.795,4189.615,4189.231
1739917868.0431,2025-02-18 14:31:08.043,20,false,0.0,4115.256,4310.897,4100.641,4179.872,4181.026
1739917868.0509,2025-02-18 14:31:08.050,21,false,0.0,4101.539,4310.641,4091.923,4169.744,4169.103
1739917868.0588,2025-02-18 14:31:08.058,22,false,0.0,4127.436,4349.744,4113.59,4190.641,4185.256
1739917868.0666,2025-02-18 14:31:08.066,23,false,0.0,4156.282,4363.846,4133.846,4211.41,4209.615
1739917868.0744,2025-02-18 14:31:08.074,24,false,0.0,4154.359,4347.18,4128.077,4199.744,4212.18
1739917868.0822,2025-02-18 14:31:08.082,25,false,0.0,4162.18,4337.436,4128.59,4196.026,4218.59
1739917868.09,2025-02-18 14:31:08.090,26,false,0.0,4181.795,4330.769,4132.436,4209.615,4234.359
1739917868.0978,2025-02-18 14:31:08.097,27,false,0.0,4180.385,4334.744,4123.846,4205.769,4232.436
1739917868.1056,2025-02-18 14:31:08.105,28,false,0.0,4174.103,4360.513,4127.308,4194.872,4221.282
1739917868.1134,2025-02-18 14:31:08.113,29,false,0.0,4171.026,4369.103,4132.949,4191.795,4210.897
1739917868.1213,2025-02-18 14:31:08.121,30,false,0.0,4157.436,4341.539,4118.077,4185.256,4196.41
1739917868.1291,2025-02-18 14:31:08.129,31,false,0.0,4157.436,4321.282,4112.82,4185.513,4197.82
1739917868.1369,2025-02-18 14:31:08.136,32,false,0.0,4176.41,4341.41,4123.205,4194.103,4214.231
1739917868.1447,2025-02-18 14:31:08.144,33,false,0.0,4177.308,4368.974,4119.487,4190.385,4212.82
1739917868.1525,2025-02-18 14:31:08.152,34,false,0.0,4162.949,4361.539,4108.974,4186.539,4198.974
1739917868.1603,2025-02-18 14:31:08.160,35,false,0.0,4160.385,4342.436,4103.333,4194.359,4195.385
1739917868.1681,2025-02-18 14:31:08.168,36,false,0.0,4163.718,4344.231,4094.872,4196.154,4196.923
1739917868.1759,2025-02-18 14:31:08.175,37,false,0.0,4172.564,4346.795,4095.256,4196.282,4203.974
1739917868.1838,2025-02-18 14:31:08.183,38,false,0.0,4192.051,4349.103,4109.744,4206.667,4220.897
1739917868.1916,2025-02-18 14:31:08.191,39,false,0.0,4197.308,4365.0,4118.846,4210.385,4230.0
1739917868.1994,2025-02-18 14:31:08.199,40,false,0.0,4181.923,4355.641,4117.564,4204.359,4223.718
1739917868.2072,2025-02-18 14:31:08.207,41,false,0.0,4174.615,4322.051,4112.82,4201.923,4214.231
1739917868.215,2025-02-18 14:31:08.215,42,false,0.0,4183.974,4329.872,4109.872,4200.641,4209.359
1739917868.2228,2025-02-18 14:31:08.222,43,false,0.0,4196.282,4370.897,4118.846,4204.359,4214.487
1739917868.2306,2025-02-18 14:31:08.230,44,false,0.0,4204.872,4386.667,4131.667,4215.897,4224.615
1739917868.2384,2025-02-18 14:31:08.238,45,false,0.0,4205.641,4380.256,4128.846,4218.846,4223.461
1739917868.2463,2025-02-18 14:31:08.246,46,false,0.0,4201.154,4374.487,4115.641,4211.539,4215.513
1739917868.2541,2025-02-18 14:31:08.254,47,false,0.0,4196.667,4367.692,4103.59,4202.308,4212.692
1739917868.2619,2025-02-18 14:31:08.261,48,false,0.0,4187.18,4358.59,4092.308,4186.154,4208.461
1739917868.2697,2025-02-18 14:31:08.269,49,false,0.0,4178.974,4345.513,4090.769,4177.82,4205.513
1739917868.2775,2025-02-18 14:31:08.277,50,false,0.0,4186.282,4338.974,4102.436,4193.846,4212.82
1739917868.2853,2025-02-18 14:31:08.285,51,false,0.0,4197.436,4358.077,4112.564,4208.461,4218.205
1739917868.2931,2025-02-18 14:31:08.293,52,false,0.0,4198.333,4383.205,4115.513,4204.487,4217.436
1739917868.3009,2025-02-18 14:31:08.300,53,false,0.0,4190.256,4373.461,4111.539,4196.923,4214.744
1739917868.3088,2025-02-18 14:31:08.308,54,false,0.0,4176.923,4344.872,4101.026,4192.308,4202.308
1739917868.3166,2025-02-18 14:31:08.316,55,false,0.0,4176.795,4346.667,4099.359,4197.564,4195.641
1739917868.3244,2025-02-18 14:31:08.324,56,false,0.0,4195.513,4362.18,4103.718,4210.897,4211.154
1739917868.3322,2025-02-18 14:31:08.332,57,false,0.0,4201.923,4349.872,4094.103,4203.205,4219.231
1739917868.34,2025-02-18 14:31:08.340,58,false,0.0,4201.923,4349.872,4093.718,4186.923,4217.692
1739917868.3478,2025-02-18 14:31:08.347,59,false,0.0,4226.026,4384.487,4120.513,4200.897,4240.897
1739917868.3556,2025-02-18 14:31:08.355,60,false,0.0,4243.461,4385.128,4136.41,4214.231,4262.051
1739917868.3634,2025-02-18 14:31:08.363,61,false,0.0,4230.256,4354.487,4131.026,4197.18,4250.897
1739917868.3713,2025-02-18 14:31:08.371,62,false,0.0,4222.18,4361.026,4131.667,4188.846,4244.359
1739917868.3791,2025-02-18 14:31:08.379,63,false,0.0,4221.923,4374.231,4127.436,4197.82,4248.974
1739917868.3869,2025-02-18 14:31:08.386,64,false,0.0,4208.718,4362.051,4108.333,4191.026,4229.744
1739917868.3947,2025-02-18 14:31:08.394,65,false,0.0,4198.718,4363.846,4097.308,4174.359,4200.641
1739917868.4025,2025-02-18 14:31:08.402,66,false,0.0,4197.051,4360.256,4091.795,4166.539,4190.385
1739917868.4103,2025-02-18 14:31:08.410,67,false,0.0,4197.564,4336.282,4083.205,4166.667,4197.18
1739917868.4181,2025-02-18 14:31:08.418,68,false,0.0,4208.333,4346.539,4083.718,4173.077,4212.82
1739917868.4259,2025-02-18 14:31:08.425,69,false,0.0,4215.385,4368.077,4082.436,4175.0,4215.513
1739917868.4338,2025-02-18 14:31:08.433,70,false,0.0,4206.026,4351.154,4068.718,4167.308,4196.539
1739917868.4416,2025-02-18 14:31:08.441,71,false,0.0,4199.359,4340.513,4065.513,4163.718,4189.744
1739917868.4494,2025-02-18 14:31:08.449,72,false,0.0,4201.667,4354.359,4082.308,4172.308,4208.846
1739917868.4572,2025-02-18 14:31:08.457,73,false,0.0,4211.41,4362.82,4107.051,4191.154,4225.256
1739917868.465,2025-02-18 14:31:08.465,74,false,0.0,4222.949,4371.539,4128.461,4206.282,4221.154
1739917868.4728,2025-02-18 14:31:08.472,75,false,0.0,4209.359,4372.18,4129.615,4195.385,4203.333
1739917868.4806,2025-02-18 14:31:08.480,76,false,0.0,4186.923,4354.359,4116.667,4176.41,4197.436
1739917868.4884,2025-02-18 14:31:08.488,77,false,0.0,4193.59,4345.0,4110.769,4177.949,4213.718
1739917868.4963,2025-02-18 14:31:08.496,78,false,0.0,4197.18,4347.692,4096.923,4176.795,4213.333
1739917868.5041,2025-02-18 14:31:08.504,79,false,0.0,4179.615,4358.461,4070.513,4163.077,4188.461
1739917868.5119,2025-02-18 14:31:08.511,80,false,0.0,4183.205,4373.077,4064.872,4164.359,4186.026
1739917868.5197,2025-02-18 14:31:08.519,81,false,0.0,4193.718,4358.974,4073.205,4171.282,4196.026
1739917868.5275,2025-02-18 14:31:08.527,82,false,0.0,4181.795,4344.231,4071.923,4171.026,4186.667
1739917868.5353,2025-02-18 14:31:08.535,83,false,0.0,4187.18,4369.359,4080.128,4184.487,4194.359
1739917868.5431,2025-02-18 14:31:08.543,84,false,0.0,4207.82,4368.077,4094.615,4195.256,4221.795
1739917868.5509,2025-02-18 14:31:08.550,85,false,0.0,4203.846,4327.564,4093.718,4185.256,4222.051
1739917868.5588,2025-02-18 14:31:08.558,86,false,0.0,4207.82,4332.564,4104.231,4190.385,4218.205
1739917868.5666,2025-02-18 14:31:08.566,87,false,0.0,4231.539,4361.795,4127.949,4208.333,4237.18
1739917868.5744,2025-02-18 14:31:08.574,88,false,0.0,4225.256,4360.769,4120.897,4201.026,4237.18
1739917868.5822,2025-02-18 14:31:08.582,89,false,0.0,4203.718,4359.872,4097.308,4188.077,4215.769
1739917868.59,2025-02-18 14:31:08.590,90,false,0.0,4204.359,4351.41,4093.077,4187.308,4208.59
1739917868.5978,2025-02-18 14:31:08.597,91,false,0.0,4204.231,4329.103,4092.564,4178.846,4208.461
1739917868.6056,2025-02-18 14:31:08.605,92,false,0.0,4201.539,4345.897,4092.436,4176.41,4211.667
1739917868.6134,2025-02-18 14:31:08.613,93,false,0.0,4210.513,4367.949,4103.461,4189.231,4223.077
1739917868.6213,2025-02-18 14:31:08.621,94,false,0.0,4211.667,4347.436,4105.128,4193.846,4225.256
1739917868.6291,2025-02-18 14:31:08.629,95,false,0.0,4218.205,4352.308,4105.385,4203.205,4232.564
1739917868.6369,2025-02-18 14:31:08.636,96,false,0.0,4242.564,4384.103,4122.308,4220.0,4256.667
1739917868.6447,2025-02-18 14:31:08.644,97,false,0.0,4234.103,4368.718,4118.077,4204.103,4251.026
1739917868.6525,2025-02-18 14:31:08.652,98,false,0.0,4200.0,4348.974,4092.564,4177.18,4218.077
1739917868.6603,2025-02-18 14:31:08.660,99,false,0.0,4198.59,4363.461,4094.872,4184.744,4213.718
1739917868.6681,2025-02-18 14:31:08.668,100,false,0.0,4198.974,4346.282,4099.872,4189.615,4215.641
1739917868.6759,2025-02-18 14:31:08.675,101,false,0.0,4178.718,4318.59,4081.923,4172.82,4194.872
1739917868.6838,2025-02-18 14:31:08.683,102,false,0.0,4192.692,4352.308,4089.359,4180.769,4201.539
1739917868.6916,2025-02-18 14:31:08.691,103,false,0.0,4216.282,4386.154,4108.205,4196.667,4230.641
1739917868.6994,2025-02-18 14:31:08.699,104,false,0.0,4195.769,4361.923,4089.615,4178.846,4224.103
1739917868.7072,2025-02-18 14:31:08.707,105,false,0.0,4187.436,4342.949,4078.846,4167.82,4209.231
1739917868.715,2025-02-18 14:31:08.715,106,false,0.0,4213.718,4360.513,4098.846,4183.718,4216.795
1739917868.7228,2025-02-18 14:31:08.722,107,false,0.0,4211.282,4374.744,4098.718,4180.897,4208.461
1739917868.7306,2025-02-18 14:31:08.730,108,false,0.0,4194.359,4374.231,4089.872,4167.308,4193.718
1739917868.7384,2025-02-18 14:31:08.738,109,false,0.0,4206.026,4364.615,4098.461,4175.256,4206.41
1739917868.7463,2025-02-18 14:31:08.746,110,false,0.0,4208.846,4347.564,4092.692,4179.872,4212.308
1739917868.7541,2025-02-18 14:31:08.754,111,false,0.0,4193.333,4344.103,4080.128,4173.59,4197.18
1739917868.7619,2025-02-18 14:31:08.761,112,false,0.0,4194.231,4355.385,4084.872,4177.18,4194.487
1739917868.7697,2025-02-18 14:31:08.769,113,false,0.0,4196.539,4357.82,4083.846,4176.667,4202.18
1739917868.7775,2025-02-18 14:31:08.777,114,false,0.0,4190.769,4353.974,4082.436,4171.282,4205.641
1739917868.7853,2025-02-18 14:31:08.785,115,false,0.0,4193.718,4352.949,4095.513,4172.82,4204.231
1739917868.7931,2025-02-18 14:31:08.793,116,false,0.0,4188.461,4346.154,4095.641,4162.82,4195.385
1739917868.8009,2025-02-18 14:31:08.800,117,false,0.0,4183.205,4345.385,4093.461,4158.077,4204.103
1739917868.8088,2025-02-18 14:31:08.808,118,false,0.0,4210.128,4367.18,4112.82,4183.461,4240.385
1739917868.8166,2025-02-18 14:31:08.816,119,false,0.0,4228.974,4384.359,4116.923,4190.385,4254.744
1739917868.8244,2025-02-18 14:31:08.824,120,false,0.0,4213.333,4372.82,4104.359,4171.923,4240.385
1739917868.8322,2025-02-18 14:31:08.832,121,false,0.0,4213.461,4360.769,4118.59,4182.051,4245.641
1739917868.84,2025-02-18 14:31:08.840,122,false,0.0,4226.923,4369.487,4136.539,4199.231,4265.128
1739917868.8478,2025-02-18 14:31:08.847,123,false,0.0,4221.539,4376.667,4130.385,4197.051,4270.513
1739917868.8556,2025-02-18 14:31:08.855,124,false,0.0,4227.82,4369.872,4128.846,4211.154,4271.795
1739917868.8634,2025-02-18 14:31:08.863,125,false,0.0,4243.974,4361.026,4131.026,4224.487,4268.59
1739917868.8713,2025-02-18 14:31:08.871,126,false,0.0,4235.641,4359.615,4116.667,4208.974,4255.769
1739917868.8791,2025-02-18 14:31:08.879,127,false,0.0,4228.59,4371.026,4103.974,4198.077,4251.667
1739917868.8869,2025-02-18 14:31:08.886,0,false,0.0,4232.051,4385.769,4096.795,4191.795,4256.154
1739917868.8947,2025-02-18 14:31:08.894,1,false,0.0,4220.641,4386.41,4082.436,4175.769,4255.385
1739917868.9025,2025-02-18 14:31:08.902,2,false,0.0,4217.82,4376.282,4074.487,4176.154,4253.974
1739917868.9103,2025-02-18 14:31:08.910,3,false,0.0,4230.897,4365.128,4075.641,4180.385,4250.0
1739917868.9181,2025-02-18 14:31:08.918,4,false,0.0,4224.872,4357.82,4073.333,4166.795,4238.205
1739917868.9259,2025-02-18 14:31:08.925,5,false,0.0,4212.82,4366.282,4080.256,4164.487,4233.846
1739917868.9338,2025-02-18 14:31:08.933,6,false,0.0,4219.103,4377.051,4101.795,4176.154,4239.615
1739917868.9416,2025-02-18 14:31:08.941,7,false,0.0,4227.82,4369.231,4113.718,4181.539,4238.59
1739917868.9494,2025-02-18 14:31:08.949,8,false,0.0,4233.077,4364.872,4109.231,4186.026,4233.333
1739917868.9572,2025-02-18 14:31:08.957,9,false,0.0,4235.385,4373.718,4104.103,4181.795,4237.82
1739917868.965,2025-02-18 14:31:08.965,10,false,0.0,4227.692,4371.795,4102.436,4165.256,4240.769
1739917868.9728,2025-02-18 14:31:08.972,11,false,0.0,4216.154,4357.436,4096.795,4157.051,4226.667
1739917868.9806,2025-02-18 14:31:08.980,12,false,0.0,4206.154,4338.59,4088.077,4159.744,4211.282
1739917868.9884,2025-02-18 14:31:08.988,13,false,0.0,4206.923,4335.128,4087.179,4175.385,4216.539
1739917868.9963,2025-02-18 14:31:08.996,14,false,0.0,4228.205,4375.256,4099.103,4199.487,4233.974
1739917869.0041,2025-02-18 14:31:09.004,15,false,0.0,4240.0,4401.026,4111.795,4199.615,4247.436
1739917869.0119,2025-02-18 14:31:09.011,16,false,0.0,4221.795,4355.897,4111.795,4183.077,4249.872
1739917869.0197,2025-02-18 14:31:09.019,17,false,0.0,4205.769,4324.744,4102.308,4183.461,4237.051
1739917869.0275,2025-02-18 14:31:09.027,18,false,0.0,4208.718,4360.769,4100.256,4187.308,4224.744
1739917869.0353,2025-02-18 14:31:09.035,19,false,0.0,4216.41,4383.974,4109.359,4184.231,4232.82
1739917869.0431,2025-02-18 14:31:09.043,20,false,0.0,4223.974,4372.308,4109.744,4183.077,4245.897
1739917869.0509,2025-02-18 14:31:09.050,21,false,0.0,4225.897,4369.103,4095.128,4175.897,4244.872
1739917869.0588,2025-02-18 14:31:09.058,22,false,0.0,4223.333,4365.769,4085.769,4172.18,4244.103
1739917869.0666,2025-02-18 14:31:09.066,23,false,0.0,4226.41,4359.744,4086.282,4179.487,4247.564
1739917869.0744,2025-02-18 14:31:09.074,24,false,0.0,4226.795,4366.539,4086.41,4177.308,4240.641
1739917869.0822,2025-02-18 14:31:09.082,25,false,0.0,4223.974,4367.051,4093.077,4175.513,4235.128
1739917869.09,2025-02-18 14:31:09.090,26,false,0.0,4227.18,4359.744,4101.282,4182.82,4242.436
1739917869.0978,2025-02-18 14:31:09.097,27,false,0.0,4222.051,4364.872,4090.513,4171.539,4242.82
1739917869.1056,2025-02-18 14:31:09.105,28,false,0.0,4215.769,4377.051,4079.103,4161.923,4236.923
1739917869.1134,2025-02-18 14:31:09.113,29,false,0.0,4230.385,4382.692,4089.231,4179.487,4247.18
1739917869.1213,2025-02-18 14:31:09.121,30,false,0.0,4235.641,4369.231,4087.051,4177.692,4255.0
1739917869.1291,2025-02-18 14:31:09.129,31,false,0.0,4216.667,4341.154,4060.256,4151.539,4239.103
1739917869.1369,2025-02-18 14:31:09.136,32,false,0.0,4218.846,4340.769,4059.359,4155.513,4233.205
1739917869.1447,2025-02-18 14:31:09.144,33,false,0.0,4239.872,4374.359,4091.539,4176.667,4249.872
1739917869.1525,2025-02-18 14:31:09.152,34,false,0.0,4236.923,4387.051,4105.128,4176.41,4248.846
1739917869.1603,2025-02-18 14:31:09.160,35,false,0.0,4226.282,4366.282,4096.539,4173.461,4233.205
1739917869.1681,2025-02-18 14:31:09.168,36,false,0.0,4234.615,4356.026,4100.385,4182.692,4241.795
1739917869.1759,2025-02-18 14:31:09.175,37,false,0.0,4243.718,4371.026,4109.359,4189.231,4259.744
1739917869.1838,2025-02-18 14:31:09.183,38,false,0.0,4240.128,4380.641,4098.846,4181.667,4253.205
1739917869.1916,2025-02-18 14:31:09.191,39,false,0.0,4229.744,4370.513,4079.872,4160.641,4233.077
1739917869.1994,2025-02-18 14:31:09.199,40,false,0.0,4218.077,4362.564,4071.923,4145.385,4223.718
1739917869.2072,2025-02-18 14:31:09.207,41,false,0.0,4213.846,4365.128,4073.461,4149.487,4228.59
1739917869.215,2025-02-18 14:31:09.215,42,false,0.0,4223.59,4362.051,4081.41,4161.539,4237.436
1739917869.2228,2025-02-18 14:31:09.222,43,false,0.0,4238.846,4360.256,4097.436,4175.385,4238.846
1739917869.2306,2025-02-18 14:31:09.230,44,false,0.0,4243.59,4369.359,4110.385,4184.359,4234.231
1739917869.2384,2025-02-18 14:31:09.238,45,false,0.0,4239.103,4375.897,4116.923,4176.923,4239.103
1739917869.2463,2025-02-18 14:31:09.246,46,false,0.0,4243.846,4380.769,4129.359,4176.154,4258.59
1739917869.2541,2025-02-18 14:31:09.254,47,false,0.0,4249.359,4384.231,4132.564,4193.718,4272.18
1739917869.2619,2025-02-18 14:31:09.261,48,false,0.0,4242.692,4369.744,4112.18,4196.154,4269.359
1739917869.2697,2025-02-18 14:31:09.269,49,false,0.0,4254.359,4357.564,4097.308,4181.923,4276.026
1739917869.2775,2025-02-18 14:31:09.277,50,false,0.0,4292.82,4367.692,4094.487,4174.487,4305.128
1739917869.2853,2025-02-18 14:31:09.285,51,false,0.0,4323.846,4373.718,4082.308,4168.461,4340.0
1739917869.2931,2025-02-18 14:31:09.293,52,false,0.0,4354.615,4373.718,4083.205,4168.205,4377.308
1739917869.3009,2025-02-18 14:31:09.300,53,false,0.0,4393.974,4382.692,4100.769,4175.769,4406.282
1739917869.3088,2025-02-18 14:31:09.308,54,false,0.0,4410.385,4380.385,4093.59,4164.231,4406.795
1739917869.3166,2025-02-18 14:31:09.316,55,false,0.0,4419.231,4371.154,4081.154,4149.615,4410.513
1739917869.3244,2025-02-18 14:31:09.324,56,false,0.0,4453.333,4376.795,4096.154,4162.308,4438.59
1739917869.3322,2025-02-18 14:31:09.332,57,false,0.0,4479.744,4375.128,4100.513,4167.564,4446.41
1739917869.34,2025-02-18 14:31:09.340,58,false,0.0,4475.897,4363.846,4084.872,4150.385,4429.615
1739917869.3478,2025-02-18 14:31:09.347,59,false,0.0,4464.615,4372.949,4086.026,4149.615,4427.18
1739917869.3556,2025-02-18 14:31:09.355,60,false,0.0,4459.744,4388.333,4096.667,4165.513,4428.718
1739917869.3634,2025-02-18 14:31:09.363,61,false,0.0,4464.487,4387.692,4102.949,4176.282,4423.974
1739917869.3713,2025-02-18 14:31:09.371,62,false,0.0,4463.205,4389.359,4110.256,4187.692,4426.282
1739917869.3791,2025-02-18 14:31:09.379,63,false,0.0,4437.692,4399.487,4101.667,4192.436,4414.872
1739917869.3869,2025-02-18 14:31:09.386,64,false,0.0,4414.103,4398.846,4078.077,4181.026,4381.667
1739917869.3947,2025-02-18 14:31:09.394,65,false,0.0,4403.718,4386.539,4070.128,4169.103,4355.385
1739917869.4025,2025-02-18 14:31:09.402,66,false,0.0,4380.256,4377.436,4077.564,4162.564,4338.077
1739917869.4103,2025-02-18 14:31:09.410,67,false,0.0,4359.359,4372.692,4085.128,4158.846,4323.59
1739917869.4181,2025-02-18 14:31:09.418,68,false,0.0,4361.41,4367.82,4094.359,4163.461,4320.897
1739917869.4259,2025-02-18 14:31:09.425,69,false,0.0,4355.128,4374.103,4102.308,4167.82,4314.487
1739917869.4338,2025-02-18 14:31:09.433,70,false,0.0,4331.795,4389.744,4102.82,4162.692,4287.692
1739917869.4416,2025-02-18 14:31:09.441,71,false,0.0,4315.385,4392.051,4100.128,4160.897,4262.82
1739917869.4494,2025-02-18 14:31:09.449,72,false,0.0,4309.487,4385.513,4101.795,4168.974,4260.128
1739917869.4572,2025-02-18 14:31:09.457,73,false,0.0,4305.0,4379.615,4105.641,4175.128,4265.256
1739917869.465,2025-02-18 14:31:09.465,74,false,0.0,4293.333,4364.615,4099.615,4172.564,4256.282
1739917869.4728,2025-02-18 14:31:09.472,75,false,0.0,4277.436,4361.282,4091.026,4167.564,4237.564
1739917869.4806,2025-02-18 14:31:09.480,76,false,0.0,4273.333,4376.667,4100.256,4164.487,4228.205
1739917869.4884,2025-02-18 14:31:09.488,77,false,0.0,4272.692,4370.769,4116.667,4160.897,4227.82
1739917869.4963,2025-02-18 14:31:09.496,78,false,0.0,4264.231,4365.513,4121.667,4161.282,4225.0
1739917869.5041,2025-02-18 14:31:09.504,79,false,0.0,4260.513,4393.718,4118.461,4166.923,4217.051
1739917869.5119,2025-02-18 14:31:09.511,80,false,0.0,4252.82,4394.231,4103.59,4161.539,4201.282
1739917869.5197,2025-02-18 14:31:09.519,81,false,0.0,4235.641,4362.82,4085.128,4149.872,4182.436
1739917869.5275,2025-02-18 14:31:09.527,82,false,0.0,4235.256,4372.436,4088.846,4157.564,4178.718
1739917869.5353,2025-02-18 14:31:09.535,83,false,0.0,4239.359,4388.205,4096.923,4171.539,4189.103
1739917869.5431,2025-02-18 14:31:09.543,84,false,0.0,4223.59,4358.718,4085.769,4166.667,4194.231
1739917869.5509,2025-02-18 14:31:09.550,85,false,0.0,4216.026,4342.949,4084.615,4158.077,4186.667
1739917869.5588,2025-02-18 14:31:09.558,86,false,0.0,4222.051,4361.923,4097.436,4155.641,4175.0
1739917869.5666,2025-02-18 14:31:09.566,87,false,0.0,4213.846,4372.308,4098.974,4153.333,4173.974
1739917869.5744,2025-02-18 14:31:09.574,88,false,0.0,4210.769,4376.795,4104.872,4162.692,4186.026
1739917869.5822,2025-02-18 14:31:09.582,89,false,0.0,4223.59,4380.256,4112.564,4173.974,4189.231
1739917869.59,2025-02-18 14:31:09.590,90,false,0.0,4220.0,4367.564,4091.667,4161.923,4173.077
1739917869.5978,2025-02-18 14:31:09.597,91,false,0.0,4206.667,4358.718,4072.949,4147.051,4159.359
1739917869.6056,2025-02-18 14:31:09.605,92,false,0.0,4209.872,4368.59,4085.256,4151.539,4161.667
1739917869.6134,2025-02-18 14:31:09.613,93,false,0.0,4216.026,4377.692,4093.333,4158.205,4169.231
1739917869.6213,2025-02-18 14:31:09.621,94,false,0.0,4211.667,4370.385,4088.077,4162.051,4172.18
1739917869.6291,2025-02-18 14:31:09.629,95,false,0.0,4204.744,4354.487,4090.256,4166.923,4169.615
1739917869.6369,2025-02-18 14:31:09.636,96,false,0.0,4204.615,4354.231,4094.615,4163.718,4166.667
1739917869.6447,2025-02-18 14:31:09.644,97,false,0.0,4213.59,4369.103,4102.692,4163.333,4170.897
1739917869.6525,2025-02-18 14:31:09.652,98,false,0.0,4214.744,4367.436,4114.103,4174.487,4173.974
1739917869.6603,2025-02-18 14:31:09.660,99,false,0.0,4200.256,4356.539,4105.897,4172.692,4165.513
1739917869.6681,2025-02-18 14:31:09.668,100,false,0.0,4194.103,4365.128,4089.231,4157.436,4158.718
1739917869.6759,2025-02-18 14:31:09.675,101,false,0.0,4200.897,4370.128,4088.846,4155.256,4166.282
1739917869.6838,2025-02-18 14:31:09.683,102,false,0.0,4200.513,4351.667,4087.436,4156.41,4171.667
1739917869.6916,2025-02-18 14:31:09.691,103,false,0.0,4193.846,4341.923,4075.256,4143.846,4158.461
1739917869.6994,2025-02-18 14:31:09.699,104,false,0.0,4190.897,4359.359,4072.436,4141.41,4144.615
1739917869.7072,2025-02-18 14:31:09.707,105,false,0.0,4195.897,4380.128,4080.0,4161.667,4157.436
1739917869.715,2025-02-18 14:31:09.715,106,false,0.0,4208.461,4379.359,4079.487,4171.539,4182.82
1739917869.7228,2025-02-18 14:31:09.722,107,false,0.0,4210.641,4362.051,4064.487,4153.59,4183.718
1739917869.7306,2025-02-18 14:31:09.730,108,false,0.0,4199.103,4356.667,4053.333,4140.513,4169.359
1739917869.7384,2025-02-18 14:31:09.738,109,false,0.0,4200.897,4367.564,4064.615,4155.513,4173.846
1739917869.7463,2025-02-18 14:31:09.746,110,false,0.0,4212.82,4361.282,4078.59,4169.231,4186.154
1739917869.7541,2025-02-18 14:31:09.754,111,false,0.0,4210.385,4332.308,4069.359,4158.205,4183.974
1739917869.7619,2025-02-18 14:31:09.761,112,false,0.0,4201.026,4323.333,4058.718,4144.359,4175.513
1739917869.7697,2025-02-18 14:31:09.769,113,false,0.0,4196.795,4353.077,4066.41,4143.077,4169.872
1739917869.7775,2025-02-18 14:31:09.777,114,false,0.0,4197.949,4379.231,4075.0,4145.769,4171.667
1739917869.7853,2025-02-18 14:31:09.785,115,false,0.0,4208.846,4363.718,4076.154,4153.333,4183.077
1739917869.7931,2025-02-18 14:31:09.793,116,false,0.0,4216.41,4338.077,4073.974,4161.795,4186.154
1739917869.8009,2025-02-18 14:31:09.800,117,false,0.0,4209.231,4345.641,4067.692,4159.103,4179.359
1739917869.8088,2025-02-18 14:31:09.808,118,false,0.0,4210.385,4362.308,4070.385,4156.923,4187.949
1739917869.8166,2025-02-18 14:31:09.816,119,false,0.0,4223.974,4356.667,4083.205,4163.205,4204.615
1739917869.8244,2025-02-18 14:31:09.824,120,false,0.0,4225.256,4354.359,4083.974,4163.077,4205.128
1739917869.8322,2025-02-18 14:31:09.832,121,false,0.0,4220.513,4367.692,4082.308,4161.539,4203.718
1739917869.84,2025-02-18 14:31:09.840,122,false,0.0,4221.282,4365.256,4090.897,4168.077,4212.436
1739917869.8478,2025-02-18 14:31:09.847,123,false,0.0,4212.949,4348.846,4082.308,4163.077,4209.872
1739917869.8556,2025-02-18 14:31:09.855,124,false,0.0,4205.0,4351.539,4066.41,4149.615,4196.923
1739917869.8634,2025-02-18 14:31:09.863,125,false,0.0,4217.82,4365.769,4081.41,4151.282,4199.744
1739917869.8713,2025-02-18 14:31:09.871,126,false,0.0,4227.308,4366.026,4095.513,4149.872,4208.461
1739917869.8791,2025-02-18 14:31:09.879,127,false,0.0,4214.615,4361.026,4080.385,4130.385,4202.051
1739917869.8869,2025-02-18 14:31:09.886,0,false,0.0,4209.744,4359.744,4077.821,4126.667,4202.051
1739917869.8947,2025-02-18 14:31:09.894,1,false,0.0,4223.333,4354.615,4090.256,4145.769,4219.744
1739917869.9025,2025-02-18 14:31:09.902,2,false,0.0,4229.231,4354.615,4085.513,4157.308,4226.795
1739917869.9103,2025-02-18 14:31:09.910,3,false,0.0,4228.718,4357.949,4084.359,4168.077,4225.256
1739917869.9181,2025-02-18 14:31:09.918,4,false,0.0,4237.564,4346.282,4094.103,4183.461,4234.487
1739917869.9259,2025-02-18 14:31:09.925,5,false,0.0,4232.692,4337.436,4083.205,4168.718,4230.641
1739917869.9338,2025-02-18 14:31:09.933,6,false,0.0,4204.872,4348.718,4064.359,4134.615,4206.282
1739917869.9416,2025-02-18 14:31:09.941,7,false,0.0,4195.256,4357.436,4066.282,4129.103,4197.051
1739917869.9494,2025-02-18 14:31:09.949,8,false,0.0,4210.0,4362.82,4074.744,4136.539,4204.359
1739917869.9572,2025-02-18 14:31:09.957,9,false,0.0,4210.897,4375.769,4075.641,4128.974,4207.564
1739917869.965,2025-02-18 14:31:09.965,10,false,0.0,4208.59,4378.461,4078.846,4134.872,4213.718
1739917869.9728,2025-02-18 14:31:09.972,11,false,0.0,4226.154,4375.0,4087.051,4152.436,4220.385
1739917869.9806,2025-02-18 14:31:09.980,12,false,0.0,4230.385,4375.0,4088.333,4147.436,4215.897
1739917869.9884,2025-02-18 14:31:09.988,13,false,0.0,4217.436,4363.333,4081.154,4141.795,4217.051
1739917869.9963,2025-02-18 14:31:09.996,14,false,0.0,4229.615,4359.744,4086.282,4156.026,4232.692
1739917870.0041,2025-02-18 14:31:10.004,15,false,0.0,4246.667,4369.615,4101.026,4157.18,4243.205
1739917870.0119,2025-02-18 14:31:10.011,16,false,0.0,4231.41,4347.564,4094.615,4146.539,4239.487
1739917870.0197,2025-02-18 14:31:10.019,17,false,0.0,4219.103,4324.872,4079.615,4151.923,4229.231
1739917870.0275,2025-02-18 14:31:10.027,18,false,0.0,4229.487,4359.615,4085.769,4156.41,4223.461
1739917870.0353,2025-02-18 14:31:10.035,19,false,0.0,4227.051,4392.051,4087.179,4150.385,4221.539
1739917870.0431,2025-02-18 14:31:10.043,20,false,0.0,4215.0,4377.18,4065.641,4152.949,4211.539
1739917870.0509,2025-02-18 14:31:10.050,21,false,0.0,4217.18,4367.949,4052.692,4151.41,4200.385
1739917870.0588,2025-02-18 14:31:10.058,22,false,0.0,4215.897,4373.077,4056.795,4135.769,4204.487
1739917870.0666,2025-02-18 14:31:10.066,23,false,0.0,4202.692,4360.256,4058.718,4135.769,4210.769
1739917870.0744,2025-02-18 14:31:10.074,24,false,0.0,4199.744,4339.615,4058.718,4150.256,4207.564
1739917870.0822,2025-02-18 14:31:10.082,25,false,0.0,4207.436,4329.615,4065.0,4152.949,4213.974
1739917870.09,2025-02-18 14:31:10.090,26,false,0.0,4215.897,4339.872,4080.641,4159.231,4229.231
1739917870.0978,2025-02-18 14:31:10.097,27,false,0.0,4225.513,4361.795,4093.59,4173.205,4230.513
1739917870.1056,2025-02-18 14:31:10.105,28,false,0.0,4225.385,4360.513,4088.205,4162.308,4221.667
1739917870.1134,2025-02-18 14:31:10.113,29,false,0.0,4216.923,4344.231,4084.487,4145.641,4219.615
1739917870.1213,2025-02-18 14:31:10.121,30,false,0.0,4220.641,4343.333,4095.0,4157.82,4223.846
1739917870.1291,2025-02-18 14:31:10.129,31,false,0.0,4227.308,4344.231,4089.231,4164.744,4225.256
1739917870.1369,2025-02-18 14:31:10.136,32,false,0.0,4219.615,4350.769,4073.974,4149.487,4220.897
1739917870.1447,2025-02-18 14:31:10.144,33,false,0.0,4216.282,4371.795,4082.564,4148.333,4214.744
1739917870.1525,2025-02-18 14:31:10.152,34,false,0.0,4218.846,4367.82,4093.718,4152.82,4207.051
1739917870.1603,2025-02-18 14:31:10.160,35,false,0.0,4204.487,4349.359,4089.615,4141.154,4195.256
1739917870.1681,2025-02-18 14:31:10.168,36,false,0.0,4192.82,4363.333,4090.128,4139.872,4187.949
1739917870.1759,2025-02-18 14:31:10.175,37,false,0.0,4203.205,4377.18,4090.128,4151.795,4190.769
1739917870.1838,2025-02-18 14:31:10.183,38,false,0.0,4201.154,4364.872,4083.718,4152.051,4183.974
1739917870.1916,2025-02-18 14:31:10.191,39,false,0.0,4175.0,4362.564,4081.154,4150.385,4157.18
1739917870.1994,2025-02-18 14:31:10.199,40,false,0.0,4160.0,4368.718,4072.821,4152.436,4139.487
1739917870.2072,2025-02-18 14:31:10.207,41,false,0.0,4161.282,4361.539,4065.128,4147.82,4147.436
1739917870.215,2025-02-18 14:31:10.215,42,false,0.0,4152.051,4350.128,4073.205,4145.641,4149.615
1739917870.2228,2025-02-18 14:31:10.222,43,false,0.0,4137.18,4341.026,4077.179,4145.256,4135.513
1739917870.2306,2025-02-18 14:31:10.230,44,false,0.0,4140.641,4342.051,4080.897,4142.051,4142.051
1739917870.2384,2025-02-18 14:31:10.238,45,false,0.0,4150.0,4348.974,4093.974,4147.308,4161.282
1739917870.2463,2025-02-18 14:31:10.246,46,false,0.0,4141.026,4341.282,4079.231,4148.974,4147.949
1739917870.2541,2025-02-18 14:31:10.254,47,false,0.0,4135.513,4337.18,4053.718,4138.461,4130.256
1739917870.2619,2025-02-18 14:31:10.261,48,false,0.0,4155.641,4349.487,4069.744,4141.41,4150.897
1739917870.2697,2025-02-18 14:31:10.269,49,false,0.0,4168.59,4349.872,4085.769,4150.0,4167.82
1739917870.2775,2025-02-18 14:31:10.277,50,false,0.0,4154.487,4353.461,4069.103,4137.051,4154.487
1739917870.2853,2025-02-18 14:31:10.285,51,false,0.0,4139.615,4374.103,4068.461,4123.333,4144.487
1739917870.2931,2025-02-18 14:31:10.293,52,false,0.0,4134.231,4365.385,4079.231,4126.154,4141.539
1739917870.3009,2025-02-18 14:31:10.300,53,false,0.0,4134.744,4338.974,4075.385,4131.795,4140.256
1739917870.3088,2025-02-18 14:31:10.308,54,false,0.0,4144.359,4347.692,4082.821,4138.333,4155.641
1739917870.3166,2025-02-18 14:31:10.316,55,false,0.0,4146.667,4355.128,4084.872,4141.41,4165.0
1739917870.3244,2025-02-18 14:31:10.324,56,false,0.0,4136.923,4329.231,4055.256,4135.513,4151.41
1739917870.3322,2025-02-18 14:31:10.332,57,false,0.0,4135.128,4320.513,4038.59,4134.744,4145.256
1739917870.34,2025-02-18 14:31:10.340,58,false,0.0,4135.0,4334.615,4044.103,4137.18,4150.0
1739917870.3478,2025-02-18 14:31:10.347,59,false,0.0,4126.41,4325.385,4039.615,4130.897,4148.59
1739917870.3556,2025-02-18 14:31:10.355,60,false,0.0,4126.539,4314.231,4040.0,4128.461,4151.41
1739917870.3634,2025-02-18 14:31:10.363,61,false,0.0,4134.103,4340.513,4047.821,4134.231,4157.436
1739917870.3713,2025-02-18 14:31:10.371,62,false,0.0,4137.436,4363.974,4042.692,4136.923,4155.641
1739917870.3791,2025-02-18 14:31:10.379,63,false,0.0,4142.949,4349.615,4043.205,4135.769,4156.026
1739917870.3869,2025-02-18 14:31:10.386,64,false,0.0,4145.641,4339.103,4051.154,4130.128,4161.282
1739917870.3947,2025-02-18 14:31:10.394,65,false,0.0,4141.923,4351.539,4048.846,4129.615,4167.051
1739917870.4025,2025-02-18 14:31:10.402,66,false,0.0,4146.539,4355.0,4055.256,4143.846,4172.18
1739917870.4103,2025-02-18 14:31:10.410,67,false,0.0,4146.795,4351.539,4065.641,4148.077,4165.769
1739917870.4181,2025-02-18 14:31:10.418,68,false,0.0,4126.282,4347.308,4052.821,4134.487,4151.154
1739917870.4259,2025-02-18 14:31:10.425,69,false,0.0,4113.846,4322.436,4043.077,4135.769,4148.333
1739917870.4338,2025-02-18 14:31:10.433,70,false,0.0,4122.949,4315.256,4057.051,4147.436,4151.667
1739917870.4416,2025-02-18 14:31:10.441,71,false,0.0,4121.923,4357.949,4065.128,4141.923,4147.949
1739917870.4494,2025-02-18 14:31:10.449,72,false,0.0,4104.744,4373.077,4058.974,4133.461,4142.18
1739917870.4572,2025-02-18 14:31:10.457,73,false,0.0,4104.487,4336.41,4055.769,4138.333,4138.718
1739917870.465,2025-02-18 14:31:10.465,74,false,0.0,4127.949,4340.641,4066.026,4151.282,4145.513
1739917870.4728,2025-02-18 14:31:10.472,75,false,0.0,4146.795,4377.949,4089.103,4167.949,4165.0
1739917870.4806,2025-02-18 14:31:10.480,76,false,0.0,4147.82,4360.0,4097.436,4171.923,4176.795
1739917870.4884,2025-02-18 14:31:10.488,77,false,0.0,4144.359,4327.18,4078.718,4159.231,4173.333
1739917870.4963,2025-02-18 14:31:10.496,78,false,0.0,4143.205,4344.615,4070.385,4158.077,4170.513
1739917870.5041,2025-02-18 14:31:10.504,79,false,0.0,4139.744,4356.026,4079.359,4167.564,4170.128
1739917870.5119,2025-02-18 14:31:10.511,80,false,0.0,4137.051,4340.897,4077.179,4165.513,4169.359
1739917870.5197,2025-02-18 14:31:10.519,81,false,0.0,4139.487,4355.897,4075.256,4165.641,4170.769
1739917870.5275,2025-02-18 14:31:10.527,82,false,0.0,4134.872,4371.795,4080.385,4169.615,4162.82
1739917870.5353,2025-02-18 14:31:10.535,83,false,0.0,4119.615,4337.18,4069.359,4155.897,4146.795
1739917870.5431,2025-02-18 14:31:10.543,84,false,0.0,4117.82,4314.487,4062.949,4148.205,4151.539
1739917870.5509,2025-02-18 14:31:10.550,85,false,0.0,4136.41,4345.897,4082.051,4166.282,4176.539
1739917870.5588,2025-02-18 14:31:10.558,86,false,0.0,4143.461,4362.82,4087.179,4174.231,4184.615
1739917870.5666,2025-02-18 14:31:10.566,87,false,0.0,4135.128,4344.744,4073.077,4169.231,4173.59
1739917870.5744,2025-02-18 14:31:10.574,88,false,0.0,4143.846,4349.487,4078.59,4179.744,4174.872
1739917870.5822,2025-02-18 14:31:10.582,89,false,0.0,4157.051,4363.974,4083.59,4181.667,4184.872
1739917870.59,2025-02-18 14:31:10.590,90,false,0.0,4144.744,4339.359,4061.026,4161.026,4178.333
1739917870.5978,2025-02-18 14:31:10.597,91,false,0.0,4136.154,4322.564,4051.795,4155.256,4171.026
1739917870.6056,2025-02-18 14:31:10.605,92,false,0.0,4150.513,4355.513,4068.333,4161.154,4184.615
1739917870.6134,2025-02-18 14:31:10.613,93,false,0.0,4150.769,4363.846,4067.308,4151.539,4192.692
1739917870.6213,2025-02-18 14:31:10.621,94,false,0.0,4130.769,4315.513,4051.795,4145.769,4177.308
1739917870.6291,2025-02-18 14:31:10.629,95,false,0.0,4123.718,4302.18,4055.385,4154.615,4170.897
1739917870.6369,2025-02-18 14:31:10.636,96,false,0.0,4136.923,4347.82,4069.103,4159.615,4189.872
1739917870.6447,2025-02-18 14:31:10.644,97,false,0.0,4156.026,4371.795,4074.744,4163.974,4204.103
1739917870.6525,2025-02-18 14:31:10.652,98,false,0.0,4163.461,4360.641,4077.308,4168.718,4197.82
1739917870.6603,2025-02-18 14:31:10.660,99,false,0.0,4154.744,4352.692,4076.667,4162.82,4194.231
1739917870.6681,2025-02-18 14:31:10.668,100,false,0.0,4154.487,4343.59,4072.436,4162.18,4206.026
1739917870.6759,2025-02-18 14:31:10.675,101,false,0.0,4167.308,4339.231,4073.205,4171.539,4216.41
1739917870.6838,2025-02-18 14:31:10.683,102,false,0.0,4163.205,4347.18,4076.539,4167.692,4216.154
1739917870.6916,2025-02-18 14:31:10.691,103,false,0.0,4148.846,4335.769,4074.872,4160.128,4216.282
1739917870.6994,2025-02-18 14:31:10.699,104,false,0.0,4154.231,4322.692,4072.692,4167.308,4218.718
1739917870.7072,2025-02-18 14:31:10.707,105,false,0.0,4163.718,4347.051,4072.051,4165.385,4211.539
1739917870.715,2025-02-18 14:31:10.715,106,false,0.0,4155.769,4359.231,4068.333,4146.923,4197.051
1739917870.7228,2025-02-18 14:31:10.722,107,false,0.0,4148.461,4331.795,4061.282,4143.974,4190.641
1739917870.7306,2025-02-18 14:31:10.730,108,false,0.0,4156.154,4322.051,4055.769,4158.205,4194.872
1739917870.7384,2025-02-18 14:31:10.738,109,false,0.0,4165.897,4335.0,4060.128,4161.539,4200.897
1739917870.7463,2025-02-18 14:31:10.746,110,false,0.0,4168.205,4335.256,4074.615,4155.897,4206.923
1739917870.7541,2025-02-18 14:31:10.754,111,false,0.0,4166.026,4332.82,4079.487,4155.128,4211.539
1739917870.7619,2025-02-18 14:31:10.761,112,false,0.0,4165.513,4334.103,4070.769,4154.231,4210.513
1739917870.7697,2025-02-18 14:31:10.769,113,false,0.0,4175.513,4342.692,4074.487,4154.872,4216.41
1739917870.7775,2025-02-18 14:31:10.777,114,false,0.0,4188.718,4365.385,4084.103,4161.667,4232.051
1739917870.7853,2025-02-18 14:31:10.785,115,false,0.0,4181.282,4360.256,4067.308,4162.051,4230.128
1739917870.7931,2025-02-18 14:31:10.793,116,false,0.0,4166.154,4326.539,4051.41,4160.385,4214.872
1739917870.8009,2025-02-18 14:31:10.800,117,false,0.0,4176.154,4332.051,4070.513,4171.41,4221.154
1739917870.8088,2025-02-18 14:31:10.808,118,false,0.0,4188.59,4357.949,4082.436,4176.026,4233.59
1739917870.8166,2025-02-18 14:31:10.816,119,false,0.0,4176.667,4347.436,4068.846,4164.231,4226.795
1739917870.8244,2025-02-18 14:31:10.824,120,false,0.0,4169.872,4336.026,4072.564,4160.769,4222.82
1739917870.8322,2025-02-18 14:31:10.832,121,false,0.0,4176.667,4342.82,4084.487,4165.0,4229.103
1739917870.84,2025-02-18 14:31:10.840,122,false,0.0,4173.333,4337.436,4073.205,4162.564,4232.436
1739917870.8478,2025-02-18 14:31:10.847,123,false,0.0,4170.256,4332.436,4061.539,4163.077,4240.513
1739917870.8556,2025-02-18 14:31:10.855,124,false,0.0,4172.564,4335.897,4058.846,4166.282,4244.359
1739917870.8634,2025-02-18 14:31:10.863,125,false,0.0,4173.59,4336.026,4056.026,4171.667,4237.051
1739917870.8713,2025-02-18 14:31:10.871,126,false,0.0,4191.282,4350.385,4072.051,4192.82,4246.026
1739917870.8791,2025-02-18 14:31:10.879,127,false,0.0,4207.564,4365.641,4095.385,4206.539,4259.231
1739917870.8869,2025-02-18 14:31:10.886,0,false,0.0,4185.897,4351.026,4090.385,4188.846,4244.359
1739917870.8947,2025-02-18 14:31:10.894,1,false,0.0,4163.846,4336.923,4073.974,4172.692,4232.051
1739917870.9025,2025-02-18 14:31:10.902,2,false,0.0,4170.769,4339.615,4067.436,4173.718,4241.795
1739917870.9103,2025-02-18 14:31:10.910,3,false,0.0,4170.513,4330.128,4060.897,4169.487,4241.154
1739917870.9181,2025-02-18 14:31:10.918,4,false,0.0,4166.41,4326.795,4060.385,4169.103,4235.513
1739917870.9259,2025-02-18 14:31:10.925,5,false,0.0,4184.744,4352.051,4071.923,4180.385,4247.436
1739917870.9338,2025-02-18 14:31:10.933,6,false,0.0,4189.359,4359.744,4075.256,4174.744,4250.0
1739917870.9416,2025-02-18 14:31:10.941,7,false,0.0,4166.539,4336.923,4068.333,4157.308,4233.718
1739917870.9494,2025-02-18 14:31:10.949,8,false,0.0,4168.333,4337.692,4073.461,4166.667,4238.59
1739917870.9572,2025-02-18 14:31:10.957,9,false,0.0,4197.436,4357.308,4089.231,4190.897,4267.82
1739917870.965,2025-02-18 14:31:10.965,10,false,0.0,4204.359,4352.308,4090.641,4190.513,4275.897
1739917870.9728,2025-02-18 14:31:10.972,11,false,0.0,4195.0,4353.461,4083.333,4177.564,4261.026
1739917870.9806,2025-02-18 14:31:10.980,12,false,0.0,4201.539,4378.333,4093.59,4179.103,4261.795
1739917870.9884,2025-02-18 14:31:10.988,13,false,0.0,4204.487,4369.872,4101.667,4177.82,4270.513
1739917870.9963,2025-02-18 14:31:10.996,14,false,0.0,4193.461,4341.923,4083.077,4170.128,4262.82
1739917871.0041,2025-02-18 14:31:11.004,15,false,0.0,4195.385,4347.436,4071.282,4178.077,4260.0
1739917871.0119,2025-02-18 14:31:11.011,16,false,0.0,4202.18,4346.539,4078.59,4184.744,4270.769
1739917871.0197,2025-02-18 14:31:11.019,17,false,0.0,4198.077,4338.846,4079.231,4177.949,4270.897
1739917871.0275,2025-02-18 14:31:11.027,18,false,0.0,4204.359,4374.487,4087.051,4182.692,4265.0
1739917871.0353,2025-02-18 14:31:11.035,19,false,0.0,4207.564,4381.667,4102.051,4183.333,4260.897
1739917871.0431,2025-02-18 14:31:11.043,20,false,0.0,4187.436,4328.846,4089.359,4162.82,4245.256
1739917871.0509,2025-02-18 14:31:11.050,21,false,0.0,4183.461,4329.615,4075.897,4159.103,4236.41
1739917871.0588,2025-02-18 14:31:11.058,22,false,0.0,4199.103,4365.385,4090.769,4170.897,4251.923
1739917871.0666,2025-02-18 14:31:11.066,23,false,0.0,4191.923,4335.769,4090.513,4164.231,4261.923
1739917871.0744,2025-02-18 14:31:11.074,24,false,0.0,4182.564,4311.154,4072.436,4162.308,4252.564
1739917871.0822,2025-02-18 14:31:11.082,25,false,0.0,4195.513,4348.59,4078.205,4172.82,4249.359
1739917871.09,2025-02-18 14:31:11.090,26,false,0.0,4201.282,4373.333,4092.949,4167.692,4257.82
1739917871.0978,2025-02-18 14:31:11.097,27,false,0.0,4202.308,4368.718,4095.513,4166.41,4265.897
1739917871.1056,2025-02-18 14:31:11.105,28,false,0.0,4213.077,4362.051,4097.308,4178.846,4267.18
1739917871.1134,2025-02-18 14:31:11.113,29,false,0.0,4208.718,4350.897,4093.205,4174.872,4257.18
1739917871.1213,2025-02-18 14:31:11.121,30,false,0.0,4198.461,4351.667,4085.256,4168.974,4247.436
1739917871.1291,2025-02-18 14:31:11.129,31,false,0.0,4210.0,4351.667,4085.897,4181.41,4253.205
1739917871.1369,2025-02-18 14:31:11.136,32,false,0.0,4219.872,4338.718,4086.667,4185.385,4260.256
1739917871.1447,2025-02-18 14:31:11.144,33,false,0.0,4214.487,4356.154,4092.179,4176.154,4254.103
1739917871.1525,2025-02-18 14:31:11.152,34,false,0.0,4214.872,4379.872,4106.154,4172.82,4252.949
1739917871.1603,2025-02-18 14:31:11.160,35,false,0.0,4217.82,4360.385,4099.103,4171.282,4262.692
1739917871.1681,2025-02-18 14:31:11.168,36,false,0.0,4212.308,4343.718,4076.026,4165.256,4260.256
1739917871.1759,2025-02-18 14:31:11.175,37,false,0.0,4208.461,4343.59,4071.41,4158.077,4247.051
1739917871.1838,2025-02-18 14:31:11.183,38,false,0.0,4210.513,4331.923,4076.539,4160.513,4248.333
1739917871.1916,2025-02-18 14:31:11.191,39,false,0.0,4214.744,4339.231,4075.385,4181.539,4261.539
1739917871.1994,2025-02-18 14:31:11.199,40,false,0.0,4219.872,4352.949,4079.744,4197.564,4268.077
1739917871.2072,2025-02-18 14:31:11.207,41,false,0.0,4220.0,4335.897,4085.769,4189.359,4265.641
1739917871.215,2025-02-18 14:31:11.215,42,false,0.0,4210.256,4328.333,4078.59,4177.82,4252.949
1739917871.2228,2025-02-18 14:31:11.222,43,false,0.0,4198.205,4336.923,4063.846,4168.718,4231.795
1739917871.2306,2025-02-18 14:31:11.230,44,false,0.0,4202.308,4337.564,4060.897,4156.41,4227.18
1739917871.2384,2025-02-18 14:31:11.238,45,false,0.0,4224.231,4358.205,4078.461,4159.615,4252.308
1739917871.2463,2025-02-18 14:31:11.246,46,false,0.0,4234.744,4374.487,4088.718,4170.641,4275.513
1739917871.2541,2025-02-18 14:31:11.254,47,false,0.0,4223.333,4352.308,4073.846,4166.923,4269.615
1739917871.2619,2025-02-18 14:31:11.261,48,false,0.0,4220.256,4348.461,4070.897,4168.718,4258.333
1739917871.2697,2025-02-18 14:31:11.269,49,false,0.0,4233.846,4360.897,4088.846,4182.436,4268.205
1739917871.2775,2025-02-18 14:31:11.277,50,false,0.0,4232.051,4337.18,4084.487,4177.308,4273.59
1739917871.2853,2025-02-18 14:31:11.285,51,false,0.0,4206.539,4325.128,4067.564,4158.333,4248.077
1739917871.2931,2025-02-18 14:31:11.293,52,false,0.0,4190.385,4354.103,4082.308,4156.667,4227.564
1739917871.3009,2025-02-18 14:31:11.300,53,false,0.0,4200.0,4362.692,4107.18,4169.744,4242.051
1739917871.3088,2025-02-18 14:31:11.308,54,false,0.0,4211.795,4345.385,4106.282,4177.308,4254.487
1739917871.3166,2025-02-18 14:31:11.316,55,false,0.0,4215.513,4350.385,4101.923,4181.282,4250.897
1739917871.3244,2025-02-18 14:31:11.324,56,false,0.0,4227.692,4371.795,4112.18,4193.59,4263.846
1739917871.3322,2025-02-18 14:31:11.332,57,false,0.0,4232.051,4371.923,4108.077,4193.718,4268.718
1739917871.34,2025-02-18 14:31:11.340,58,false,0.0,4212.051,4350.897,4086.154,4166.667,4240.513
1739917871.3478,2025-02-18 14:31:11.347,59,false,0.0,4212.308,4344.487,4088.718,4161.154,4242.308
1739917871.3556,2025-02-18 14:31:11.355,60,false,0.0,4247.692,4357.051,4115.513,4196.923,4283.974
1739917871.3634,2025-02-18 14:31:11.363,61,false,0.0,4260.897,4366.026,4120.641,4210.513,4290.256
1739917871.3713,2025-02-18 14:31:11.371,62,false,0.0,4242.308,4375.385,4104.615,4189.487,4266.282
1739917871.3791,2025-02-18 14:31:11.379,63,false,0.0,4228.205,4375.641,4095.641,4186.923,4256.539
1739917871.3869,2025-02-18 14:31:11.386,64,false,0.0,4219.231,4350.641,4094.872,4203.205,4245.0
1739917871.3947,2025-02-18 14:31:11.394,65,false,0.0,4218.461,4342.051,4104.359,4216.026,4240.128
1739917871.4025,2025-02-18 14:31:11.402,66,false,0.0,4232.18,4356.282,4116.154,4227.051,4260.385
1739917871.4103,2025-02-18 14:31:11.410,67,false,0.0,4232.051,4348.846,4108.077,4225.769,4268.333
1739917871.4181,2025-02-18 14:31:11.418,68,false,0.0,4220.641,4350.128,4097.82,4215.256,4260.128
1739917871.4259,2025-02-18 14:31:11.425,69,false,0.0,4221.154,4371.795,4099.231,4207.308,4257.82
1739917871.4338,2025-02-18 14:31:11.433,70,false,0.0,4215.256,4356.41,4090.897,4193.718,4245.513
1739917871.4416,2025-02-18 14:31:11.441,71,false,0.0,4207.436,4347.436,4088.846,4191.41,4241.41
1739917871.4494,2025-02-18 14:31:11.449,72,false,0.0,4221.539,4386.667,4106.154,4206.795,4265.385
1739917871.4572,2025-02-18 14:31:11.457,73,false,0.0,4225.128,4380.769,4101.795,4203.59,4268.077
1739917871.465,2025-02-18 14:31:11.465,74,false,0.0,4207.051,4337.82,4079.872,4196.667,4242.692
1739917871.4728,2025-02-18 14:31:11.472,75,false,0.0,4207.692,4356.795,4080.0,4211.667,4234.615
1739917871.4806,2025-02-18 14:31:11.480,76,false,0.0,4218.205,4377.051,4086.154,4207.18,4235.641
1739917871.4884,2025-02-18 14:31:11.488,77,false,0.0,4212.436,4342.308,4085.641,4188.59,4234.103
1739917871.4963,2025-02-18 14:31:11.496,78,false,0.0,4210.641,4338.205,4095.128,4201.923,4242.436
1739917871.5041,2025-02-18 14:31:11.504,79,false,0.0,4213.846,4365.0,4102.308,4212.564,4243.205
1739917871.5119,2025-02-18 14:31:11.511,80,false,0.0,4205.385,4353.974,4098.077,4198.718,4236.026
1739917871.5197,2025-02-18 14:31:11.519,81,false,0.0,4201.154,4337.18,4094.615,4200.897,4240.641
1739917871.5275,2025-02-18 14:31:11.527,82,false,0.0,4208.974,4339.359,4094.487,4209.487,4241.539
1739917871.5353,2025-02-18 14:31:11.535,83,false,0.0,4213.077,4334.872,4103.333,4205.128,4236.026
1739917871.5431,2025-02-18 14:31:11.543,84,false,0.0,4211.539,4344.744,4114.744,4208.077,4239.487
1739917871.5509,2025-02-18 14:31:11.550,85,false,0.0,4209.744,4368.846,4107.82,4206.026,4238.461
1739917871.5588,2025-02-18 14:31:11.558,86,false,0.0,4210.897,4358.718,4101.667,4194.487,4235.256
1739917871.5666,2025-02-18 14:31:11.566,87,false,0.0,4219.487,4332.564,4114.487,4205.897,4247.949
1739917871.5744,2025-02-18 14:31:11.574,88,false,0.0,4230.128,4340.256,4120.769,4223.59,4258.718
1739917871.5822,2025-02-18 14:31:11.582,89,false,0.0,4238.333,4361.41,4118.974,4219.359,4260.0
1739917871.59,2025-02-18 14:31:11.590,90,false,0.0,4242.692,4364.615,4122.18,4216.667,4263.846
1739917871.5978,2025-02-18 14:31:11.597,91,false,0.0,4236.41,4366.539,4114.744,4218.718,4257.18
1739917871.6056,2025-02-18 14:31:11.605,92,false,0.0,4226.154,4372.82,4106.795,4205.641,4241.026
1739917871.6134,2025-02-18 14:31:11.613,93,false,0.0,4223.974,4362.051,4114.744,4195.0,4238.846
1739917871.6213,2025-02-18 14:31:11.621,94,false,0.0,4222.82,4343.718,4112.564,4200.128,4240.897
1739917871.6291,2025-02-18 14:31:11.629,95,false,0.0,4220.385,4345.513,4101.795,4199.744,4235.513
1739917871.6369,2025-02-18 14:31:11.636,96,false,0.0,4225.513,4354.359,4109.872,4192.82,4237.949
1739917871.6447,2025-02-18 14:31:11.644,97,false,0.0,4232.949,4346.026,4115.513,4200.128,4243.59
1739917871.6525,2025-02-18 14:31:11.652,98,false,0.0,4236.026,4337.82,4105.385,4214.615,4239.231
1739917871.6603,2025-02-18 14:31:11.660,99,false,0.0,4235.0,4347.436,4104.231,4212.308,4234.103
1739917871.6681,2025-02-18 14:31:11.668,100,false,0.0,4225.0,4358.205,4107.436,4200.769,4231.667
1739917871.6759,2025-02-18 14:31:11.675,101,false,0.0,4221.667,4361.282,4101.282,4205.256,4233.333
1739917871.6838,2025-02-18 14:31:11.683,102,false,0.0,4248.846,4367.051,4102.308,4215.897,4257.436
1739917871.6916,2025-02-18 14:31:11.691,103,false,0.0,4283.718,4370.769,4107.692,4209.872,4298.974
1739917871.6994,2025-02-18 14:31:11.699,104,false,0.0,4297.308,4365.128,4103.077,4201.282,4329.231
1739917871.7072,2025-02-18 14:31:11.707,105,false,0.0,4314.487,4358.461,4103.461,4208.974,4352.18
1739917871.715,2025-02-18 14:31:11.715,106,false,0.0,4348.718,4348.718,4112.692,4216.282,4383.846
1739917871.7228,2025-02-18 14:31:11.722,107,false,0.0,4361.026,4332.18,4109.359,4207.949,4400.385
1739917871.7306,2025-02-18 14:31:11.730,108,false,0.0,4342.564,4330.513,4097.82,4201.667,4384.359
1739917871.7384,2025-02-18 14:31:11.738,109,false,0.0,4333.205,4347.564,4100.641,4209.231,4368.461
1739917871.7463,2025-02-18 14:31:11.746,110,false,0.0,4342.949,4354.615,4115.128,4217.692,4377.18
1739917871.7541,2025-02-18 14:31:11.754,111,false,0.0,4347.308,4352.692,4129.231,4220.641,4389.872
1739917871.7619,2025-02-18 14:31:11.761,112,false,0.0,4340.897,4359.231,4137.18,4219.359,4387.692
1739917871.7697,2025-02-18 14:31:11.769,113,false,0.0,4329.615,4356.923,4130.513,4206.923,4375.513
1739917871.7775,2025-02-18 14:31:11.777,114,false,0.0,4316.026,4339.615,4115.513,4196.539,4360.641
1739917871.7853,2025-02-18 14:31:11.785,115,false,0.0,4312.18,4331.795,4113.077,4208.59,4349.103
1739917871.7931,2025-02-18 14:31:11.793,116,false,0.0,4316.41,4331.923,4116.539,4215.256,4344.231
1739917871.8009,2025-02-18 14:31:11.800,117,false,0.0,4306.026,4332.436,4110.513,4196.154,4337.82
1739917871.8088,2025-02-18 14:31:11.808,118,false,0.0,4289.615,4348.205,4109.103,4189.359,4328.205
1739917871.8166,2025-02-18 14:31:11.816,119,false,0.0,4290.769,4364.872,4117.308,4204.872,4326.282
1739917871.8244,2025-02-18 14:31:11.824,120,false,0.0,4287.308,4351.154,4115.897,4207.692,4330.385
1739917871.8322,2025-02-18 14:31:11.832,121,false,0.0,4266.026,4324.359,4109.103,4206.154,4329.231
1739917871.84,2025-02-18 14:31:11.840,122,false,0.0,4267.949,4325.513,4113.205,4221.795,4328.59
1739917871.8478,2025-02-18 14:31:11.847,123,false,0.0,4296.923,4356.282,4123.205,4231.923,4339.231
1739917871.8556,2025-02-18 14:31:11.855,124,false,0.0,4307.18,4381.539,4133.718,4231.154,4351.795
1739917871.8634,2025-02-18 14:31:11.863,125,false,0.0,4300.897,4378.461,4140.385,4236.026,4351.923
1739917871.8713,2025-02-18 14:31:11.871,126,false,0.0,4301.667,4367.564,4134.744,4233.205,4342.051
1739917871.8791,2025-02-18 14:31:11.879,127,false,0.0,4295.897,4369.231,4126.026,4218.333,4331.539
1739917871.8869,2025-02-18 14:31:11.886,0,false,0.0,4281.795,4360.897,4117.308,4211.282,4319.872
1739917871.8947,2025-02-18 14:31:11.894,1,false,0.0,4280.256,4335.897,4102.308,4208.59,4311.539
1739917871.9025,2025-02-18 14:31:11.902,2,false,0.0,4289.487,4330.256,4104.744,4208.461,4323.077
1739917871.9103,2025-02-18 14:31:11.910,3,false,0.0,4295.128,4349.744,4127.436,4221.282,4341.795
1739917871.9181,2025-02-18 14:31:11.918,4,false,0.0,4288.333,4368.205,4125.128,4226.282,4331.026
1739917871.9259,2025-02-18 14:31:11.925,5,false,0.0,4271.667,4375.513,4103.333,4209.359,4302.051
1739917871.9338,2025-02-18 14:31:11.933,6,false,0.0,4261.154,4358.59,4102.949,4197.564,4294.231
1739917871.9416,2025-02-18 14:31:11.941,7,false,0.0,4259.744,4324.231,4105.385,4200.897,4301.026
1739917871.9494,2025-02-18 14:31:11.949,8,false,0.0,4261.667,4327.949,4101.795,4208.461,4304.231
1739917871.9572,2025-02-18 14:31:11.957,9,false,0.0,4273.718,4372.18,4120.385,4221.795,4312.82
1739917871.965,2025-02-18 14:31:11.965,10,false,0.0,4283.846,4384.487,4130.769,4227.308,4316.41
1739917871.9728,2025-02-18 14:31:11.972,11,false,0.0,4272.18,4357.18,4103.59,4209.487,4298.846
1739917871.9806,2025-02-18 14:31:11.980,12,false,0.0,4257.82,4346.539,4087.821,4192.436,4284.231
1739917871.9884,2025-02-18 14:31:11.988,13,false,0.0,4260.385,4351.282,4098.846,4196.667,4291.795
1739917871.9963,2025-02-18 14:31:11.996,14,false,0.0,4265.0,4337.949,4096.923,4205.128,4302.051
1739917872.0041,2025-02-18 14:31:12.004,15,false,0.0,4265.256,4327.82,4092.692,4206.026,4302.949
1739917872.0119,2025-02-18 14:31:12.011,16,false,0.0,4274.359,4352.692,4111.539,4215.128,4310.769
1739917872.0197,2025-02-18 14:31:12.019,17,false,0.0,4285.0,4377.18,4121.667,4231.539,4320.0
1739917872.0275,2025-02-18 14:31:12.027,18,false,0.0,4273.205,4358.846,4102.82,4224.487,4303.718
1739917872.0353,2025-02-18 14:31:12.035,19,false,0.0,4250.128,4338.077,4091.923,4198.333,4280.513
1739917872.0431,2025-02-18 14:31:12.043,20,false,0.0,4251.41,4354.359,4104.872,4193.077,4286.026
1739917872.0509,2025-02-18 14:31:12.050,21,false,0.0,4262.308,4367.436,4107.82,4198.205,4291.795
1739917872.0588,2025-02-18 14:31:12.058,22,false,0.0,4249.615,4355.256,4098.718,4186.154,4275.641
1739917872.0666,2025-02-18 14:31:12.066,23,false,0.0,4243.077,4344.103,4108.59,4188.333,4277.051
1739917872.0744,2025-02-18 14:31:12.074,24,false,0.0,4262.82,4338.718,4121.795,4211.154,4293.846
1739917872.0822,2025-02-18 14:31:12.082,25,false,0.0,4265.769,4340.385,4112.051,4213.461,4288.59
1739917872.09,2025-02-18 14:31:12.090,26,false,0.0,4249.615,4343.718,4100.0,4205.769,4281.539
1739917872.0978,2025-02-18 14:31:12.097,27,false,0.0,4252.436,4329.872,4097.18,4210.128,4289.231
1739917872.1056,2025-02-18 14:31:12.105,28,false,0.0,4261.41,4335.513,4096.026,4205.769,4288.59
1739917872.1134,2025-02-18 14:31:12.113,29,false,0.0,4256.026,4370.128,4103.461,4198.461,4286.282
1739917872.1213,2025-02-18 14:31:12.121,30,false,0.0,4252.308,4360.897,4108.333,4204.744,4291.154
1739917872.1291,2025-02-18 14:31:12.129,31,false,0.0,4254.359,4334.359,4101.41,4203.718,4289.487
1739917872.1369,2025-02-18 14:31:12.136,32,false,0.0,4256.154,4364.744,4104.744,4197.308,4289.231
1739917872.1447,2025-02-18 14:31:12.144,33,false,0.0,4261.026,4379.872,4112.564,4204.872,4291.667
1739917872.1525,2025-02-18 14:31:12.152,34,false,0.0,4262.692,4345.385,4104.231,4207.692,4280.641
1739917872.1603,2025-02-18 14:31:12.160,35,false,0.0,4253.974,4350.128,4093.846,4192.051,4267.308
1739917872.1681,2025-02-18 14:31:12.168,36,false,0.0,4241.026,4367.436,4084.615,4176.667,4264.487
1739917872.1759,2025-02-18 14:31:12.175,37,false,0.0,4237.051,4338.333,4074.744,4177.82,4265.128
1739917872.1838,2025-02-18 14:31:12.183,38,false,0.0,4244.744,4336.539,4084.487,4189.615,4269.103
1739917872.1916,2025-02-18 14:31:12.191,39,false,0.0,4246.154,4367.18,4098.077,4193.846,4270.641
1739917872.1994,2025-02-18 14:31:12.199,40,false,0.0,4236.795,4355.769,4091.154,4190.769,4265.641
1739917872.2072,2025-02-18 14:31:12.207,41,false,0.0,4239.359,4337.82,4090.897,4196.923,4265.897
1739917872.215,2025-02-18 14:31:12.215,42,false,0.0,4249.872,4348.077,4102.564,4199.872,4269.103
1739917872.2228,2025-02-18 14:31:12.222,43,false,0.0,4246.154,4346.41,4099.487,4185.0,4269.103
1739917872.2306,2025-02-18 14:31:12.230,44,false,0.0,4241.795,4344.359,4095.256,4174.872,4273.205
1739917872.2384,2025-02-18 14:31:12.238,45,false,0.0,4248.846,4351.923,4103.461,4178.59,4273.718
1739917872.2463,2025-02-18 14:31:12.246,46,false,0.0,4248.974,4337.949,4101.026,4178.461,4266.667
1739917872.2541,2025-02-18 14:31:12.254,47,false,0.0,4239.487,4327.18,4084.615,4172.308,4261.795
1739917872.2619,2025-02-18 14:31:12.261,48,false,0.0,4234.744,4334.615,4076.41,4167.564,4254.103
1739917872.2697,2025-02-18 14:31:12.269,49,false,0.0,4237.051,4330.128,4083.718,4169.872,4247.18
1739917872.2775,2025-02-18 14:31:12.277,50,false,0.0,4245.0,4340.385,4095.769,4181.795,4256.026
1739917872.2853,2025-02-18 14:31:12.285,51,false,0.0,4250.513,4368.333,4100.256,4183.077,4266.154
1739917872.2931,2025-02-18 14:31:12.293,52,false,0.0,4243.718,4347.692,4096.026,4168.077,4265.256
1739917872.3009,2025-02-18 14:31:12.300,53,false,0.0,4234.103,4309.103,4085.897,4164.103,4262.18
1739917872.3088,2025-02-18 14:31:12.308,54,false,0.0,4232.051,4325.128,4074.103,4169.744,4252.692
1739917872.3166,2025-02-18 14:31:12.316,55,false,0.0,4231.154,4349.744,4076.026,4165.256,4242.436
1739917872.3244,2025-02-18 14:31:12.324,56,false,0.0,4234.231,4339.103,4090.128,4167.564,4250.641
1739917872.3322,2025-02-18 14:31:12.332,57,false,0.0,4246.41,4333.846,4094.103,4182.949,4261.41
1739917872.34,2025-02-18 14:31:12.340,58,false,0.0,4249.231,4343.59,4089.615,4182.308,4253.333
1739917872.3478,2025-02-18 14:31:12.347,59,false,0.0,4237.18,4342.18,4087.051,4170.385,4243.461
1739917872.3556,2025-02-18 14:31:12.355,60,false,0.0,4240.769,4338.974,4084.487,4177.308,4249.231
1739917872.3634,2025-02-18 14:31:12.363,61,false,0.0,4261.282,4355.0,4090.513,4188.846,4264.359
1739917872.3713,2025-02-18 14:31:12.371,62,false,0.0,4259.872,4377.692,4100.769,4179.872,4273.205
1739917872.3791,2025-02-18 14:31:12.379,63,false,0.0,4245.513,4371.154,4098.718,4174.231,4271.282
1739917872.3869,2025-02-18 14:31:12.386,64,false,0.0,4254.487,4344.872,4100.0,4191.667,4272.308
1739917872.3947,2025-02-18 14:31:12.394,65,false,0.0,4263.205,4350.128,4109.103,4199.487,4274.359
1739917872.4025,2025-02-18 14:31:12.402,66,false,0.0,4246.795,4363.718,4100.385,4181.923,4262.82
1739917872.4103,2025-02-18 14:31:12.410,67,false,0.0,4234.615,4333.974,4084.744,4171.154,4251.41
1739917872.4181,2025-02-18 14:31:12.418,68,false,0.0,4236.795,4312.564,4086.026,4177.692,4254.872
1739917872.4259,2025-02-18 14:31:12.425,69,false,0.0,4240.256,4342.308,4098.461,4185.128,4266.026
1739917872.4338,2025-02-18 14:31:12.433,70,false,0.0,4249.487,4361.923,4111.795,4195.385,4282.308
1739917872.4416,2025-02-18 14:31:12.441,71,false,0.0,4254.359,4352.308,4114.231,4205.897,4290.128
1739917872.4494,2025-02-18 14:31:12.449,72,false,0.0,4243.461,4351.923,4103.333,4200.0,4275.641
1739917872.4572,2025-02-18 14:31:12.457,73,false,0.0,4232.051,4345.769,4096.41,4182.18,4262.18
1739917872.465,2025-02-18 14:31:12.465,74,false,0.0,4225.897,4332.308,4092.692,4170.897,4263.461
1739917872.4728,2025-02-18 14:31:12.472,75,false,0.0,4231.923,4353.333,4095.513,4176.154,4267.308
1739917872.4806,2025-02-18 14:31:12.480,76,false,0.0,4252.436,4379.487,4114.872,4189.103,4276.026
1739917872.4884,2025-02-18 14:31:12.488,77,false,0.0,4249.487,4361.026,4113.077,4182.82,4274.231
1739917872.4963,2025-02-18 14:31:12.496,78,false,0.0,4222.436,4336.282,4084.872,4160.641,4248.718
1739917872.5041,2025-02-18 14:31:12.504,79,false,0.0,4219.615,4341.154,4086.282,4159.103,4241.923
1739917872.5119,2025-02-18 14:31:12.511,80,false,0.0,4232.692,4351.41,4105.513,4179.359,4266.154
1739917872.5197,2025-02-18 14:31:12.519,81,false,0.0,4238.205,4360.0,4104.231,4191.154,4273.846
1739917872.5275,2025-02-18 14:31:12.527,82,false,0.0,4248.59,4366.026,4109.615,4185.128,4264.615
1739917872.5353,2025-02-18 14:31:12.535,83,false,0.0,4250.256,4351.282,4120.641,4176.154,4271.667
1739917872.5431,2025-02-18 14:31:12.543,84,false,0.0,4239.487,4341.539,4114.359,4180.513,4282.436
1739917872.5509,2025-02-18 14:31:12.550,85,false,0.0,4243.205,4362.308,4113.846,4186.923,4276.795
1739917872.5588,2025-02-18 14:31:12.558,86,false,0.0,4243.846,4370.128,4112.949,4175.641,4265.0
1739917872.5666,2025-02-18 14:31:12.566,87,false,0.0,4233.077,4351.41,4097.564,4172.308,4258.077
1739917872.5744,2025-02-18 14:31:12.574,88,false,0.0,4238.974,4352.436,4102.308,4190.0,4256.539
1739917872.5822,2025-02-18 14:31:12.582,89,false,0.0,4238.461,4360.641,4111.923,4186.667,4255.641
1739917872.59,2025-02-18 14:31:12.590,90,false,0.0,4217.692,4342.051,4088.59,4164.744,4250.513
1739917872.5978,2025-02-18 14:31:12.597,91,false,0.0,4217.82,4334.359,4074.103,4168.077,4243.59
1739917872.6056,2025-02-18 14:31:12.605,92,false,0.0,4234.103,4358.077,4093.974,4182.051,4243.974
1739917872.6134,2025-02-18 14:31:12.613,93,false,0.0,4243.077,4376.026,4112.82,4183.333,4256.923
1739917872.6213,2025-02-18 14:31:12.621,94,false,0.0,4253.333,4378.846,4116.923,4185.641,4267.564
1739917872.6291,2025-02-18 14:31:12.629,95,false,0.0,4245.513,4368.205,4102.82,4181.539,4258.205
1739917872.6369,2025-02-18 14:31:12.636,96,false,0.0,4223.333,4335.256,4082.308,4171.923,4245.0
1739917872.6447,2025-02-18 14:31:12.644,97,false,0.0,4235.385,4323.718,4094.872,4181.539,4249.872
1739917872.6525,2025-02-18 14:31:12.652,98,false,0.0,4258.974,4366.795,4123.718,4193.333,4256.923
1739917872.6603,2025-02-18 14:31:12.660,99,false,0.0,4252.308,4402.949,4126.026,4188.59,4255.256
1739917872.6681,2025-02-18 14:31:12.668,100,false,0.0,4246.795,4382.436,4121.154,4186.026,4258.077
1739917872.6759,2025-02-18 14:31:12.675,101,false,0.0,4247.949,4347.308,4115.897,4180.513,4256.923
1739917872.6838,2025-02-18 14:31:12.683,102,false,0.0,4233.59,4342.18,4092.949,4168.333,4240.385
1739917872.6916,2025-02-18 14:31:12.691,103,false,0.0,4233.974,4357.436,4088.333,4177.18,4236.539
1739917872.6994,2025-02-18 14:31:12.699,104,false,0.0,4252.308,4366.154,4109.872,4192.308,4256.282
1739917872.7072,2025-02-18 14:31:12.707,105,false,0.0,4252.564,4362.692,4111.923,4187.692,4265.128
1739917872.715,2025-02-18 14:31:12.715,106,false,0.0,4247.692,4363.718,4104.359,4187.308,4253.974
1739917872.7228,2025-02-18 14:31:12.722,107,false,0.0,4247.692,4365.0,4104.231,4189.872,4243.974
1739917872.7306,2025-02-18 14:31:12.730,108,false,0.0,4232.436,4351.539,4087.692,4172.692,4237.051
1739917872.7384,2025-02-18 14:31:12.738,109,false,0.0,4223.846,4346.923,4081.41,4167.308,4232.949
1739917872.7463,2025-02-18 14:31:12.746,110,false,0.0,4239.744,4366.667,4108.205,4185.385,4242.308
1739917872.7541,2025-02-18 14:31:12.754,111,false,0.0,4247.82,4374.872,4119.103,4188.59,4255.513
1739917872.7619,2025-02-18 14:31:12.761,112,false,0.0,4238.974,4361.026,4105.897,4180.897,4255.897
1739917872.7697,2025-02-18 14:31:12.769,113,false,0.0,4228.59,4359.103,4104.231,4181.026,4243.205
1739917872.7775,2025-02-18 14:31:12.777,114,false,0.0,4220.385,4373.077,4103.077,4175.641,4230.256
1739917872.7853,2025-02-18 14:31:12.785,115,false,0.0,4224.872,4372.949,4096.026,4169.487,4233.205
1739917872.7931,2025-02-18 14:31:12.793,116,false,0.0,4235.385,4356.923,4095.897,4169.872,4241.41
1739917872.8009,2025-02-18 14:31:12.800,117,false,0.0,4231.795,4358.205,4093.59,4166.539,4238.333
1739917872.8088,2025-02-18 14:31:12.808,118,false,0.0,4230.641,4375.256,4094.231,4169.744,4243.205
1739917872.8166,2025-02-18 14:31:12.816,119,false,0.0,4237.308,4364.103,4101.026,4176.923,4253.59
1739917872.8244,2025-02-18 14:31:12.824,120,false,0.0,4227.18,4345.0,4095.0,4170.385,4236.539
1739917872.8322,2025-02-18 14:31:12.832,121,false,0.0,4217.051,4371.923,4091.539,4170.0,4218.333
1739917872.84,2025-02-18 14:31:12.840,122,false,0.0,4219.359,4389.872,4097.051,4174.487,4225.128
1739917872.8478,2025-02-18 14:31:12.847,123,false,0.0,4203.718,4344.103,4080.641,4155.769,4218.974
1739917872.8556,2025-02-18 14:31:12.855,124,false,0.0,4191.154,4319.359,4068.718,4150.385,4207.949
1739917872.8634,2025-02-18 14:31:12.863,125,false,0.0,4218.077,4356.41,4092.564,4180.128,4228.718
1739917872.8713,2025-02-18 14:31:12.871,126,false,0.0,4238.077,4367.308,4103.077,4187.82,4242.564
1739917872.8791,2025-02-18 14:31:12.879,127,false,0.0,4222.051,4338.974,4082.436,4169.744,4226.154
1739917872.8869,2025-02-18 14:31:12.886,0,false,0.0,4212.308,4344.487,4073.205,4168.205,4219.744
1739917872.8947,2025-02-18 14:31:12.894,1,false,0.0,4219.744,4377.308,4080.641,4172.051,4229.487
1739917872.9025,2025-02-18 14:31:12.902,2,false,0.0,4227.564,4385.0,4090.897,4176.026,4239.487
1739917872.9103,2025-02-18 14:31:12.910,3,false,0.0,4233.59,4369.615,4096.795,4186.41,4243.333
1739917872.9181,2025-02-18 14:31:12.918,4,false,0.0,4224.231,4359.103,4085.128,4177.949,4226.923
1739917872.9259,2025-02-18 14:31:12.925,5,false,0.0,4211.41,4359.231,4076.539,4171.795,4212.051
1739917872.9338,2025-02-18 14:31:12.933,6,false,0.0,4228.333,4361.41,4092.436,4196.282,4224.487
1739917872.9416,2025-02-18 14:31:12.941,7,false,0.0,4244.487,4368.205,4101.026,4201.282,4229.872
1739917872.9494,2025-02-18 14:31:12.949,8,false,0.0,4226.41,4379.103,4089.744,4178.205,4218.205
1739917872.9572,2025-02-18 14:31:12.957,9,false,0.0,4217.308,4372.949,4085.128,4182.564,4223.333
1739917872.965,2025-02-18 14:31:12.965,10,false,0.0,4230.256,4359.231,4087.051,4197.18,4231.923
1739917872.9728,2025-02-18 14:31:12.972,11,false,0.0,4225.256,4369.487,4080.128,4185.641,4222.564
1739917872.9806,2025-02-18 14:31:12.980,12,false,0.0,4212.308,4381.282,4071.282,4177.18,4213.846
1739917872.9884,2025-02-18 14:31:12.988,13,false,0.0,4221.41,4369.872,4076.923,4185.128,4218.077
1739917872.9963,2025-02-18 14:31:12.996,14,false,0.0,4234.487,4366.026,4100.0,4191.539,4237.564
1739917873.0041,2025-02-18 14:31:13.004,15,false,0.0,4232.436,4367.692,4112.18,4195.256,4254.359
1739917873.0119,2025-02-18 14:31:13.011,16,false,0.0,4219.615,4349.359,4094.744,4190.128,4234.231
1739917873.0197,2025-02-18 14:31:13.019,17,false,0.0,4208.974,4347.692,4081.539,4180.0,4208.077
1739917873.0275,2025-02-18 14:31:13.027,18,false,0.0,4217.18,4370.641,4092.949,4185.897,4223.718
1739917873.0353,2025-02-18 14:31:13.035,19,false,0.0,4232.436,4366.667,4102.82,4194.872,4238.846
1739917873.0431,2025-02-18 14:31:13.043,20,false,0.0,4228.205,4350.769,4100.513,4187.18,4220.513
1739917873.0509,2025-02-18 14:31:13.050,21,false,0.0,4217.436,4360.641,4096.41,4178.974,4209.359
1739917873.0588,2025-02-18 14:31:13.058,22,false,0.0,4215.128,4365.256,4090.0,4176.667,4209.231
1739917873.0666,2025-02-18 14:31:13.066,23,false,0.0,4206.923,4351.154,4084.744,4172.436,4197.308
1739917873.0744,2025-02-18 14:31:13.074,24,false,0.0,4202.949,4347.051,4084.359,4177.949,4196.41
1739917873.0822,2025-02-18 14:31:13.082,25,false,0.0,4219.744,4355.513,4086.923,4194.103,4210.385
1739917873.09,2025-02-18 14:31:13.090,26,false,0.0,4229.103,4365.513,4094.231,4200.385,4210.385
1739917873.0978,2025-02-18 14:31:13.097,27,false,0.0,4216.667,4362.18,4096.795,4192.18,4199.231
1739917873.1056,2025-02-18 14:31:13.105,28,false,0.0,4211.154,4342.692,4090.641,4179.872,4192.949
1739917873.1134,2025-02-18 14:31:13.113,29,false,0.0,4215.641,4343.718,4093.59,4171.282,4193.846
1739917873.1213,2025-02-18 14:31:13.121,30,false,0.0,4210.897,4361.282,4099.615,4172.051,4199.359
1739917873.1291,2025-02-18 14:31:13.129,31,false,0.0,4209.359,4356.41,4093.333,4179.872,4199.103
1739917873.1369,2025-02-18 14:31:13.136,32,false,0.0,4221.539,4356.923,4095.641,4186.026,4197.051
1739917873.1447,2025-02-18 14:31:13.144,33,false,0.0,4221.923,4370.385,4105.513,4187.051,4205.897
1739917873.1525,2025-02-18 14:31:13.152,34,false,0.0,4205.769,4353.718,4095.385,4183.461,4211.41
1739917873.1603,2025-02-18 14:31:13.160,35,false,0.0,4207.564,4344.487,4086.282,4181.923,4207.949
1739917873.1681,2025-02-18 14:31:13.168,36,false,0.0,4227.308,4370.769,4100.769,4186.539,4212.18
1739917873.1759,2025-02-18 14:31:13.175,37,false,0.0,4230.769,4370.897,4110.513,4189.615,4215.897
1739917873.1838,2025-02-18 14:31:13.183,38,false,0.0,4223.718,4354.744,4103.077,4185.513,4210.256
1739917873.1916,2025-02-18 14:31:13.191,39,false,0.0,4226.41,4363.718,4091.282,4177.051,4207.051
1739917873.1994,2025-02-18 14:31:13.199,40,false,0.0,4224.872,4356.41,4080.513,4170.769,4202.564
1739917873.2072,2025-02-18 14:31:13.207,41,false,0.0,4218.205,4344.359,4088.333,4179.103,4199.359
1739917873.215,2025-02-18 14:31:13.215,42,false,0.0,4224.615,4372.82,4111.41,4194.872,4211.154
1739917873.2228,2025-02-18 14:31:13.222,43,false,0.0,4227.692,4385.0,4113.205,4192.436,4214.872
1739917873.2306,2025-02-18 14:31:13.230,44,false,0.0,4214.103,4356.923,4100.513,4178.59,4197.051
1739917873.2384,2025-02-18 14:31:13.238,45,false,0.0,4209.487,4354.231,4101.795,4178.718,4191.667
1739917873.2463,2025-02-18 14:31:13.246,46,false,0.0,4221.026,4373.333,4101.41,4184.744,4204.359
1739917873.2541,2025-02-18 14:31:13.254,47,false,0.0,4225.128,4364.615,4092.308,4184.615,4202.949
1739917873.2619,2025-02-18 14:31:13.261,48,false,0.0,4218.59,4339.231,4093.333,4186.923,4189.615
1739917873.2697,2025-02-18 14:31:13.269,49,false,0.0,4217.564,4332.18,4095.128,4191.923,4189.231
1739917873.2775,2025-02-18 14:31:13.277,50,false,0.0,4223.846,4347.82,4086.026,4192.949,4200.641
1739917873.2853,2025-02-18 14:31:13.285,51,false,0.0,4224.487,4360.256,4082.051,4192.18,4208.205
1739917873.2931,2025-02-18 14:31:13.293,52,false,0.0,4218.718,4358.333,4089.487,4192.18,4212.18
1739917873.3009,2025-02-18 14:31:13.300,53,false,0.0,4218.077,4364.487,4093.846,4191.282,4216.282
1739917873.3088,2025-02-18 14:31:13.308,54,false,0.0,4218.974,4371.026,4090.128,4182.82,4208.974
1739917873.3166,2025-02-18 14:31:13.316,55,false,0.0,4216.282,4362.564,4091.282,4177.308,4196.923
1739917873.3244,2025-02-18 14:31:13.324,56,false,0.0,4218.974,4365.897,4099.615,4189.615,4203.333
1739917873.3322,2025-02-18 14:31:13.332,57,false,0.0,4219.615,4368.205,4092.821,4191.539,4209.487
1739917873.34,2025-02-18 14:31:13.340,58,false,0.0,4206.026,4338.333,4075.513,4167.436,4190.769
1739917873.3478,2025-02-18 14:31:13.347,59,false,0.0,4197.051,4326.282,4082.179,4162.308,4177.308
1739917873.3556,2025-02-18 14:31:13.355,60,false,0.0,4202.564,4353.333,4101.923,4179.103,4185.256
1739917873.3634,2025-02-18 14:31:13.363,61,false,0.0,4206.282,4361.795,4101.154,4175.0,4188.333
1739917873.3713,2025-02-18 14:31:13.371,62,false,0.0,4206.923,4351.026,4092.051,4166.795,4185.769
1739917873.3791,2025-02-18 14:31:13.379,63,false,0.0,4209.103,4347.82,4092.308,4176.795,4190.769
1739917873.3869,2025-02-18 14:31:13.386,64,false,0.0,4211.667,4339.103,4100.513,4183.974,4198.59
1739917873.3947,2025-02-18 14:31:13.394,65,false,0.0,4221.923,4346.282,4120.385,4193.461,4210.641
1739917873.4025,2025-02-18 14:31:13.402,66,false,0.0,4226.923,4371.282,4131.41,4201.667,4215.641
1739917873.4103,2025-02-18 14:31:13.410,67,false,0.0,4206.154,4356.282,4110.256,4178.461,4196.154
1739917873.4181,2025-02-18 14:31:13.418,68,false,0.0,4186.154,4327.308,4088.461,4155.128,4177.18
1739917873.4259,2025-02-18 14:31:13.425,69,false,0.0,4194.359,4346.539,4093.205,4162.82,4181.667
1739917873.4338,2025-02-18 14:31:13.433,70,false,0.0,4205.769,4366.539,4101.795,4164.615,4189.872
1739917873.4416,2025-02-18 14:31:13.441,71,false,0.0,4205.513,4356.282,4104.487,4159.744,4196.41
1739917873.4494,2025-02-18 14:31:13.449,72,false,0.0,4211.795,4367.82,4111.539,4176.795,4210.0
1739917873.4572,2025-02-18 14:31:13.457,73,false,0.0,4221.41,4386.026,4115.513,4187.18,4216.282
1739917873.465,2025-02-18 14:31:13.465,74,false,0.0,4215.513,4359.615,4108.59,4176.795,4209.872
1739917873.4728,2025-02-18 14:31:13.472,75,false,0.0,4200.769,4329.744,4094.487,4175.897,4203.077
1739917873.4806,2025-02-18 14:31:13.480,76,false,0.0,4197.051,4342.564,4084.744,4182.949,4203.077
1739917873.4884,2025-02-18 14:31:13.488,77,false,0.0,4208.59,4359.231,4094.872,4188.333,4213.846
1739917873.4963,2025-02-18 14:31:13.496,78,false,0.0,4220.513,4348.333,4112.18,4197.308,4226.282
1739917873.5041,2025-02-18 14:31:13.504,79,false,0.0,4221.282,4342.436,4110.769,4193.846,4224.487
1739917873.5119,2025-02-18 14:31:13.511,80,false,0.0,4217.949,4353.461,4104.615,4178.718,4219.231
1739917873.5197,2025-02-18 14:31:13.519,81,false,0.0,4214.103,4345.256,4109.359,4178.718,4221.41
1739917873.5275,2025-02-18 14:31:13.527,82,false,0.0,4206.282,4321.41,4104.744,4183.205,4216.282
1739917873.5353,2025-02-18 14:31:13.535,83,false,0.0,4205.897,4327.692,4093.846,4173.974,4208.718
1739917873.5431,2025-02-18 14:31:13.543,84,false,0.0,4217.051,4356.923,4098.333,4171.41,4217.308
1739917873.5509,2025-02-18 14:31:13.550,85,false,0.0,4221.667,4365.256,4101.795,4183.077,4226.923
1739917873.5588,2025-02-18 14:31:13.558,86,false,0.0,4218.59,4356.41,4094.359,4189.103,4221.41
1739917873.5666,2025-02-18 14:31:13.566,87,false,0.0,4220.0,4356.41,4100.897,4184.487,4217.692
1739917873.5744,2025-02-18 14:31:13.574,88,false,0.0,4217.692,4351.41,4108.077,4177.308,4223.461
1739917873.5822,2025-02-18 14:31:13.582,89,false,0.0,4208.846,4328.461,4091.026,4172.051,4224.744
1739917873.59,2025-02-18 14:31:13.590,90,false,0.0,4206.282,4318.974,4081.667,4170.641,4220.0
1739917873.5978,2025-02-18 14:31:13.597,91,false,0.0,4205.641,4342.308,4096.539,4171.539,4215.897
1739917873.6056,2025-02-18 14:31:13.605,92,false,0.0,4202.308,4362.692,4101.539,4175.513,4214.231
1739917873.6134,2025-02-18 14:31:13.613,93,false,0.0,4210.769,4357.18,4096.539,4180.385,4221.923
1739917873.6213,2025-02-18 14:31:13.621,94,false,0.0,4223.077,4348.205,4100.513,4177.82,4235.897
1739917873.6291,2025-02-18 14:31:13.629,95,false,0.0,4217.436,4345.0,4094.744,4172.949,4237.18
1739917873.6369,2025-02-18 14:31:13.636,96,false,0.0,4208.846,4344.744,4082.692,4180.256,4230.385
1739917873.6447,2025-02-18 14:31:13.644,97,false,0.0,4216.795,4351.026,4090.128,4194.744,4238.59
1739917873.6525,2025-02-18 14:31:13.652,98,false,0.0,4224.231,4348.59,4092.949,4201.282,4250.769
1739917873.6603,2025-02-18 14:31:13.660,99,false,0.0,4219.744,4335.385,4075.513,4194.872,4241.026
1739917873.6681,2025-02-18 14:31:13.668,100,false,0.0,4212.949,4336.795,4072.436,4178.846,4221.667
1739917873.6759,2025-02-18 14:31:13.675,101,false,0.0,4204.744,4344.744,4083.077,4165.256,4215.128
1739917873.6838,2025-02-18 14:31:13.683,102,false,0.0,4200.0,4342.949,4080.0,4163.205,4217.051
1739917873.6916,2025-02-18 14:31:13.691,103,false,0.0,4211.539,4352.692,4080.897,4165.385,4221.667
1739917873.6994,2025-02-18 14:31:13.699,104,false,0.0,4224.487,4367.949,4095.897,4165.385,4231.667
1739917873.7072,2025-02-18 14:31:13.707,105,false,0.0,4216.026,4352.436,4093.077,4163.333,4234.103
1739917873.715,2025-02-18 14:31:13.715,106,false,0.0,4200.128,4321.154,4072.949,4157.308,4218.333
1739917873.7228,2025-02-18 14:31:13.722,107,false,0.0,4198.59,4315.897,4066.154,4151.154,4206.923
1739917873.7306,2025-02-18 14:31:13.730,108,false,0.0,4205.256,4335.769,4072.436,4154.359,4216.923
1739917873.7384,2025-02-18 14:31:13.738,109,false,0.0,4211.154,4356.282,4078.718,4166.154,4225.385
1739917873.7463,2025-02-18 14:31:13.746,110,false,0.0,4215.897,4361.41,4085.897,4172.82,4216.795
1739917873.7541,2025-02-18 14:31:13.754,111,false,0.0,4213.333,4356.154,4091.282,4165.897,4211.795
1739917873.7619,2025-02-18 14:31:13.761,112,false,0.0,4207.308,4364.615,4093.461,4160.256,4218.59
1739917873.7697,2025-02-18 14:31:13.769,113,false,0.0,4211.154,4378.718,4095.256,4165.769,4221.154
1739917873.7775,2025-02-18 14:31:13.777,114,false,0.0,4218.461,4365.897,4093.718,4164.744,4221.923
1739917873.7853,2025-02-18 14:31:13.785,115,false,0.0,4222.051,4350.897,4095.0,4158.333,4234.615
1739917873.7931,2025-02-18 14:31:13.793,116,false,0.0,4226.282,4363.846,4101.795,4166.923,4244.744
1739917873.8009,2025-02-18 14:31:13.800,117,false,0.0,4223.718,4363.846,4098.974,4172.692,4234.872
1739917873.8088,2025-02-18 14:31:13.808,118,false,0.0,4216.667,4347.564,4092.949,4162.949,4226.282
1739917873.8166,2025-02-18 14:31:13.816,119,false,0.0,4217.82,4356.41,4096.923,4159.103,4231.41
1739917873.8244,2025-02-18 14:31:13.824,120,false,0.0,4213.974,4357.564,4092.821,4156.539,4223.077
1739917873.8322,2025-02-18 14:31:13.832,121,false,0.0,4207.436,4341.154,4088.974,4150.256,4206.41
1739917873.84,2025-02-18 14:31:13.840,122,false,0.0,4217.949,4358.718,4105.897,4159.231,4212.949
1739917873.8478,2025-02-18 14:31:13.847,123,false,0.0,4215.0,4363.333,4101.923,4161.41,4216.923
1739917873.8556,2025-02-18 14:31:13.855,124,false,0.0,4190.256,4327.82,4069.872,4145.641,4198.333
1739917873.8634,2025-02-18 14:31:13.863,125,false,0.0,4199.615,4345.385,4076.923,4157.564,4204.103
1739917873.8713,2025-02-18 14:31:13.871,126,false,0.0,4230.641,4390.0,4112.18,4187.692,4235.513
1739917873.8791,2025-02-18 14:31:13.879,127,false,0.0,4230.513,4371.026,4113.846,4190.513,4239.744
1739917873.8869,2025-02-18 14:31:13.886,0,false,0.0,4223.846,4355.513,4100.513,4180.385,4220.513
1739917873.8947,2025-02-18 14:31:13.894,1,false,0.0,4223.205,4376.795,4095.128,4169.231,4208.718
1739917873.9025,2025-02-18 14:31:13.902,2,false,0.0,4205.128,4367.692,4084.615,4153.846,4205.769
1739917873.9103,2025-02-18 14:31:13.910,3,false,0.0,4198.205,4352.564,4083.205,4155.513,4208.974
1739917873.9181,2025-02-18 14:31:13.918,4,false,0.0,4211.41,4353.718,4087.692,4162.692,4208.077
1739917873.9259,2025-02-18 14:31:13.925,5,false,0.0,4216.282,4349.487,4084.103,4163.718,4206.667
1739917873.9338,2025-02-18 14:31:13.933,6,false,0.0,4234.744,4387.18,4100.769,4191.667,4228.846
1739917873.9416,2025-02-18 14:31:13.941,7,false,0.0,4257.949,4429.744,4118.974,4214.487,4246.667
1739917873.9494,2025-02-18 14:31:13.949,8,false,0.0,4233.718,4380.641,4092.051,4182.051,4224.744
1739917873.9572,2025-02-18 14:31:13.957,9,false,0.0,4202.82,4333.846,4066.41,4154.487,4204.487
1739917873.965,2025-02-18 14:31:13.965,10,false,0.0,4212.436,4372.051,4083.718,4169.359,4213.461
1739917873.9728,2025-02-18 14:31:13.972,11,false,0.0,4210.769,4382.051,4092.436,4169.872,4216.923
1739917873.9806,2025-02-18 14:31:13.980,12,false,0.0,4188.974,4341.667,4077.051,4155.256,4210.385
1739917873.9884,2025-02-18 14:31:13.988,13,false,0.0,4202.051,4347.692,4079.103,4165.256,4214.359
1739917873.9963,2025-02-18 14:31:13.996,14,false,0.0,4229.103,4377.82,4095.769,4178.205,4221.539
1739917874.0041,2025-02-18 14:31:14.004,15,false,0.0,4223.205,4375.641,4094.359,4171.795,4219.487
1739917874.0119,2025-02-18 14:31:14.011,16,false,0.0,4202.82,4365.128,4076.539,4158.59,4208.461
1739917874.0197,2025-02-18 14:31:14.019,17,false,0.0,4194.231,4359.615,4068.974,4147.308,4201.154
1739917874.0275,2025-02-18 14:31:14.027,18,false,0.0,4197.564,4356.667,4080.0,4150.128,4208.974
1739917874.0353,2025-02-18 14:31:14.035,19,false,0.0,4212.692,4366.539,4088.333,4169.487,4217.436
1739917874.0431,2025-02-18 14:31:14.043,20,false,0.0,4225.769,4372.692,4084.615,4177.949,4214.231
1739917874.0509,2025-02-18 14:31:14.050,21,false,0.0,4219.103,4362.82,4079.615,4166.41,4211.795
1739917874.0588,2025-02-18 14:31:14.058,22,false,0.0,4207.692,4359.487,4074.615,4158.846,4213.718
1739917874.0666,2025-02-18 14:31:14.066,23,false,0.0,4205.385,4365.897,4071.795,4162.051,4209.615
1739917874.0744,2025-02-18 14:31:14.074,24,false,0.0,4195.385,4360.256,4071.667,4157.692,4195.385
1739917874.0822,2025-02-18 14:31:14.082,25,false,0.0,4187.564,4353.846,4066.795,4153.205,4185.385
1739917874.09,2025-02-18 14:31:14.090,26,false,0.0,4210.385,4371.026,4071.923,4171.154,4203.333
1739917874.0978,2025-02-18 14:31:14.097,27,false,0.0,4228.461,4381.41,4085.513,4185.513,4226.667
1739917874.1056,2025-02-18 14:31:14.105,28,false,0.0,4204.359,4357.692,4072.949,4164.487,4212.949
1739917874.1134,2025-02-18 14:31:14.113,29,false,0.0,4186.282,4343.718,4058.59,4150.0,4193.205
1739917874.1213,2025-02-18 14:31:14.121,30,false,0.0,4201.923,4355.769,4079.103,4170.256,4209.103
1739917874.1291,2025-02-18 14:31:14.129,31,false,0.0,4209.744,4353.846,4091.923,4179.615,4224.615
1739917874.1369,2025-02-18 14:31:14.136,32,false,0.0,4211.026,4356.026,4087.308,4170.256,4221.41
1739917874.1447,2025-02-18 14:31:14.144,33,false,0.0,4225.897,4381.795,4101.667,4173.59,4223.846
1739917874.1525,2025-02-18 14:31:14.152,34,false,0.0,4221.282,4376.539,4098.846,4168.974,4217.308
1739917874.1603,2025-02-18 14:31:14.160,35,false,0.0,4197.692,4345.513,4065.897,4147.82,4196.539
1739917874.1681,2025-02-18 14:31:14.168,36,false,0.0,4194.872,4345.513,4060.641,4146.539,4197.18
1739917874.1759,2025-02-18 14:31:14.175,37,false,0.0,4205.513,4351.154,4069.872,4162.051,4214.487
1739917874.1838,2025-02-18 14:31:14.183,38,false,0.0,4218.077,4348.718,4066.539,4173.333,4226.026
1739917874.1916,2025-02-18 14:31:14.191,39,false,0.0,4236.795,4374.744,4083.718,4184.487,4239.615
1739917874.1994,2025-02-18 14:31:14.199,40,false,0.0,4237.308,4391.539,4097.692,4184.103,4242.308
1739917874.2072,2025-02-18 14:31:14.207,41,false,0.0,4221.667,4364.487,4081.667,4169.231,4223.846
1739917874.215,2025-02-18 14:31:14.215,42,false,0.0,4224.615,4349.487,4089.487,4169.615,4221.154
1739917874.2228,2025-02-18 14:31:14.222,43,false,0.0,4234.231,4362.82,4111.41,4183.333,4240.513
1739917874.2306,2025-02-18 14:31:14.230,44,false,0.0,4231.41,4365.0,4095.385,4183.974,4245.385
1739917874.2384,2025-02-18 14:31:14.238,45,false,0.0,4235.0,4361.282,4085.256,4180.128,4242.692
1739917874.2463,2025-02-18 14:31:14.246,46,false,0.0,4241.539,4368.205,4100.769,4184.615,4249.359
1739917874.2541,2025-02-18 14:31:14.254,47,false,0.0,4233.461,4375.769,4086.923,4178.718,4240.0
1739917874.2619,2025-02-18 14:31:14.261,48,false,0.0,4225.385,4377.308,4063.718,4159.744,4219.744
1739917874.2697,2025-02-18 14:31:14.269,49,false,0.0,4225.641,4371.026,4075.385,4157.18,4226.795
1739917874.2775,2025-02-18 14:31:14.277,50,false,0.0,4223.718,4360.641,4086.667,4174.744,4244.231
1739917874.2853,2025-02-18 14:31:14.285,51,false,0.0,4225.0,4359.103,4084.359,4185.256,4241.667
1739917874.2931,2025-02-18 14:31:14.293,52,false,0.0,4236.026,4368.077,4095.256,4188.205,4240.513
1739917874.3009,2025-02-18 14:31:14.300,53,false,0.0,4239.744,4373.461,4096.282,4188.718,4243.846
1739917874.3088,2025-02-18 14:31:14.308,54,false,0.0,4220.641,4363.205,4074.487,4170.385,4226.539
1739917874.3166,2025-02-18 14:31:14.316,55,false,0.0,4203.718,4354.103,4074.872,4156.923,4217.82
1739917874.3244,2025-02-18 14:31:14.324,56,false,0.0,4219.872,4366.667,4101.795,4180.385,4244.359
1739917874.3322,2025-02-18 14:31:14.332,57,false,0.0,4241.923,4371.41,4109.872,4196.667,4260.128
1739917874.34,2025-02-18 14:31:14.340,58,false,0.0,4233.974,4351.539,4100.385,4177.051,4245.256
1739917874.3478,2025-02-18 14:31:14.347,59,false,0.0,4217.949,4350.769,4101.539,4167.18,4237.051
1739917874.3556,2025-02-18 14:31:14.355,60,false,0.0,4213.077,4365.128,4100.641,4173.333,4237.051
1739917874.3634,2025-02-18 14:31:14.363,61,false,0.0,4206.795,4351.026,4087.949,4168.846,4230.897
1739917874.3713,2025-02-18 14:31:14.371,62,false,0.0,4209.744,4344.744,4088.077,4171.282,4235.385
1739917874.3791,2025-02-18 14:31:14.379,63,false,0.0,4224.744,4375.385,4102.051,4178.846,4245.769
1739917874.3869,2025-02-18 14:31:14.386,64,false,0.0,4217.051,4376.539,4100.641,4162.949,4236.154
1739917874.3947,2025-02-18 14:31:14.394,65,false,0.0,4194.487,4338.461,4087.051,4147.949,4223.077
1739917874.4025,2025-02-18 14:31:14.402,66,false,0.0,4205.128,4339.231,4090.0,4162.436,4236.026
1739917874.4103,2025-02-18 14:31:14.410,67,false,0.0,4232.949,4369.744,4103.846,4179.872,4255.513
1739917874.4181,2025-02-18 14:31:14.418,68,false,0.0,4228.846,4359.744,4098.846,4175.513,4247.692
1739917874.4259,2025-02-18 14:31:14.425,69,false,0.0,4212.949,4337.436,4084.359,4165.385,4231.026
1739917874.4338,2025-02-18 14:31:14.433,70,false,0.0,4222.436,4357.18,4088.077,4168.974,4242.308
1739917874.4416,2025-02-18 14:31:14.441,71,false,0.0,4231.026,4379.231,4097.18,4175.0,4258.077
1739917874.4494,2025-02-18 14:31:14.449,72,false,0.0,4218.333,4367.308,4093.974,4169.103,4244.103
1739917874.4572,2025-02-18 14:31:14.457,73,false,0.0,4212.82,4354.231,4094.872,4164.615,4227.051
1739917874.465,2025-02-18 14:31:14.465,74,false,0.0,4217.051,4355.385,4101.282,4167.051,4227.564
1739917874.4728,2025-02-18 14:31:14.472,75,false,0.0,4212.436,4361.923,4099.231,4162.18,4227.18
1739917874.4806,2025-02-18 14:31:14.480,76,false,0.0,4215.128,4376.923,4101.667,4157.564,4230.897
1739917874.4884,2025-02-18 14:31:14.488,77,false,0.0,4227.436,4377.949,4108.846,4158.333,4243.718
1739917874.4963,2025-02-18 14:31:14.496,78,false,0.0,4226.41,4351.282,4099.487,4148.846,4243.718
1739917874.5041,2025-02-18 14:31:14.504,79,false,0.0,4223.205,4339.231,4088.461,4141.923,4238.974
1739917874.5119,2025-02-18 14:31:14.511,80,false,0.0,4232.308,4364.359,4099.231,4156.026,4252.564
1739917874.5197,2025-02-18 14:31:14.519,81,false,0.0,4239.872,4392.051,4110.0,4169.103,4264.615
1739917874.5275,2025-02-18 14:31:14.527,82,false,0.0,4240.641,4391.795,4101.923,4163.974,4255.385
1739917874.5353,2025-02-18 14:31:14.535,83,false,0.0,4237.051,4368.59,4095.769,4156.282,4246.539
1739917874.5431,2025-02-18 14:31:14.543,84,false,0.0,4231.667,4352.949,4104.487,4160.769,4256.41
1739917874.5509,2025-02-18 14:31:14.550,85,false,0.0,4232.436,4357.692,4111.026,4169.231,4259.615
1739917874.5588,2025-02-18 14:31:14.558,86,false,0.0,4228.974,4364.103,4106.154,4164.487,4239.744
1739917874.5666,2025-02-18 14:31:14.566,87,false,0.0,4218.974,4372.82,4098.59,4155.641,4228.59
1739917874.5744,2025-02-18 14:31:14.574,88,false,0.0,4221.026,4381.667,4088.59,4158.205,4234.359
1739917874.5822,2025-02-18 14:31:14.582,89,false,0.0,4223.846,4362.18,4078.333,4157.564,4225.513
1739917874.59,2025-02-18 14:31:14.590,90,false,0.0,4214.872,4340.641,4082.564,4152.692,4217.18
1739917874.5978,2025-02-18 14:31:14.597,91,false,0.0,4215.256,4358.205,4091.667,4161.539,4230.256
1739917874.6056,2025-02-18 14:31:14.605,92,false,0.0,4222.436,4375.385,4089.487,4166.539,4233.205
1739917874.6134,2025-02-18 14:31:14.613,93,false,0.0,4220.641,4363.974,4090.897,4158.461,4227.949
1739917874.6213,2025-02-18 14:31:14.621,94,false,0.0,4222.82,4351.923,4095.513,4162.18,4237.051
1739917874.6291,2025-02-18 14:31:14.629,95,false,0.0,4225.513,4346.026,4087.949,4166.282,4231.667
1739917874.6369,2025-02-18 14:31:14.636,96,false,0.0,4217.18,4351.539,4089.359,4153.846,4216.923
1739917874.6447,2025-02-18 14:31:14.644,97,false,0.0,4211.026,4369.744,4103.077,4150.641,4225.513
1739917874.6525,2025-02-18 14:31:14.652,98,false,0.0,4207.308,4366.41,4098.718,4155.385,4224.615
1739917874.6603,2025-02-18 14:31:14.660,99,false,0.0,4201.539,4349.231,4091.154,4147.692,4207.82
1739917874.6681,2025-02-18 14:31:14.668,100,false,0.0,4208.974,4349.487,4102.436,4147.18,4220.513
1739917874.6759,2025-02-18 14:31:14.675,101,false,0.0,4224.359,4348.077,4107.436,4159.744,4240.385
1739917874.6838,2025-02-18 14:31:14.683,102,false,0.0,4227.564,4344.103,4102.564,4160.256,4233.077
1739917874.6916,2025-02-18 14:31:14.691,103,false,0.0,4219.487,4353.846,4103.718,4152.692,4224.744
1739917874.6994,2025-02-18 14:31:14.699,104,false,0.0,4211.667,4352.18,4100.128,4155.641,4222.564
1739917874.7072,2025-02-18 14:31:14.707,105,false,0.0,4215.385,4341.795,4098.205,4166.41,4221.41
1739917874.715,2025-02-18 14:31:14.715,106,false,0.0,4227.564,4345.513,4106.282,4174.487,4230.385
1739917874.7228,2025-02-18 14:31:14.722,107,false,0.0,4229.615,4347.949,4102.051,4174.231,4229.615
1739917874.7306,2025-02-18 14:31:14.730,108,false,0.0,4223.205,4349.744,4089.103,4167.18,4215.385
1739917874.7384,2025-02-18 14:31:14.738,109,false,0.0,4216.282,4349.615,4086.41,4155.128,4214.487
1739917874.7463,2025-02-18 14:31:14.746,110,false,0.0,4205.0,4329.872,4083.205,4141.795,4213.718
1739917874.7541,2025-02-18 14:31:14.754,111,false,0.0,4200.897,4332.436,4082.692,4141.154,4202.436
1739917874.7619,2025-02-18 14:31:14.761,112,false,0.0,4206.667,4363.333,4092.051,4151.923,4203.461
1739917874.7697,2025-02-18 14:31:14.769,113,false,0.0,4205.0,4352.18,4092.436,4154.615,4209.487
1739917874.7775,2025-02-18 14:31:14.777,114,false,0.0,4208.333,4328.333,4091.539,4153.846,4210.256
1739917874.7853,2025-02-18 14:31:14.785,115,false,0.0,4223.205,4348.718,4099.103,4160.897,4216.154
1739917874.7931,2025-02-18 14:31:14.793,116,false,0.0,4219.487,4352.82,4089.103,4161.795,4209.744
1739917874.8009,2025-02-18 14:31:14.800,117,false,0.0,4202.051,4329.744,4075.128,4154.615,4191.026
1739917874.8088,2025-02-18 14:31:14.808,118,false,0.0,4200.385,4340.0,4089.103,4156.923,4199.359
1739917874.8166,2025-02-18 14:31:14.816,119,false,0.0,4207.18,4355.897,4101.026,4168.333,4222.051
1739917874.8244,2025-02-18 14:31:14.824,120,false,0.0,4208.846,4347.949,4093.205,4171.667,4218.205
1739917874.8322,2025-02-18 14:31:14.832,121,false,0.0,4202.051,4339.359,4088.333,4159.487,4201.923
1739917874.84,2025-02-18 14:31:14.840,122,false,0.0,4187.692,4323.333,4080.128,4147.308,4197.82
1739917874.8478,2025-02-18 14:31:14.847,123,false,0.0,4189.103,4319.872,4071.41,4153.59,4199.103
1739917874.8556,2025-02-18 14:31:14.855,124,false,0.0,4206.282,4352.308,4085.385,4164.359,4202.436
1739917874.8634,2025-02-18 14:31:14.863,125,false,0.0,4205.897,4356.41,4099.103,4160.128,4205.769
1739917874.8713,2025-02-18 14:31:14.871,126,false,0.0,4197.949,4321.026,4096.41,4154.872,4202.692
1739917874.8791,2025-02-18 14:31:14.879,127,false,0.0,4205.385,4328.59,4105.641,4156.795,4200.897
1739917874.8869,2025-02-18 14:31:14.886,0,false,0.0,4208.077,4366.282,4115.897,4154.103,4210.0
1739917874.8947,2025-02-18 14:31:14.894,1,false,0.0,4204.744,4362.692,4103.461,4153.205,4221.795
1739917874.9025,2025-02-18 14:31:14.902,2,false,0.0,4216.923,4341.923,4097.051,4162.692,4225.256
1739917874.9103,2025-02-18 14:31:14.910,3,false,0.0,4228.333,4345.897,4105.897,4170.0,4223.974
1739917874.9181,2025-02-18 14:31:14.918,4,false,0.0,4223.846,4348.077,4099.872,4169.872,4229.231
1739917874.9259,2025-02-18 14:31:14.925,5,false,0.0,4219.615,4334.359,4086.667,4167.18,4236.154
1739917874.9338,2025-02-18 14:31:14.933,6,false,0.0,4217.564,4331.539,4089.487,4164.359,4232.18
1739917874.9416,2025-02-18 14:31:14.941,7,false,0.0,4212.692,4341.667,4096.795,4164.872,4224.231
1739917874.9494,2025-02-18 14:31:14.949,8,false,0.0,4210.0,4346.026,4093.461,4162.051,4219.487
1739917874.9572,2025-02-18 14:31:14.957,9,false,0.0,4204.615,4349.615,4087.564,4150.256,4211.282
1739917874.965,2025-02-18 14:31:14.965,10,false,0.0,4202.564,4356.667,4095.256,4148.333,4212.564
1739917874.9728,2025-02-18 14:31:14.972,11,false,0.0,4215.385,4354.103,4113.718,4160.0,4228.974
1739917874.9806,2025-02-18 14:31:14.980,12,false,0.0,4217.82,4346.154,4115.897,4158.333,4225.256
1739917874.9884,2025-02-18 14:31:14.988,13,false,0.0,4197.82,4338.59,4097.051,4148.077,4201.282
1739917874.9963,2025-02-18 14:31:14.996,14,false,0.0,4198.461,4328.461,4089.615,4156.41,4207.949
1739917875.0041,2025-02-18 14:31:15.004,15,false,0.0,4233.077,4336.41,4102.051,4170.769,4252.82
1739917875.0119,2025-02-18 14:31:15.011,16,false,0.0,4264.872,4358.59,4111.667,4177.308,4302.051
1739917875.0197,2025-02-18 14:31:15.019,17,false,0.0,4282.051,4349.744,4115.769,4191.795,4336.539
1739917875.0275,2025-02-18 14:31:15.027,18,false,0.0,4293.461,4323.461,4119.872,4205.513,4350.641
1739917875.0353,2025-02-18 14:31:15.035,19,false,0.0,4300.769,4329.487,4118.461,4202.18,4362.436
1739917875.0431,2025-02-18 14:31:15.043,20,false,0.0,4308.718,4347.692,4115.897,4197.308,4383.205
1739917875.0509,2025-02-18 14:31:15.050,21,false,0.0,4301.154,4343.077,4115.513,4192.82,4374.359
1739917875.0588,2025-02-18 14:31:15.058,22,false,0.0,4271.026,4330.128,4106.923,4181.282,4340.641
1739917875.0666,2025-02-18 14:31:15.066,23,false,0.0,4264.744,4325.769,4099.487,4183.59,4342.692
1739917875.0744,2025-02-18 14:31:15.074,24,false,0.0,4289.231,4332.82,4110.256,4195.897,4360.513
1739917875.0822,2025-02-18 14:31:15.082,25,false,0.0,4292.18,4343.333,4126.795,4194.872,4351.795
1739917875.09,2025-02-18 14:31:15.090,26,false,0.0,4283.59,4341.667,4132.949,4200.513,4355.897
1739917875.0978,2025-02-18 14:31:15.097,27,false,0.0,4293.59,4341.539,4130.385,4217.692,4374.872
1739917875.1056,2025-02-18 14:31:15.105,28,false,0.0,4290.128,4350.769,4118.59,4209.359,4360.0
1739917875.1134,2025-02-18 14:31:15.113,29,false,0.0,4267.308,4342.18,4104.359,4184.487,4334.231
1739917875.1213,2025-02-18 14:31:15.121,30,false,0.0,4258.718,4331.41,4107.436,4179.615,4326.667
1739917875.1291,2025-02-18 14:31:15.129,31,false,0.0,4259.487,4351.539,4123.077,4186.026,4321.026
1739917875.1369,2025-02-18 14:31:15.136,32,false,0.0,4265.641,4365.897,4128.718,4192.436,4329.359
1739917875.1447,2025-02-18 14:31:15.144,33,false,0.0,4279.487,4353.846,4124.103,4200.256,4345.641
1739917875.1525,2025-02-18 14:31:15.152,34,false,0.0,4269.744,4355.769,4116.539,4193.846,4327.308
1739917875.1603,2025-02-18 14:31:15.160,35,false,0.0,4242.308,4362.051,4105.513,4178.974,4299.872
1739917875.1681,2025-02-18 14:31:15.168,36,false,0.0,4239.744,4338.461,4103.718,4182.692,4307.82
1739917875.1759,2025-02-18 14:31:15.175,37,false,0.0,4250.897,4317.308,4117.18,4194.359,4322.051
1739917875.1838,2025-02-18 14:31:15.183,38,false,0.0,4253.59,4332.308,4127.051,4195.769,4323.077
1739917875.1916,2025-02-18 14:31:15.191,39,false,0.0,4260.256,4366.667,4129.744,4197.692,4328.974
1739917875.1994,2025-02-18 14:31:15.199,40,false,0.0,4261.41,4388.461,4134.744,4200.128,4330.0
1739917875.2072,2025-02-18 14:31:15.207,41,false,0.0,4246.026,4371.41,4130.0,4194.487,4317.82
1739917875.215,2025-02-18 14:31:15.215,42,false,0.0,4240.385,4342.692,4115.897,4193.718,4311.41
1739917875.2228,2025-02-18 14:31:15.222,43,false,0.0,4248.205,4353.846,4114.872,4198.59,4308.974
1739917875.2306,2025-02-18 14:31:15.230,44,false,0.0,4243.718,4371.026,4118.461,4189.103,4298.205
1739917875.2384,2025-02-18 14:31:15.238,45,false,0.0,4232.564,4352.564,4111.282,4175.128,4292.051
1739917875.2463,2025-02-18 14:31:15.246,46,false,0.0,4234.615,4344.615,4110.897,4179.615,4298.077
1739917875.2541,2025-02-18 14:31:15.254,47,false,0.0,4239.103,4352.436,4114.744,4188.718,4301.154
1739917875.2619,2025-02-18 14:31:15.261,48,false,0.0,4233.077,4333.59,4102.436,4182.82,4294.744
1739917875.2697,2025-02-18 14:31:15.269,49,false,0.0,4225.769,4325.256,4091.539,4175.385,4287.692
1739917875.2775,2025-02-18 14:31:15.277,50,false,0.0,4226.41,4346.667,4101.795,4178.333,4287.692
1739917875.2853,2025-02-18 14:31:15.285,51,false,0.0,4233.205,4349.615,4114.615,4183.333,4297.436
1739917875.2931,2025-02-18 14:31:15.293,52,false,0.0,4239.359,4350.641,4115.641,4185.256,4305.897
1739917875.3009,2025-02-18 14:31:15.300,53,false,0.0,4237.436,4368.974,4111.795,4185.385,4301.282
1739917875.3088,2025-02-18 14:31:15.308,54,false,0.0,4234.231,4357.436,4112.308,4185.385,4298.333
1739917875.3166,2025-02-18 14:31:15.316,55,false,0.0,4240.256,4335.641,4121.154,4186.795,4304.744
1739917875.3244,2025-02-18 14:31:15.324,56,false,0.0,4240.897,4349.872,4126.923,4181.795,4298.846
1739917875.3322,2025-02-18 14:31:15.332,57,false,0.0,4227.564,4361.282,4120.769,4169.872,4287.18
1739917875.34,2025-02-18 14:31:15.340,58,false,0.0,4226.154,4357.308,4117.949,4172.436,4294.103
1739917875.3478,2025-02-18 14:31:15.347,59,false,0.0,4239.359,4365.641,4122.949,4189.103,4299.487
1739917875.3556,2025-02-18 14:31:15.355,60,false,0.0,4234.103,4356.923,4113.974,4186.282,4283.718
1739917875.3634,2025-02-18 14:31:15.363,61,false,0.0,4219.872,4336.795,4095.0,4167.18,4275.256
1739917875.3713,2025-02-18 14:31:15.371,62,false,0.0,4226.667,4357.692,4093.718,4168.077,4285.641
1739917875.3791,2025-02-18 14:31:15.379,63,false,0.0,4232.82,4377.18,4101.026,4181.795,4288.461
1739917875.3869,2025-02-18 14:31:15.386,64,false,0.0,4223.077,4348.59,4097.436,4183.205,4280.0
1739917875.3947,2025-02-18 14:31:15.394,65,false,0.0,4228.333,4341.539,4102.564,4184.359,4282.051
1739917875.4025,2025-02-18 14:31:15.402,66,false,0.0,4239.615,4375.513,4118.333,4186.41,4289.744
1739917875.4103,2025-02-18 14:31:15.410,67,false,0.0,4221.667,4370.0,4112.308,4171.539,4281.154
1739917875.4181,2025-02-18 14:31:15.418,68,false,0.0,4205.769,4341.282,4102.949,4167.051,4272.308
1739917875.4259,2025-02-18 14:31:15.425,69,false,0.0,4227.051,4358.846,4121.282,4193.205,4288.205
1739917875.4338,2025-02-18 14:31:15.433,70,false,0.0,4247.18,4373.718,4129.231,4205.897,4303.461
1739917875.4416,2025-02-18 14:31:15.441,71,false,0.0,4242.564,4348.461,4113.077,4191.41,4298.461
1739917875.4494,2025-02-18 14:31:15.449,72,false,0.0,4240.385,4354.744,4116.282,4189.231,4299.359
1739917875.4572,2025-02-18 14:31:15.457,73,false,0.0,4243.461,4389.359,4123.333,4193.461,4305.385
1739917875.465,2025-02-18 14:31:15.465,74,false,0.0,4240.513,4379.872,4105.0,4180.897,4297.436
1739917875.4728,2025-02-18 14:31:15.472,75,false,0.0,4240.385,4356.923,4098.205,4171.667,4290.641
1739917875.4806,2025-02-18 14:31:15.480,76,false,0.0,4235.897,4362.949,4107.436,4172.82,4286.282
1739917875.4884,2025-02-18 14:31:15.488,77,false,0.0,4223.59,4360.0,4102.436,4173.718,4276.539
1739917875.4963,2025-02-18 14:31:15.496,78,false,0.0,4229.487,4347.051,4103.718,4184.615,4287.436
1739917875.5041,2025-02-18 14:31:15.504,79,false,0.0,4247.308,4348.59,4113.333,4195.513,4311.539
1739917875.5119,2025-02-18 14:31:15.511,80,false,0.0,4245.641,4347.436,4102.82,4187.051,4309.231
1739917875.5197,2025-02-18 14:31:15.519,81,false,0.0,4239.872,4351.282,4100.385,4183.974,4304.615
1739917875.5275,2025-02-18 14:31:15.527,82,false,0.0,4254.487,4371.795,4122.692,4199.359,4327.308
1739917875.5353,2025-02-18 14:31:15.535,83,false,0.0,4265.513,4371.667,4125.256,4202.949,4338.205
1739917875.5431,2025-02-18 14:31:15.543,84,false,0.0,4253.461,4350.641,4105.128,4184.231,4317.436
1739917875.5509,2025-02-18 14:31:15.550,85,false,0.0,4240.385,4349.103,4097.308,4166.923,4302.949
1739917875.5588,2025-02-18 14:31:15.558,86,false,0.0,4247.564,4359.359,4103.846,4171.667,4315.513
1739917875.5666,2025-02-18 14:31:15.566,87,false,0.0,4261.539,4359.872,4115.641,4192.564,4335.256
1739917875.5744,2025-02-18 14:31:15.574,88,false,0.0,4258.974,4355.0,4121.026,4200.128,4339.872
1739917875.5822,2025-02-18 14:31:15.582,89,false,0.0,4247.949,4344.487,4109.615,4190.513,4330.641
1739917875.59,2025-02-18 14:31:15.590,90,false,0.0,4250.385,4339.744,4104.359,4191.154,4325.385
1739917875.5978,2025-02-18 14:31:15.597,91,false,0.0,4256.154,4358.974,4117.18,4195.897,4327.692
1739917875.6056,2025-02-18 14:31:15.605,92,false,0.0,4244.487,4366.539,4118.846,4187.308,4324.359
1739917875.6134,2025-02-18 14:31:15.613,93,false,0.0,4227.949,4333.59,4110.0,4184.872,4311.923
1739917875.6213,2025-02-18 14:31:15.621,94,false,0.0,4229.359,4317.82,4118.974,4194.615,4300.897
1739917875.6291,2025-02-18 14:31:15.629,95,false,0.0,4243.205,4354.615,4137.308,4195.513,4303.974
1739917875.6369,2025-02-18 14:31:15.636,96,false,0.0,4251.539,4381.41,4142.436,4194.103,4320.128
1739917875.6447,2025-02-18 14:31:15.644,97,false,0.0,4252.051,4366.923,4136.795,4203.205,4331.026
1739917875.6525,2025-02-18 14:31:15.652,98,false,0.0,4246.667,4353.461,4124.872,4203.974,4321.282
1739917875.6603,2025-02-18 14:31:15.660,99,false,0.0,4233.077,4354.103,4109.103,4186.667,4300.256
1739917875.6681,2025-02-18 14:31:15.668,100,false,0.0,4222.82,4355.897,4101.539,4174.872,4291.539
1739917875.6759,2025-02-18 14:31:15.675,101,false,0.0,4227.308,4361.154,4105.769,4183.974,4300.0
1739917875.6838,2025-02-18 14:31:15.683,102,false,0.0,4234.231,4362.051,4108.461,4194.872,4308.077
1739917875.6916,2025-02-18 14:31:15.691,103,false,0.0,4234.103,4356.41,4104.744,4189.103,4308.974
1739917875.6994,2025-02-18 14:31:15.699,104,false,0.0,4234.872,4352.308,4104.744,4178.846,4309.615
1739917875.7072,2025-02-18 14:31:15.707,105,false,0.0,4231.154,4345.897,4109.231,4173.333,4305.769
1739917875.715,2025-02-18 14:31:15.715,106,false,0.0,4217.82,4345.128,4106.154,4160.513,4296.539
1739917875.7228,2025-02-18 14:31:15.722,107,false,0.0,4210.769,4351.154,4098.333,4148.846,4293.205
1739917875.7306,2025-02-18 14:31:15.730,108,false,0.0,4216.667,4339.872,4100.769,4158.461,4297.564
1739917875.7384,2025-02-18 14:31:15.738,109,false,0.0,4229.231,4328.974,4113.205,4178.077,4308.077
1739917875.7463,2025-02-18 14:31:15.746,110,false,0.0,4245.385,4348.333,4124.744,4188.718,4323.974
1739917875.7541,2025-02-18 14:31:15.754,111,false,0.0,4253.59,4366.795,4129.359,4193.205,4327.436
1739917875.7619,2025-02-18 14:31:15.761,112,false,0.0,4245.641,4364.487,4125.385,4193.461,4315.128
1739917875.7697,2025-02-18 14:31:15.769,113,false,0.0,4234.103,4359.359,4117.82,4187.436,4310.0
1739917875.7775,2025-02-18 14:31:15.777,114,false,0.0,4229.615,4347.051,4112.564,4183.077,4310.897
1739917875.7853,2025-02-18 14:31:15.785,115,false,0.0,4229.103,4340.128,4105.641,4182.82,4303.077
1739917875.7931,2025-02-18 14:31:15.793,116,false,0.0,4229.615,4361.539,4098.718,4181.026,4298.333
1739917875.8009,2025-02-18 14:31:15.800,117,false,0.0,4229.103,4373.461,4100.0,4177.949,4300.641
1739917875.8088,2025-02-18 14:31:15.808,118,false,0.0,4227.82,4353.333,4102.564,4176.154,4297.82
1739917875.8166,2025-02-18 14:31:15.816,119,false,0.0,4228.59,4345.0,4101.923,4178.59,4298.205
1739917875.8244,2025-02-18 14:31:15.824,120,false,0.0,4234.872,4361.026,4107.436,4188.59,4309.359
1739917875.8322,2025-02-18 14:31:15.832,121,false,0.0,4246.667,4371.795,4115.128,4196.667,4318.974
1739917875.84,2025-02-18 14:31:15.840,122,false,0.0,4252.18,4370.128,4115.256,4193.846,4322.564
1739917875.8478,2025-02-18 14:31:15.847,123,false,0.0,4245.897,4360.256,4115.641,4190.769,4323.205
1739917875.8556,2025-02-18 14:31:15.855,124,false,0.0,4244.615,4350.769,4118.718,4195.128,4321.795
1739917875.8634,2025-02-18 14:31:15.863,125,false,0.0,4253.718,4356.539,4118.461,4198.974,4324.872
1739917875.8713,2025-02-18 14:31:15.871,126,false,0.0,4258.077,4367.82,4120.128,4200.897,4330.641
1739917875.8791,2025-02-18 14:31:15.879,127,false,0.0,4255.128,4364.231,4121.795,4201.923,4328.461
1739917875.8869,2025-02-18 14:31:15.886,0,false,0.0,4248.333,4350.0,4111.795,4197.051,4320.513
1739917875.8947,2025-02-18 14:31:15.894,1,false,0.0,4239.103,4346.154,4099.744,4193.974,4314.103
1739917875.9025,2025-02-18 14:31:15.902,2,false,0.0,4237.82,4359.744,4102.82,4197.692,4309.744
1739917875.9103,2025-02-18 14:31:15.910,3,false,0.0,4238.461,4368.333,4112.949,4194.359,4306.667
1739917875.9181,2025-02-18 14:31:15.918,4,false,0.0,4226.795,4354.487,4113.59,4187.564,4301.539
1739917875.9259,2025-02-18 14:31:15.925,5,false,0.0,4222.564,4340.641,4106.667,4191.026,4297.18
1739917875.9338,2025-02-18 14:31:15.933,6,false,0.0,4235.128,4335.897,4099.359,4190.769,4302.436
1739917875.9416,2025-02-18 14:31:15.941,7,false,0.0,4238.461,4329.487,4091.539,4184.103,4307.692
1739917875.9494,2025-02-18 14:31:15.949,8,false,0.0,4235.385,4345.0,4090.897,4194.487,4302.051
1739917875.9572,2025-02-18 14:31:15.957,9,false,0.0,4243.333,4375.0,4101.795,4209.487,4297.308
1739917875.965,2025-02-18 14:31:15.965,10,false,0.0,4239.231,4362.308,4101.923,4199.615,4295.769
1739917875.9728,2025-02-18 14:31:15.972,11,false,0.0,4218.974,4332.949,4085.385,4184.231,4288.846
1739917875.9806,2025-02-18 14:31:15.980,12,false,0.0,4223.461,4347.051,4089.615,4190.641,4290.128
1739917875.9884,2025-02-18 14:31:15.988,13,false,0.0,4249.615,4361.026,4117.82,4200.513,4303.077
1739917875.9963,2025-02-18 14:31:15.996,14,false,0.0,4251.41,4343.718,4121.667,4193.59,4303.205
1739917876.0041,2025-02-18 14:31:16.004,15,false,0.0,4234.487,4348.461,4101.667,4185.897,4296.026
1739917876.0119,2025-02-18 14:31:16.011,16,false,0.0,4237.949,4373.846,4100.128,4195.385,4304.744
1739917876.0197,2025-02-18 14:31:16.019,17,false,0.0,4249.872,4373.205,4107.949,4205.128,4308.974
1739917876.0275,2025-02-18 14:31:16.027,18,false,0.0,4238.718,4357.18,4099.615,4193.461,4289.872
1739917876.0353,2025-02-18 14:31:16.035,19,false,0.0,4223.077,4345.513,4094.487,4179.231,4279.872
1739917876.0431,2025-02-18 14:31:16.043,20,false,0.0,4224.487,4336.026,4103.333,4182.564,4290.385
1739917876.0509,2025-02-18 14:31:16.050,21,false,0.0,4225.769,4342.436,4106.667,4185.0,4286.923
1739917876.0588,2025-02-18 14:31:16.058,22,false,0.0,4225.0,4362.949,4106.282,4177.564,4274.231
1739917876.0666,2025-02-18 14:31:16.066,23,false,0.0,4231.923,4366.667,4108.59,4174.487,4277.949
1739917876.0744,2025-02-18 14:31:16.074,24,false,0.0,4225.385,4348.461,4099.359,4170.128,4276.667
1739917876.0822,2025-02-18 14:31:16.082,25,false,0.0,4209.359,4334.615,4088.333,4167.692,4261.41
1739917876.09,2025-02-18 14:31:16.090,26,false,0.0,4213.974,4337.692,4094.744,4183.461,4261.41
1739917876.0978,2025-02-18 14:31:16.097,27,false,0.0,4217.436,4341.282,4098.974,4192.308,4263.077
1739917876.1056,2025-02-18 14:31:16.105,28,false,0.0,4201.923,4335.385,4090.641,4174.487,4247.949
1739917876.1134,2025-02-18 14:31:16.113,29,false,0.0,4206.795,4335.641,4093.205,4166.282,4249.103
1739917876.1213,2025-02-18 14:31:16.121,30,false,0.0,4229.231,4348.718,4101.026,4178.718,4267.308
1739917876.1291,2025-02-18 14:31:16.129,31,false,0.0,4232.436,4361.667,4098.077,4181.795,4268.846
1739917876.1369,2025-02-18 14:31:16.136,32,false,0.0,4233.59,4370.256,4103.59,4179.103,4269.103
1739917876.1447,2025-02-18 14:31:16.144,33,false,0.0,4241.41,4369.103,4115.128,4183.846,4276.026
1739917876.1525,2025-02-18 14:31:16.152,34,false,0.0,4228.205,4351.795,4102.18,4179.487,4260.385
1739917876.1603,2025-02-18 14:31:16.160,35,false,0.0,4208.59,4332.436,4078.205,4162.82,4234.872
1739917876.1681,2025-02-18 14:31:16.168,36,false,0.0,4206.41,4330.769,4078.461,4152.564,4229.231
1739917876.1759,2025-02-18 14:31:16.175,37,false,0.0,4207.436,4350.128,4096.539,4158.333,4237.308
1739917876.1838,2025-02-18 14:31:16.183,38,false,0.0,4209.103,4364.359,4103.974,4172.692,4248.333
1739917876.1916,2025-02-18 14:31:16.191,39,false,0.0,4214.487,4345.128,4092.308,4178.974,4250.256
1739917876.1994,2025-02-18 14:31:16.199,40,false,0.0,4216.667,4330.128,4082.564,4178.974,4241.026
1739917876.2072,2025-02-18 14:31:16.207,41,false,0.0,4218.718,4353.461,4087.692,4184.744,4243.974
1739917876.215,2025-02-18 14:31:16.215,42,false,0.0,4212.051,4351.539,4085.128,4180.897,4244.744
1739917876.2228,2025-02-18 14:31:16.222,43,false,0.0,4195.0,4313.077,4071.026,4166.539,4222.564
1739917876.2306,2025-02-18 14:31:16.230,44,false,0.0,4206.026,4325.256,4080.256,4173.718,4224.615
1739917876.2384,2025-02-18 14:31:16.238,45,false,0.0,4240.769,4365.513,4108.461,4192.18,4261.667
1739917876.2463,2025-02-18 14:31:16.246,46,false,0.0,4246.667,4357.308,4117.308,4190.513,4266.923
1739917876.2541,2025-02-18 14:31:16.254,47,false,0.0,4230.513,4351.539,4108.333,4185.128,4239.744
1739917876.2619,2025-02-18 14:31:16.261,48,false,0.0,4225.769,4374.872,4099.615,4183.461,4228.974
1739917876.2697,2025-02-18 14:31:16.269,49,false,0.0,4217.692,4362.308,4089.103,4164.615,4225.128
1739917876.2775,2025-02-18 14:31:16.277,50,false,0.0,4202.051,4331.154,4080.256,4148.846,4213.846
1739917876.2853,2025-02-18 14:31:16.285,51,false,0.0,4204.744,4338.205,4083.461,4162.308,4214.487
1739917876.2931,2025-02-18 14:31:16.293,52,false,0.0,4222.051,4362.308,4096.41,4182.436,4228.718
1739917876.3009,2025-02-18 14:31:16.300,53,false,0.0,4232.692,4374.103,4104.744,4192.18,4245.641
1739917876.3088,2025-02-18 14:31:16.308,54,false,0.0,4235.0,4363.205,4099.615,4194.615,4258.59
1739917876.3166,2025-02-18 14:31:16.316,55,false,0.0,4233.59,4333.077,4093.205,4182.949,4256.41
1739917876.3244,2025-02-18 14:31:16.324,56,false,0.0,4226.154,4328.077,4097.949,4169.231,4242.308
1739917876.3322,2025-02-18 14:31:16.332,57,false,0.0,4219.872,4356.923,4103.718,4177.564,4235.256
1739917876.34,2025-02-18 14:31:16.340,58,false,0.0,4225.897,4369.103,4103.333,4190.0,4242.82
1739917876.3478,2025-02-18 14:31:16.347,59,false,0.0,4230.385,4358.718,4097.564,4177.18,4248.974
1739917876.3556,2025-02-18 14:31:16.355,60,false,0.0,4217.18,4353.333,4086.795,4159.487,4238.59
1739917876.3634,2025-02-18 14:31:16.363,61,false,0.0,4205.0,4347.949,4083.205,4162.82,4224.744
1739917876.3713,2025-02-18 14:31:16.371,62,false,0.0,4203.461,4340.385,4084.359,4165.256,4221.539
1739917876.3791,2025-02-18 14:31:16.379,63,false,0.0,4198.846,4346.667,4072.051,4154.872,4219.231
1739917876.3869,2025-02-18 14:31:16.386,64,false,0.0,4209.359,4361.923,4070.385,4163.205,4227.051
1739917876.3947,2025-02-18 14:31:16.394,65,false,0.0,4239.487,4362.308,4098.974,4189.103,4253.974
1739917876.4025,2025-02-18 14:31:16.402,66,false,0.0,4237.82,4343.846,4110.128,4187.564,4255.769
1739917876.4103,2025-02-18 14:31:16.410,67,false,0.0,4202.18,4337.308,4089.744,4165.769,4221.154
1739917876.4181,2025-02-18 14:31:16.418,68,false,0.0,4196.667,4358.718,4087.821,4174.615,4212.82
1739917876.4259,2025-02-18 14:31:16.425,69,false,0.0,4224.103,4375.0,4103.077,4203.974,4240.256
1739917876.4338,2025-02-18 14:31:16.433,70,false,0.0,4231.795,4363.974,4094.744,4200.897,4246.026
1739917876.4416,2025-02-18 14:31:16.441,71,false,0.0,4216.282,4352.051,4073.974,4169.231,4223.59
1739917876.4494,2025-02-18 14:31:16.449,72,false,0.0,4206.795,4356.026,4066.154,4153.077,4209.744
1739917876.4572,2025-02-18 14:31:16.457,73,false,0.0,4206.923,4355.256,4066.667,4157.18,4211.795
1739917876.465,2025-02-18 14:31:16.465,74,false,0.0,4207.82,4344.359,4070.256,4161.923,4216.41
1739917876.4728,2025-02-18 14:31:16.472,75,false,0.0,4213.59,4347.949,4075.0,4170.0,4217.949
1739917876.4806,2025-02-18 14:31:16.480,76,false,0.0,4222.051,4359.872,4076.923,4179.615,4219.487
1739917876.4884,2025-02-18 14:31:16.488,77,false,0.0,4217.308,4348.846,4080.641,4176.41,4222.051
1739917876.4963,2025-02-18 14:31:16.496,78,false,0.0,4203.718,4337.564,4088.461,4171.41,4219.615
1739917876.5041,2025-02-18 14:31:16.504,79,false,0.0,4198.846,4356.154,4090.641,4173.974,4210.128
1739917876.5119,2025-02-18 14:31:16.511,80,false,0.0,4199.615,4358.077,4084.231,4168.846,4202.18
1739917876.5197,2025-02-18 14:31:16.519,81,false,0.0,4205.641,4331.026,4087.308,4165.513,4209.231
1739917876.5275,2025-02-18 14:31:16.527,82,false,0.0,4223.205,4343.205,4107.051,4179.359,4231.154
1739917876.5353,2025-02-18 14:31:16.535,83,false,0.0,4226.539,4385.0,4113.846,4183.846,4239.487
1739917876.5431,2025-02-18 14:31:16.543,84,false,0.0,4209.103,4386.154,4097.692,4174.103,4223.077
1739917876.5509,2025-02-18 14:31:16.550,85,false,0.0,4210.256,4363.974,4092.436,4181.539,4217.949
1739917876.5588,2025-02-18 14:31:16.558,86,false,0.0,4226.667,4355.897,4101.282,4192.308,4233.846
1739917876.5666,2025-02-18 14:31:16.566,87,false,0.0,4225.256,4347.436,4097.692,4184.744,4239.103
1739917876.5744,2025-02-18 14:31:16.574,88,false,0.0,4221.41,4339.744,4087.564,4182.949,4236.026
1739917876.5822,2025-02-18 14:31:16.582,89,false,0.0,4220.897,4340.641,4077.436,4185.385,4234.103
1739917876.59,2025-02-18 14:31:16.590,90,false,0.0,4204.872,4347.949,4064.231,4172.051,4221.667
1739917876.5978,2025-02-18 14:31:16.597,91,false,0.0,4203.077,4373.077,4075.769,4170.0,4222.692
1739917876.6056,2025-02-18 14:31:16.605,92,false,0.0,4226.923,4388.59,4106.539,4186.282,4248.461
1739917876.6134,2025-02-18 14:31:16.613,93,false,0.0,4226.667,4361.41,4103.718,4185.513,4251.026
1739917876.6213,2025-02-18 14:31:16.621,94,false,0.0,4206.795,4338.461,4078.974,4174.487,4225.769
1739917876.6291,2025-02-18 14:31:16.629,95,false,0.0,4210.513,4351.41,4078.205,4174.615,4220.385
1739917876.6369,2025-02-18 14:31:16.636,96,false,0.0,4222.18,4363.974,4087.692,4176.667,4234.744
1739917876.6447,2025-02-18 14:31:16.644,97,false,0.0,4226.923,4372.436,4092.436,4183.846,4245.769
1739917876.6525,2025-02-18 14:31:16.652,98,false,0.0,4239.872,4387.308,4104.487,4197.692,4253.846
1739917876.6603,2025-02-18 14:31:16.660,99,false,0.0,4242.436,4383.077,4106.154,4193.846,4252.692
1739917876.6681,2025-02-18 14:31:16.668,100,false,0.0,4221.667,4361.41,4086.41,4176.923,4241.539
1739917876.6759,2025-02-18 14:31:16.675,101,false,0.0,4208.333,4347.308,4076.154,4172.564,4236.41
1739917876.6838,2025-02-18 14:31:16.683,102,false,0.0,4211.923,4341.923,4086.282,4178.333,4237.692
1739917876.6916,2025-02-18 14:31:16.691,103,false,0.0,4214.231,4342.564,4092.821,4181.026,4236.026
1739917876.6994,2025-02-18 14:31:16.699,104,false,0.0,4216.282,4351.667,4090.513,4178.846,4233.974
1739917876.7072,2025-02-18 14:31:16.707,105,false,0.0,4225.256,4369.487,4092.821,4177.308,4236.026
1739917876.715,2025-02-18 14:31:16.715,106,false,0.0,4228.205,4384.872,4094.231,4175.641,4237.564
1739917876.7228,2025-02-18 14:31:16.722,107,false,0.0,4218.205,4374.744,4090.256,4167.949,4235.641
1739917876.7306,2025-02-18 14:31:16.730,108,false,0.0,4218.333,4361.026,4101.154,4170.897,4241.667
1739917876.7384,2025-02-18 14:31:16.738,109,false,0.0,4236.923,4380.897,4120.513,4193.333,4253.461
1739917876.7463,2025-02-18 14:31:16.746,110,false,0.0,4242.949,4398.077,4112.949,4198.077,4247.82
1739917876.7541,2025-02-18 14:31:16.754,111,false,0.0,4230.897,4385.641,4092.821,4181.154,4234.744
1739917876.7619,2025-02-18 14:31:16.761,112,false,0.0,4226.282,4378.077,4090.128,4179.231,4239.359
1739917876.7697,2025-02-18 14:31:16.769,113,false,0.0,4221.667,4365.385,4082.949,4179.103,4240.513
1739917876.7775,2025-02-18 14:31:16.777,114,false,0.0,4214.359,4338.718,4071.282,4172.82,4227.564
1739917876.7853,2025-02-18 14:31:16.785,115,false,0.0,4223.846,4348.718,4082.949,4185.0,4223.59
1739917876.7931,2025-02-18 14:31:16.793,116,false,0.0,4225.513,4370.513,4090.0,4187.949,4220.128
1739917876.8009,2025-02-18 14:31:16.800,117,false,0.0,4211.795,4353.59,4078.718,4169.872,4216.667
1739917876.8088,2025-02-18 14:31:16.808,118,false,0.0,4222.949,4357.18,4086.026,4175.513,4237.308
1739917876.8166,2025-02-18 14:31:16.816,119,false,0.0,4233.718,4393.974,4095.897,4185.128,4250.385
1739917876.8244,2025-02-18 14:31:16.824,120,false,0.0,4213.846,4388.333,4083.59,4171.154,4230.128
1739917876.8322,2025-02-18 14:31:16.832,121,false,0.0,4215.256,4362.308,4085.128,4175.897,4222.692
1739917876.84,2025-02-18 14:31:16.840,122,false,0.0,4235.128,4367.692,4097.949,4190.897,4236.282
1739917876.8478,2025-02-18 14:31:16.847,123,false,0.0,4222.692,4369.615,4091.795,4183.974,4235.128
1739917876.8556,2025-02-18 14:31:16.855,124,false,0.0,4209.872,4359.231,4090.641,4187.051,4229.103
1739917876.8634,2025-02-18 14:31:16.863,125,false,0.0,4214.872,4360.0,4095.256,4193.59,4225.897
1739917876.8713,2025-02-18 14:31:16.871,126,false,0.0,4202.308,4357.564,4079.487,4173.333,4213.846
1739917876.8791,2025-02-18 14:31:16.879,127,false,0.0,4193.077,4353.59,4071.41,4159.744,4209.231
1739917876.8869,2025-02-18 14:31:16.886,0,false,0.0,4200.128,4356.539,4079.487,4158.205,4212.436
1739917876.8947,2025-02-18 14:31:16.894,1,false,0.0,4191.026,4351.795,4066.539,4145.0,4204.615
1739917876.9025,2025-02-18 14:31:16.902,2,false,0.0,4182.692,4351.026,4045.513,4141.282,4196.667
1739917876.9103,2025-02-18 14:31:16.910,3,false,0.0,4192.436,4361.41,4046.41,4146.41,4196.282
1739917876.9181,2025-02-18 14:31:16.918,4,false,0.0,4195.256,4361.923,4056.795,4144.487,4197.564
1739917876.9259,2025-02-18 14:31:16.925,5,false,0.0,4194.487,4353.718,4064.615,4152.949,4202.82
1739917876.9338,2025-02-18 14:31:16.933,6,false,0.0,4194.744,4340.0,4065.769,4160.385,4200.897
1739917876.9416,2025-02-18 14:31:16.941,7,false,0.0,4189.872,4328.333,4063.205,4158.846,4191.923
1739917876.9494,2025-02-18 14:31:16.949,8,false,0.0,4201.539,4348.077,4072.436,4173.974,4200.256
1739917876.9572,2025-02-18 14:31:16.957,9,false,0.0,4215.897,4372.949,4082.179,4177.692,4213.333
1739917876.965,2025-02-18 14:31:16.965,10,false,0.0,4207.18,4367.692,4085.0,4158.077,4211.667
1739917876.9728,2025-02-18 14:31:16.972,11,false,0.0,4210.0,4375.128,4102.564,4171.923,4217.18
1739917876.9806,2025-02-18 14:31:16.980,12,false,0.0,4222.564,4389.103,4109.103,4194.615,4221.667
1739917876.9884,2025-02-18 14:31:16.988,13,false,0.0,4199.231,4351.026,4069.231,4165.897,4196.282
1739917876.9963,2025-02-18 14:31:16.996,14,false,0.0,4177.436,4322.308,4037.179,4139.487,4179.231
1739917877.0041,2025-02-18 14:31:17.004,15,false,0.0,4197.18,4361.026,4053.461,4158.461,4202.308
1739917877.0119,2025-02-18 14:31:17.011,16,false,0.0,4209.231,4378.461,4069.615,4170.641,4217.308
1739917877.0197,2025-02-18 14:31:17.019,17,false,0.0,4197.308,4348.205,4063.718,4161.282,4201.154
1739917877.0275,2025-02-18 14:31:17.027,18,false,0.0,4207.18,4356.667,4068.461,4165.256,4200.897
1739917877.0353,2025-02-18 14:31:17.035,19,false,0.0,4233.718,4388.333,4085.0,4178.974,4225.0
1739917877.0431,2025-02-18 14:31:17.043,20,false,0.0,4231.795,4376.026,4086.667,4177.436,4224.744
1739917877.0509,2025-02-18 14:31:17.050,21,false,0.0,4206.795,4354.487,4072.821,4160.897,4199.487
1739917877.0588,2025-02-18 14:31:17.058,22,false,0.0,4200.128,4356.539,4071.154,4158.59,4198.077
1739917877.0666,2025-02-18 14:31:17.066,23,false,0.0,4213.333,4358.718,4086.026,4176.154,4213.718
1739917877.0744,2025-02-18 14:31:17.074,24,false,0.0,4210.769,4361.795,4085.385,4176.41,4203.461
1739917877.0822,2025-02-18 14:31:17.082,25,false,0.0,4201.41,4367.692,4073.846,4165.769,4192.692
1739917877.09,2025-02-18 14:31:17.090,26,false,0.0,4222.564,4366.923,4086.667,4182.564,4219.872
1739917877.0978,2025-02-18 14:31:17.097,27,false,0.0,4246.923,4378.974,4106.282,4194.615,4243.333
1739917877.1056,2025-02-18 14:31:17.105,28,false,0.0,4233.718,4388.974,4101.667,4174.615,4226.923
1739917877.1134,2025-02-18 14:31:17.113,29,false,0.0,4216.282,4356.539,4092.692,4165.256,4206.539
1739917877.1213,2025-02-18 14:31:17.121,30,false,0.0,4221.923,4325.769,4090.256,4170.513,4207.692
1739917877.1291,2025-02-18 14:31:17.129,31,false,0.0,4223.333,4348.461,4085.256,4167.82,4219.359
1739917877.1369,2025-02-18 14:31:17.136,32,false,0.0,4219.744,4379.103,4087.692,4178.333,4231.026
1739917877.1447,2025-02-18 14:31:17.144,33,false,0.0,4226.026,4377.564,4093.718,4191.026,4228.461
1739917877.1525,2025-02-18 14:31:17.152,34,false,0.0,4221.795,4366.923,4085.513,4178.846,4212.692
1739917877.1603,2025-02-18 14:31:17.160,35,false,0.0,4207.692,4356.795,4076.539,4172.564,4206.795
1739917877.1681,2025-02-18 14:31:17.168,36,false,0.0,4207.949,4342.436,4080.385,4176.795,4207.82
1739917877.1759,2025-02-18 14:31:17.175,37,false,0.0,4211.282,4336.667,4084.872,4166.282,4205.128
1739917877.1838,2025-02-18 14:31:17.183,38,false,0.0,4212.949,4350.385,4087.949,4170.385,4213.59
1739917877.1916,2025-02-18 14:31:17.191,39,false,0.0,4231.667,4379.615,4098.846,4194.231,4231.154
1739917877.1994,2025-02-18 14:31:17.199,40,false,0.0,4244.744,4393.718,4110.385,4193.077,4233.846
1739917877.2072,2025-02-18 14:31:17.207,41,false,0.0,4227.051,4371.539,4104.872,4176.667,4220.897
1739917877.215,2025-02-18 14:31:17.215,42,false,0.0,4209.615,4357.308,4084.103,4171.41,4209.231
1739917877.2228,2025-02-18 14:31:17.222,43,false,0.0,4209.744,4375.641,4072.564,4166.539,4210.128
1739917877.2306,2025-02-18 14:31:17.230,44,false,0.0,4208.846,4371.026,4075.641,4169.744,4217.308
1739917877.2384,2025-02-18 14:31:17.238,45,false,0.0,4212.18,4339.615,4081.667,4185.0,4216.923
1739917877.2463,2025-02-18 14:31:17.246,46,false,0.0,4227.564,4343.077,4096.923,4189.487,4220.385
1739917877.2541,2025-02-18 14:31:17.254,47,false,0.0,4232.18,4368.59,4113.974,4189.487,4234.487
1739917877.2619,2025-02-18 14:31:17.261,48,false,0.0,4218.846,4375.513,4103.718,4192.18,4231.026
1739917877.2697,2025-02-18 14:31:17.269,49,false,0.0,4207.564,4372.692,4080.385,4178.59,4211.923
1739917877.2775,2025-02-18 14:31:17.277,50,false,0.0,4209.872,4359.359,4080.385,4166.795,4212.564
1739917877.2853,2025-02-18 14:31:17.285,51,false,0.0,4224.487,4348.718,4096.667,4179.487,4227.564
1739917877.2931,2025-02-18 14:31:17.293,52,false,0.0,4236.667,4366.154,4105.385,4187.18,4232.051
1739917877.3009,2025-02-18 14:31:17.300,53,false,0.0,4225.513,4363.846,4098.205,4174.487,4225.256
1739917877.3088,2025-02-18 14:31:17.308,54,false,0.0,4203.974,4330.769,4082.308,4169.231,4213.974
1739917877.3166,2025-02-18 14:31:17.316,55,false,0.0,4204.615,4335.769,4081.667,4180.0,4213.205
1739917877.3244,2025-02-18 14:31:17.324,56,false,0.0,4219.487,4349.615,4090.641,4186.923,4226.282
1739917877.3322,2025-02-18 14:31:17.332,57,false,0.0,4219.359,4324.359,4082.692,4182.949,4230.769
1739917877.34,2025-02-18 14:31:17.340,58,false,0.0,4213.846,4331.282,4080.128,4183.077,4232.564
1739917877.3478,2025-02-18 14:31:17.347,59,false,0.0,4218.205,4370.897,4098.205,4190.0,4243.846
1739917877.3556,2025-02-18 14:31:17.355,60,false,0.0,4214.103,4363.077,4096.282,4184.487,4239.103
1739917877.3634,2025-02-18 14:31:17.363,61,false,0.0,4198.333,4342.436,4078.461,4170.897,4225.641
1739917877.3713,2025-02-18 14:31:17.371,62,false,0.0,4195.513,4350.256,4081.539,4171.154,4232.564
1739917877.3791,2025-02-18 14:31:17.379,63,false,0.0,4201.282,4345.897,4084.872,4171.026,4234.487
1739917877.3869,2025-02-18 14:31:17.386,64,false,0.0,4198.974,4342.308,4076.667,4161.923,4226.795
1739917877.3947,2025-02-18 14:31:17.394,65,false,0.0,4202.18,4363.59,4084.615,4171.282,4246.026
1739917877.4025,2025-02-18 14:31:17.402,66,false,0.0,4211.282,4365.513,4094.103,4188.974,4268.718
1739917877.4103,2025-02-18 14:31:17.410,67,false,0.0,4205.897,4344.359,4080.641,4182.436,4259.487
1739917877.4181,2025-02-18 14:31:17.418,68,false,0.0,4198.077,4341.795,4070.769,4172.051,4247.436
1739917877.4259,2025-02-18 14:31:17.425,69,false,0.0,4207.692,4352.436,4083.59,4179.487,4254.872
1739917877.4338,2025-02-18 14:31:17.433,70,false,0.0,4217.564,4352.692,4095.385,4184.487,4264.231
1739917877.4416,2025-02-18 14:31:17.441,71,false,0.0,4212.692,4354.872,4089.231,4177.82,4261.41
1739917877.4494,2025-02-18 14:31:17.449,72,false,0.0,4201.41,4362.436,4076.41,4170.769,4248.846
1739917877.4572,2025-02-18 14:31:17.457,73,false,0.0,4194.615,4350.897,4069.615,4170.513,4242.949
1739917877.465,2025-02-18 14:31:17.465,74,false,0.0,4204.744,4338.974,4070.256,4177.949,4251.154
1739917877.4728,2025-02-18 14:31:17.472,75,false,0.0,4219.359,4358.974,4075.385,4180.256,4254.103
1739917877.4806,2025-02-18 14:31:17.480,76,false,0.0,4207.051,4364.744,4073.974,4167.949,4244.872
1739917877.4884,2025-02-18 14:31:17.488,77,false,0.0,4188.461,4336.41,4066.795,4159.231,4241.539
1739917877.4963,2025-02-18 14:31:17.496,78,false,0.0,4199.744,4342.564,4076.795,4166.282,4253.59
1739917877.5041,2025-02-18 14:31:17.504,79,false,0.0,4211.923,4370.513,4096.667,4173.461,4271.154
1739917877.5119,2025-02-18 14:31:17.511,80,false,0.0,4202.18,4360.897,4094.615,4172.692,4276.667
1739917877.5197,2025-02-18 14:31:17.519,81,false,0.0,4201.923,4356.667,4088.461,4172.82,4268.59
1739917877.5275,2025-02-18 14:31:17.527,82,false,0.0,4212.436,4374.872,4098.205,4177.436,4264.615
1739917877.5353,2025-02-18 14:31:17.535,83,false,0.0,4211.539,4366.923,4098.974,4177.82,4264.872
1739917877.5431,2025-02-18 14:31:17.543,84,false,0.0,4208.718,4350.897,4095.256,4169.744,4261.154
1739917877.5509,2025-02-18 14:31:17.550,85,false,0.0,4211.154,4349.615,4107.436,4170.897,4264.359
1739917877.5588,2025-02-18 14:31:17.558,86,false,0.0,4221.282,4358.205,4116.41,4194.359,4278.974
1739917877.5666,2025-02-18 14:31:17.566,87,false,0.0,4245.128,4390.385,4119.487,4216.154,4293.718
1739917877.5744,2025-02-18 14:31:17.574,88,false,0.0,4255.256,4400.769,4125.256,4212.949,4298.077
1739917877.5822,2025-02-18 14:31:17.582,89,false,0.0,4237.18,4361.539,4111.282,4195.897,4284.103
1739917877.59,2025-02-18 14:31:17.590,90,false,0.0,4225.769,4352.82,4088.974,4179.872,4264.744
1739917877.5978,2025-02-18 14:31:17.597,91,false,0.0,4225.513,4372.692,4090.769,4167.18,4261.282
1739917877.6056,2025-02-18 14:31:17.605,92,false,0.0,4216.667,4353.461,4099.103,4163.461,4258.846
1739917877.6134,2025-02-18 14:31:17.613,93,false,0.0,4217.18,4345.256,4101.539,4168.718,4246.923
1739917877.6213,2025-02-18 14:31:17.621,94,false,0.0,4230.513,4374.615,4113.205,4177.564,4255.256
1739917877.6291,2025-02-18 14:31:17.629,95,false,0.0,4235.769,4375.641,4120.0,4189.744,4280.256
1739917877.6369,2025-02-18 14:31:17.636,96,false,0.0,4237.692,4363.846,4108.718,4193.846,4279.103
1739917877.6447,2025-02-18 14:31:17.644,97,false,0.0,4237.82,4377.436,4097.692,4179.231,4259.487
1739917877.6525,2025-02-18 14:31:17.652,98,false,0.0,4231.026,4379.103,4097.692,4170.385,4260.641
1739917877.6603,2025-02-18 14:31:17.660,99,false,0.0,4235.256,4368.077,4106.539,4184.615,4271.795
1739917877.6681,2025-02-18 14:31:17.668,100,false,0.0,4244.231,4373.205,4118.846,4197.308,4268.461
1739917877.6759,2025-02-18 14:31:17.675,101,false,0.0,4237.949,4377.308,4123.333,4197.692,4262.692
1739917877.6838,2025-02-18 14:31:17.683,102,false,0.0,4233.205,4373.846,4118.205,4197.308,4258.461
1739917877.6916,2025-02-18 14:31:17.691,103,false,0.0,4232.308,4374.231,4111.795,4188.205,4243.59
1739917877.6994,2025-02-18 14:31:17.699,104,false,0.0,4221.539,4369.231,4109.231,4175.513,4236.026
1739917877.7072,2025-02-18 14:31:17.707,105,false,0.0,4220.769,4363.59,4109.744,4177.564,4249.359
1739917877.715,2025-02-18 14:31:17.715,106,false,0.0,4230.513,4370.256,4105.0,4176.923,4254.872
1739917877.7228,2025-02-18 14:31:17.722,107,false,0.0,4229.231,4373.333,4098.333,4170.769,4246.795
1739917877.7306,2025-02-18 14:31:17.730,108,false,0.0,4237.051,4367.949,4108.077,4189.359,4255.769
1739917877.7384,2025-02-18 14:31:17.738,109,false,0.0,4253.846,4377.436,4128.077,4211.667,4275.385
1739917877.7463,2025-02-18 14:31:17.746,110,false,0.0,4241.026,4392.051,4130.0,4201.026,4272.564
1739917877.7541,2025-02-18 14:31:17.754,111,false,0.0,4216.667,4376.282,4115.897,4185.128,4252.692
1739917877.7619,2025-02-18 14:31:17.761,112,false,0.0,4218.974,4352.692,4111.923,4186.41,4241.154
1739917877.7697,2025-02-18 14:31:17.769,113,false,0.0,4230.256,4366.539,4124.103,4190.641,4243.59
1739917877.7775,2025-02-18 14:31:17.777,114,false,0.0,4239.103,4392.308,4140.897,4198.461,4256.026
1739917877.7853,2025-02-18 14:31:17.785,115,false,0.0,4250.385,4391.026,4152.82,4205.513,4267.949
1739917877.7931,2025-02-18 14:31:17.793,116,false,0.0,4243.205,4379.872,4145.641,4197.82,4260.256
1739917877.8009,2025-02-18 14:31:17.800,117,false,0.0,4221.923,4373.205,4115.385,4186.923,4234.872
1739917877.8088,2025-02-18 14:31:17.808,118,false,0.0,4220.128,4366.667,4096.026,4185.128,4224.744
1739917877.8166,2025-02-18 14:31:17.816,119,false,0.0,4229.872,4369.231,4110.897,4187.308,4240.385
1739917877.8244,2025-02-18 14:31:17.824,120,false,0.0,4227.949,4377.436,4127.692,4191.923,4251.026
1739917877.8322,2025-02-18 14:31:17.832,121,false,0.0,4226.41,4380.897,4126.026,4196.282,4246.795
1739917877.84,2025-02-18 14:31:17.840,122,false,0.0,4233.718,4381.026,4123.461,4197.436,4243.59
1739917877.8478,2025-02-18 14:31:17.847,123,false,0.0,4231.923,4370.256,4116.154,4195.128,4237.18
1739917877.8556,2025-02-18 14:31:17.855,124,false,0.0,4216.539,4363.205,4100.641,4186.667,4227.564
1739917877.8634,2025-02-18 14:31:17.863,125,false,0.0,4208.461,4388.077,4099.744,4182.82,4230.641
1739917877.8713,2025-02-18 14:31:17.871,126,false,0.0,4216.154,4406.154,4107.692,4193.59,4234.872
1739917877.8791,2025-02-18 14:31:17.879,127,false,0.0,4225.128,4383.974,4108.59,4203.59,4230.641
1739917877.8869,2025-02-18 14:31:17.886,0,false,0.0,4230.897,4378.718,4115.897,4203.718,4237.692
1739917877.8947,2025-02-18 14:31:17.894,1,false,0.0,4234.744,4408.333,4124.487,4201.026,4248.205
1739917877.9025,2025-02-18 14:31:17.902,2,false,0.0,4225.513,4408.718,4116.41,4193.846,4237.692
1739917877.9103,2025-02-18 14:31:17.910,3,false,0.0,4208.461,4380.641,4103.59,4186.667,4221.795
1739917877.9181,2025-02-18 14:31:17.918,4,false,0.0,4206.41,4375.769,4095.385,4188.974,4220.128
1739917877.9259,2025-02-18 14:31:17.925,5,false,0.0,4212.564,4382.82,4088.846,4191.795,4222.308
1739917877.9338,2025-02-18 14:31:17.933,6,false,0.0,4210.256,4378.846,4092.821,4190.128,4223.333
1739917877.9416,2025-02-18 14:31:17.941,7,false,0.0,4208.59,4381.667,4100.641,4188.461,4225.769
1739917877.9494,2025-02-18 14:31:17.949,8,false,0.0,4208.846,4390.769,4093.333,4182.18,4222.949
1739917877.9572,2025-02-18 14:31:17.957,9,false,0.0,4203.974,4386.026,4082.308,4177.692,4217.564
1739917877.965,2025-02-18 14:31:17.965,10,false,0.0,4205.769,4370.0,4086.282,4187.051,4220.513
1739917877.9728,2025-02-18 14:31:17.972,11,false,0.0,4211.41,4359.359,4094.359,4193.974,4224.231
1739917877.9806,2025-02-18 14:31:17.980,12,false,0.0,4203.718,4364.231,4093.59,4186.539,4219.615
1739917877.9884,2025-02-18 14:31:17.988,13,false,0.0,4198.718,4377.051,4091.539,4183.333,4220.256
1739917877.9963,2025-02-18 14:31:17.996,14,false,0.0,4207.82,4378.333,4093.718,4184.744,4225.769
1739917878.0041,2025-02-18 14:31:18.004,15,false,0.0,4208.461,4371.795,4096.539,4176.539,4215.769
1739917878.0119,2025-02-18 14:31:18.011,16,false,0.0,4206.539,4374.487,4104.615,4177.436,4207.18
1739917878.0197,2025-02-18 14:31:18.019,17,false,0.0,4221.154,4377.949,4114.744,4193.461,4225.0
1739917878.0275,2025-02-18 14:31:18.027,18,false,0.0,4227.564,4366.923,4105.513,4192.051,4236.154
1739917878.0353,2025-02-18 14:31:18.035,19,false,0.0,4214.615,4357.308,4086.795,4175.769,4217.436
1739917878.0431,2025-02-18 14:31:18.043,20,false,0.0,4212.692,4369.744,4093.974,4176.923,4209.103
1739917878.0509,2025-02-18 14:31:18.050,21,false,0.0,4219.872,4385.0,4112.949,4185.641,4223.59
1739917878.0588,2025-02-18 14:31:18.058,22,false,0.0,4214.231,4373.59,4107.308,4184.231,4224.231
1739917878.0666,2025-02-18 14:31:18.066,23,false,0.0,4211.667,4361.667,4094.487,4187.308,4212.18
1739917878.0744,2025-02-18 14:31:18.074,24,false,0.0,4220.385,4378.333,4099.744,4191.026,4212.051
1739917878.0822,2025-02-18 14:31:18.082,25,false,0.0,4219.615,4382.564,4102.82,4179.359,4213.333
1739917878.09,2025-02-18 14:31:18.090,26,false,0.0,4209.103,4358.974,4092.821,4167.308,4204.872
1739917878.0978,2025-02-18 14:31:18.097,27,false,0.0,4207.949,4360.769,4092.564,4170.897,4207.692
1739917878.1056,2025-02-18 14:31:18.105,28,false,0.0,4222.949,4384.231,4107.949,4185.897,4231.795
1739917878.1134,2025-02-18 14:31:18.113,29,false,0.0,4242.82,4385.256,4117.692,4201.795,4253.205
1739917878.1213,2025-02-18 14:31:18.121,30,false,0.0,4246.539,4376.795,4113.205,4201.026,4252.436
1739917878.1291,2025-02-18 14:31:18.129,31,false,0.0,4232.18,4371.923,4108.205,4185.385,4241.41
1739917878.1369,2025-02-18 14:31:18.136,32,false,0.0,4218.974,4364.103,4108.205,4179.487,4236.41
1739917878.1447,2025-02-18 14:31:18.144,33,false,0.0,4210.769,4366.795,4102.18,4181.795,4233.205
1739917878.1525,2025-02-18 14:31:18.152,34,false,0.0,4207.692,4370.256,4099.487,4184.359,4229.872
1739917878.1603,2025-02-18 14:31:18.160,35,false,0.0,4221.026,4369.359,4119.615,4201.539,4235.385
1739917878.1681,2025-02-18 14:31:18.168,36,false,0.0,4232.949,4384.744,4135.513,4213.718,4240.128
1739917878.1759,2025-02-18 14:31:18.175,37,false,0.0,4220.256,4388.718,4118.333,4192.436,4231.667
1739917878.1838,2025-02-18 14:31:18.183,38,false,0.0,4208.718,4369.231,4101.923,4174.872,4228.205
1739917878.1916,2025-02-18 14:31:18.191,39,false,0.0,4214.359,4372.436,4107.82,4188.974,4235.897
1739917878.1994,2025-02-18 14:31:18.199,40,false,0.0,4212.692,4380.897,4106.282,4196.41,4230.897
1739917878.2072,2025-02-18 14:31:18.207,41,false,0.0,4208.461,4363.461,4100.385,4187.436,4221.41
1739917878.215,2025-02-18 14:31:18.215,42,false,0.0,4223.59,4364.487,4112.051,4191.795,4232.18
1739917878.2228,2025-02-18 14:31:18.222,43,false,0.0,4235.385,4385.0,4118.333,4198.718,4244.359
1739917878.2306,2025-02-18 14:31:18.230,44,false,0.0,4223.077,4384.231,4106.795,4192.051,4241.667
1739917878.2384,2025-02-18 14:31:18.238,45,false,0.0,4212.051,4377.051,4103.59,4191.026,4243.846
1739917878.2463,2025-02-18 14:31:18.246,46,false,0.0,4217.436,4376.026,4110.897,4196.026,4250.0
1739917878.2541,2025-02-18 14:31:18.254,47,false,0.0,4221.026,4379.615,4115.897,4190.0,4247.308
1739917878.2619,2025-02-18 14:31:18.261,48,false,0.0,4218.333,4396.539,4125.769,4187.949,4253.205
1739917878.2697,2025-02-18 14:31:18.269,49,false,0.0,4219.615,4396.282,4134.744,4200.0,4271.923
1739917878.2775,2025-02-18 14:31:18.277,50,false,0.0,4219.872,4369.615,4125.641,4204.103,4281.923
1739917878.2853,2025-02-18 14:31:18.285,51,false,0.0,4218.077,4364.487,4110.128,4200.385,4287.436
1739917878.2931,2025-02-18 14:31:18.293,52,false,0.0,4227.051,4376.667,4107.949,4204.103,4300.513
1739917878.3009,2025-02-18 14:31:18.300,53,false,0.0,4236.026,4376.539,4112.436,4202.949,4306.026
1739917878.3088,2025-02-18 14:31:18.308,54,false,0.0,4231.026,4384.231,4115.769,4195.513,4301.923
1739917878.3166,2025-02-18 14:31:18.316,55,false,0.0,4228.846,4398.205,4125.641,4201.667,4308.846
1739917878.3244,2025-02-18 14:31:18.324,56,false,0.0,4229.872,4394.231,4134.744,4208.333,4320.513
1739917878.3322,2025-02-18 14:31:18.332,57,false,0.0,4218.205,4386.026,4128.077,4201.282,4315.256
1739917878.34,2025-02-18 14:31:18.340,58,false,0.0,4209.359,4379.615,4117.308,4197.308,4300.0
1739917878.3478,2025-02-18 14:31:18.347,59,false,0.0,4207.82,4365.769,4110.897,4192.564,4288.846
1739917878.3556,2025-02-18 14:31:18.355,60,false,0.0,4200.0,4363.077,4104.615,4181.923,4286.282
1739917878.3634,2025-02-18 14:31:18.363,61,false,0.0,4208.846,4376.539,4117.949,4190.769,4301.282
1739917878.3713,2025-02-18 14:31:18.371,62,false,0.0,4234.872,4381.026,4144.872,4207.564,4322.18
1739917878.3791,2025-02-18 14:31:18.379,63,false,0.0,4236.026,4377.18,4139.615,4202.051,4322.308
1739917878.3869,2025-02-18 14:31:18.386,64,false,0.0,4223.333,4381.539,4116.41,4194.487,4313.974
1739917878.3947,2025-02-18 14:31:18.394,65,false,0.0,4224.872,4381.923,4118.974,4196.539,4317.692
1739917878.4025,2025-02-18 14:31:18.402,66,false,0.0,4220.513,4372.949,4123.205,4189.615,4315.513
1739917878.4103,2025-02-18 14:31:18.410,67,false,0.0,4213.59,4372.692,4113.333,4189.231,4303.718
1739917878.4181,2025-02-18 14:31:18.418,68,false,0.0,4219.359,4372.051,4110.513,4202.18,4297.949
1739917878.4259,2025-02-18 14:31:18.425,69,false,0.0,4212.692,4359.487,4101.41,4196.282,4288.974
1739917878.4338,2025-02-18 14:31:18.433,70,false,0.0,4198.974,4360.769,4090.256,4180.769,4279.103
1739917878.4416,2025-02-18 14:31:18.441,71,false,0.0,4204.744,4371.026,4106.282,4185.256,4286.667
1739917878.4494,2025-02-18 14:31:18.449,72,false,0.0,4208.59,4360.385,4117.18,4189.103,4293.59
1739917878.4572,2025-02-18 14:31:18.457,73,false,0.0,4204.359,4358.077,4102.692,4181.154,4284.487
1739917878.465,2025-02-18 14:31:18.465,74,false,0.0,4211.923,4381.539,4104.231,4185.0,4277.308
1739917878.4728,2025-02-18 14:31:18.472,75,false,0.0,4212.051,4383.333,4115.769,4194.872,4274.231
1739917878.4806,2025-02-18 14:31:18.480,76,false,0.0,4200.769,4360.897,4107.692,4193.718,4271.154
1739917878.4884,2025-02-18 14:31:18.488,77,false,0.0,4205.128,4354.872,4100.897,4192.949,4276.282
1739917878.4963,2025-02-18 14:31:18.496,78,false,0.0,4212.308,4358.461,4099.872,4197.18,4279.103
1739917878.5041,2025-02-18 14:31:18.504,79,false,0.0,4208.333,4361.282,4094.231,4202.18,4275.641
1739917878.5119,2025-02-18 14:31:18.511,80,false,0.0,4212.692,4373.59,4098.461,4209.872,4281.154
1739917878.5197,2025-02-18 14:31:18.519,81,false,0.0,4216.282,4381.154,4099.103,4206.795,4284.872
1739917878.5275,2025-02-18 14:31:18.527,82,false,0.0,4203.974,4370.769,4081.539,4190.256,4275.769
1739917878.5353,2025-02-18 14:31:18.535,83,false,0.0,4193.59,4350.128,4071.282,4180.897,4269.744
1739917878.5431,2025-02-18 14:31:18.543,84,false,0.0,4188.461,4337.692,4067.051,4176.282,4265.128
1739917878.5509,2025-02-18 14:31:18.550,85,false,0.0,4183.718,4355.769,4063.461,4170.897,4258.846
1739917878.5588,2025-02-18 14:31:18.558,86,false,0.0,4193.077,4374.615,4085.769,4179.359,4268.974
1739917878.5666,2025-02-18 14:31:18.566,87,false,0.0,4203.974,4352.436,4109.487,4186.795,4282.564
1739917878.5744,2025-02-18 14:31:18.574,88,false,0.0,4200.128,4343.846,4104.103,4179.615,4278.59
1739917878.5822,2025-02-18 14:31:18.582,89,false,0.0,4201.667,4383.205,4105.256,4182.564,4278.846
1739917878.59,2025-02-18 14:31:18.590,90,false,0.0,4209.615,4389.615,4114.744,4191.923,4289.231
1739917878.5978,2025-02-18 14:31:18.597,91,false,0.0,4212.82,4357.82,4103.974,4190.128,4289.872
1739917878.6056,2025-02-18 14:31:18.605,92,false,0.0,4224.615,4367.051,4104.359,4196.154,4291.026
1739917878.6134,2025-02-18 14:31:18.613,93,false,0.0,4227.564,4381.795,4116.41,4198.205,4291.539
1739917878.6213,2025-02-18 14:31:18.621,94,false,0.0,4203.077,4354.744,4099.231,4179.103,4273.333
1739917878.6291,2025-02-18 14:31:18.629,95,false,0.0,4196.282,4347.692,4086.923,4179.487,4261.923
1739917878.6369,2025-02-18 14:31:18.636,96,false,0.0,4213.718,4367.18,4103.59,4195.385,4269.103
1739917878.6447,2025-02-18 14:31:18.644,97,false,0.0,4203.59,4364.359,4099.103,4177.051,4256.154
1739917878.6525,2025-02-18 14:31:18.652,98,false,0.0,4184.872,4361.282,4083.59,4155.0,4235.128
1739917878.6603,2025-02-18 14:31:18.660,99,false,0.0,4198.077,4366.282,4097.692,4169.872,4244.487
1739917878.6681,2025-02-18 14:31:18.668,100,false,0.0,4210.128,4358.333,4106.539,4185.897,4251.923
1739917878.6759,2025-02-18 14:31:18.675,101,false,0.0,4203.718,4360.897,4095.0,4182.564,4234.615
1739917878.6838,2025-02-18 14:31:18.683,102,false,0.0,4207.051,4362.308,4098.846,4179.872,4234.103
1739917878.6916,2025-02-18 14:31:18.691,103,false,0.0,4215.641,4336.282,4109.231,4180.641,4252.18
1739917878.6994,2025-02-18 14:31:18.699,104,false,0.0,4214.103,4334.744,4108.718,4180.513,4254.872
1739917878.7072,2025-02-18 14:31:18.707,105,false,0.0,4217.18,4370.256,4115.256,4185.769,4257.82
1739917878.715,2025-02-18 14:31:18.715,106,false,0.0,4229.359,4385.641,4128.718,4198.59,4273.974
1739917878.7228,2025-02-18 14:31:18.722,107,false,0.0,4229.872,4380.769,4130.385,4203.974,4269.615
1739917878.7306,2025-02-18 14:31:18.730,108,false,0.0,4212.436,4369.359,4119.231,4185.897,4245.128
1739917878.7384,2025-02-18 14:31:18.738,109,false,0.0,4197.564,4346.41,4105.513,4166.026,4240.513
1739917878.7463,2025-02-18 14:31:18.746,110,false,0.0,4197.564,4346.667,4100.769,4173.077,4252.051
1739917878.7541,2025-02-18 14:31:18.754,111,false,0.0,4204.231,4361.795,4105.897,4186.282,4254.359
1739917878.7619,2025-02-18 14:31:18.761,112,false,0.0,4213.846,4353.461,4109.487,4181.667,4255.641
1739917878.7697,2025-02-18 14:31:18.769,113,false,0.0,4221.667,4361.539,4109.615,4173.718,4259.231
1739917878.7775,2025-02-18 14:31:18.777,114,false,0.0,4215.641,4382.436,4107.692,4174.872,4249.231
1739917878.7853,2025-02-18 14:31:18.785,115,false,0.0,4207.692,4356.795,4102.18,4183.333,4237.82
1739917878.7931,2025-02-18 14:31:18.793,116,false,0.0,4213.974,4340.0,4103.205,4194.231,4244.231
1739917878.8009,2025-02-18 14:31:18.800,117,false,0.0,4218.718,4366.795,4112.308,4196.667,4250.769
1739917878.8088,2025-02-18 14:31:18.808,118,false,0.0,4209.872,4352.051,4111.026,4188.718,4238.461
1739917878.8166,2025-02-18 14:31:18.816,119,false,0.0,4200.513,4323.846,4100.897,4180.641,4224.103
1739917878.8244,2025-02-18 14:31:18.824,120,false,0.0,4202.82,4362.18,4102.692,4180.385,4227.82
1739917878.8322,2025-02-18 14:31:18.832,121,false,0.0,4213.461,4382.949,4108.461,4186.154,4237.308
1739917878.84,2025-02-18 14:31:18.840,122,false,0.0,4216.026,4345.128,4099.103,4184.615,4230.385
1739917878.8478,2025-02-18 14:31:18.847,123,false,0.0,4211.026,4350.513,4090.256,4176.026,4219.615
1739917878.8556,2025-02-18 14:31:18.855,124,false,0.0,4216.41,4386.667,4097.308,4178.718,4224.615
1739917878.8634,2025-02-18 14:31:18.863,125,false,0.0,4221.539,4369.359,4102.564,4188.461,4230.513
1739917878.8713,2025-02-18 14:31:18.871,126,false,0.0,4223.846,4353.205,4110.641,4199.231,4241.282
1739917878.8791,2025-02-18 14:31:18.879,127,false,0.0,4262.308,4399.744,4149.231,4232.051,4285.513
1739917878.8869,2025-02-18 14:31:18.886,0,false,0.0,4317.692,4450.0,4193.974,4271.41,4328.974
1739917878.8947,2025-02-18 14:31:18.894,1,false,0.0,4323.974,4455.769,4201.154,4272.436,4323.974
1739917878.9025,2025-02-18 14:31:18.902,2,false,0.0,4304.103,4441.026,4185.769,4251.282,4311.539
1739917878.9103,2025-02-18 14:31:18.910,3,false,0.0,4314.359,4436.795,4182.692,4254.103,4330.897
1739917878.9181,2025-02-18 14:31:18.918,4,false,0.0,4335.385,4453.461,4195.513,4278.205,4348.461
1739917878.9259,2025-02-18 14:31:18.925,5,false,0.0,4343.974,4475.769,4211.795,4294.231,4351.41
1739917878.9338,2025-02-18 14:31:18.933,6,false,0.0,4346.923,4473.846,4214.103,4287.949,4355.385
1739917878.9416,2025-02-18 14:31:18.941,7,false,0.0,4331.667,4448.846,4193.59,4267.82,4347.308
1739917878.9494,2025-02-18 14:31:18.949,8,false,0.0,4305.256,4428.718,4169.487,4253.974,4331.282
1739917878.9572,2025-02-18 14:31:18.957,9,false,0.0,4302.308,4423.333,4161.667,4251.667,4336.923
1739917878.965,2025-02-18 14:31:18.965,10,false,0.0,4311.41,4428.461,4163.333,4250.128,4350.513
1739917878.9728,2025-02-18 14:31:18.972,11,false,0.0,4303.461,4443.333,4162.308,4242.949,4346.539
1739917878.9806,2025-02-18 14:31:18.980,12,false,0.0,4296.026,4453.974,4163.461,4236.41,4346.795
1739917878.9884,2025-02-18 14:31:18.988,13,false,0.0,4304.872,4443.333,4173.59,4239.103,4365.513
1739917878.9963,2025-02-18 14:31:18.996,14,false,0.0,4305.0,4421.41,4174.872,4239.872,4371.795
1739917879.0041,2025-02-18 14:31:19.004,15,false,0.0,4290.769,4411.539,4160.641,4230.385,4363.974
1739917879.0119,2025-02-18 14:31:19.011,16,false,0.0,4292.692,4422.308,4163.077,4235.513,4376.41
1739917879.0197,2025-02-18 14:31:19.019,17,false,0.0,4305.513,4436.667,4180.385,4254.231,4395.256
1739917879.0275,2025-02-18 14:31:19.027,18,false,0.0,4295.256,4425.897,4169.231,4248.974,4384.615
1739917879.0353,2025-02-18 14:31:19.035,19,false,0.0,4276.539,4403.333,4146.41,4234.872,4371.282
1739917879.0431,2025-02-18 14:31:19.043,20,false,0.0,4280.513,4411.795,4154.487,4242.692,4382.82
1739917879.0509,2025-02-18 14:31:19.050,21,false,0.0,4285.897,4428.846,4165.641,4241.282,4386.667
1739917879.0588,2025-02-18 14:31:19.058,22,false,0.0,4276.282,4408.461,4155.256,4220.897,4374.103
1739917879.0666,2025-02-18 14:31:19.066,23,false,0.0,4277.051,4391.667,4154.744,4218.461,4380.513
1739917879.0744,2025-02-18 14:31:19.074,24,false,0.0,4289.872,4423.718,4164.231,4224.359,4398.205
1739917879.0822,2025-02-18 14:31:19.082,25,false,0.0,4289.744,4455.513,4160.128,4215.256,4393.461
1739917879.09,2025-02-18 14:31:19.090,26,false,0.0,4277.692,4440.385,4154.872,4212.308,4378.461
1739917879.0978,2025-02-18 14:31:19.097,27,false,0.0,4269.615,4407.18,4152.436,4218.205,4376.539
1739917879.1056,2025-02-18 14:31:19.105,28,false,0.0,4268.077,4395.0,4139.231,4213.205,4375.256
1739917879.1134,2025-02-18 14:31:19.113,29,false,0.0,4262.692,4403.333,4131.026,4207.308,4360.256
1739917879.1213,2025-02-18 14:31:19.121,30,false,0.0,4247.308,4406.795,4136.282,4211.41,4344.359
1739917879.1291,2025-02-18 14:31:19.129,31,false,0.0,4238.59,4398.333,4136.795,4214.359,4343.974
1739917879.1369,2025-02-18 14:31:19.136,32,false,0.0,4250.513,4401.667,4137.436,4212.949,4355.513
1739917879.1447,2025-02-18 14:31:19.144,33,false,0.0,4265.385,4419.231,4151.41,4213.59,4366.539
1739917879.1525,2025-02-18 14:31:19.152,34,false,0.0,4268.718,4420.513,4159.615,4215.513,4371.667
1739917879.1603,2025-02-18 14:31:19.160,35,false,0.0,4264.615,4402.051,4144.744,4213.205,4368.59
1739917879.1681,2025-02-18 14:31:19.168,36,false,0.0,4253.59,4393.846,4124.231,4205.769,4359.487
1739917879.1759,2025-02-18 14:31:19.175,37,false,0.0,4247.949,4401.667,4121.667,4202.82,4358.461
1739917879.1838,2025-02-18 14:31:19.183,38,false,0.0,4259.231,4400.256,4133.846,4204.744,4365.641
1739917879.1916,2025-02-18 14:31:19.191,39,false,0.0,4262.18,4386.282,4140.513,4196.667,4359.103
1739917879.1994,2025-02-18 14:31:19.199,40,false,0.0,4247.308,4386.923,4139.487,4184.615,4338.333
1739917879.2072,2025-02-18 14:31:19.207,41,false,0.0,4242.949,4401.539,4139.359,4187.564,4328.59
1739917879.215,2025-02-18 14:31:19.215,42,false,0.0,4249.359,4400.128,4137.82,4198.205,4329.744
1739917879.2228,2025-02-18 14:31:19.222,43,false,0.0,4248.461,4386.795,4136.282,4204.103,4325.256
1739917879.2306,2025-02-18 14:31:19.230,44,false,0.0,4246.41,4383.077,4134.103,4203.461,4318.59
1739917879.2384,2025-02-18 14:31:19.238,45,false,0.0,4243.718,4383.333,4119.231,4194.744,4312.564
1739917879.2463,2025-02-18 14:31:19.246,46,false,0.0,4236.667,4379.744,4105.897,4189.615,4300.256
1739917879.2541,2025-02-18 14:31:19.254,47,false,0.0,4231.539,4377.692,4111.795,4192.692,4284.615
1739917879.2619,2025-02-18 14:31:19.261,48,false,0.0,4222.308,4379.872,4114.615,4187.949,4274.744
1739917879.2697,2025-02-18 14:31:19.269,49,false,0.0,4212.692,4385.256,4107.051,4185.769,4273.59
1739917879.2775,2025-02-18 14:31:19.277,50,false,0.0,4217.051,4380.256,4108.846,4197.436,4273.974
1739917879.2853,2025-02-18 14:31:19.285,51,false,0.0,4221.154,4365.256,4112.436,4193.205,4270.385
1739917879.2931,2025-02-18 14:31:19.293,52,false,0.0,4218.974,4375.641,4115.641,4178.077,4274.615
1739917879.3009,2025-02-18 14:31:19.300,53,false,0.0,4226.282,4401.795,4130.256,4184.615,4283.461
1739917879.3088,2025-02-18 14:31:19.308,54,false,0.0,4229.487,4392.82,4130.897,4190.128,4272.308
1739917879.3166,2025-02-18 14:31:19.316,55,false,0.0,4220.769,4372.18,4109.872,4179.872,4257.436
1739917879.3244,2025-02-18 14:31:19.324,56,false,0.0,4220.769,4383.846,4100.897,4177.564,4262.18
1739917879.3322,2025-02-18 14:31:19.332,57,false,0.0,4223.077,4390.0,4102.564,4173.846,4257.82
1739917879.34,2025-02-18 14:31:19.340,58,false,0.0,4217.82,4370.897,4100.513,4166.41,4240.641
1739917879.3478,2025-02-18 14:31:19.347,59,false,0.0,4215.513,4361.41,4099.359,4176.282,4240.769
1739917879.3556,2025-02-18 14:31:19.355,60,false,0.0,4208.846,4358.59,4088.461,4181.539,4239.615
1739917879.3634,2025-02-18 14:31:19.363,61,false,0.0,4200.128,4357.564,4076.154,4169.487,4222.436
1739917879.3713,2025-02-18 14:31:19.371,62,false,0.0,4202.949,4367.436,4083.077,4165.897,4215.128
1739917879.3791,2025-02-18 14:31:19.379,63,false,0.0,4197.692,4356.026,4082.949,4163.59,4210.0
1739917879.3869,2025-02-18 14:31:19.386,64,false,0.0,4185.897,4332.949,4070.897,4161.026,4197.564
1739917879.3947,2025-02-18 14:31:19.394,65,false,0.0,4197.436,4354.103,4081.282,4178.461,4202.692
1739917879.4025,2025-02-18 14:31:19.402,66,false,0.0,4214.487,4380.128,4097.051,4190.513,4215.513
1739917879.4103,2025-02-18 14:31:19.410,67,false,0.0,4214.231,4359.872,4094.103,4181.41,4212.051
1739917879.4181,2025-02-18 14:31:19.418,68,false,0.0,4212.308,4346.923,4092.949,4181.923,4207.18
1739917879.4259,2025-02-18 14:31:19.425,69,false,0.0,4212.436,4356.923,4088.974,4188.205,4208.718
1739917879.4338,2025-02-18 14:31:19.433,70,false,0.0,4212.436,4345.385,4075.128,4181.795,4208.077
1739917879.4416,2025-02-18 14:31:19.441,71,false,0.0,4217.949,4342.18,4078.846,4177.82,4206.667
1739917879.4494,2025-02-18 14:31:19.449,72,false,0.0,4218.333,4370.513,4096.026,4182.949,4201.795
1739917879.4572,2025-02-18 14:31:19.457,73,false,0.0,4212.436,4376.923,4098.333,4188.718,4194.744
1739917879.465,2025-02-18 14:31:19.465,74,false,0.0,4208.718,4354.359,4089.872,4188.59,4190.897
1739917879.4728,2025-02-18 14:31:19.472,75,false,0.0,4198.461,4343.333,4080.897,4177.436,4181.923
1739917879.4806,2025-02-18 14:31:19.480,76,false,0.0,4189.487,4338.333,4073.974,4167.949,4172.564
1739917879.4884,2025-02-18 14:31:19.488,77,false,0.0,4199.103,4331.282,4078.718,4172.564,4180.0
1739917879.4963,2025-02-18 14:31:19.496,78,false,0.0,4215.385,4341.923,4092.051,4182.436,4197.436
1739917879.5041,2025-02-18 14:31:19.504,79,false,0.0,4226.795,4362.82,4097.949,4189.872,4208.974
1739917879.5119,2025-02-18 14:31:19.511,80,false,0.0,4234.872,4373.974,4095.769,4188.333,4210.256
1739917879.5197,2025-02-18 14:31:19.519,81,false,0.0,4234.103,4376.539,4096.667,4175.769,4204.487
1739917879.5275,2025-02-18 14:31:19.527,82,false,0.0,4228.205,4367.18,4099.487,4169.615,4201.026
1739917879.5353,2025-02-18 14:31:19.535,83,false,0.0,4225.769,4347.564,4096.667,4176.539,4202.436
1739917879.5431,2025-02-18 14:31:19.543,84,false,0.0,4227.18,4348.974,4101.282,4191.026,4207.051
1739917879.5509,2025-02-18 14:31:19.550,85,false,0.0,4233.333,4375.256,4117.18,4208.333,4213.846
1739917879.5588,2025-02-18 14:31:19.558,86,false,0.0,4228.846,4379.744,4111.154,4203.077,4206.282
1739917879.5666,2025-02-18 14:31:19.566,87,false,0.0,4209.872,4353.461,4084.103,4175.0,4181.795
1739917879.5744,2025-02-18 14:31:19.574,88,false,0.0,4206.667,4338.077,4079.359,4165.256,4174.487
1739917879.5822,2025-02-18 14:31:19.582,89,false,0.0,4215.0,4341.923,4085.641,4168.461,4185.513
1739917879.59,2025-02-18 14:31:19.590,90,false,0.0,4206.539,4350.513,4075.769,4159.744,4185.385
1739917879.5978,2025-02-18 14:31:19.597,91,false,0.0,4204.615,4363.59,4079.231,4165.769,4184.359
1739917879.6056,2025-02-18 14:31:19.605,92,false,0.0,4214.615,4362.82,4091.282,4180.897,4187.692
1739917879.6134,2025-02-18 14:31:19.613,93,false,0.0,4198.59,4345.769,4072.308,4165.769,4171.41
1739917879.6213,2025-02-18 14:31:19.621,94,false,0.0,4181.282,4353.974,4058.974,4150.897,4158.846
1739917879.6291,2025-02-18 14:31:19.629,95,false,0.0,4198.718,4378.333,4083.461,4166.667,4173.718
1739917879.6369,2025-02-18 14:31:19.636,96,false,0.0,4210.385,4369.103,4095.513,4174.872,4180.769
1739917879.6447,2025-02-18 14:31:19.644,97,false,0.0,4198.718,4342.308,4079.487,4165.769,4172.308
1739917879.6525,2025-02-18 14:31:19.652,98,false,0.0,4194.872,4329.615,4067.821,4164.231,4172.051
1739917879.6603,2025-02-18 14:31:19.660,99,false,0.0,4198.077,4331.539,4058.846,4165.897,4170.641
1739917879.6681,2025-02-18 14:31:19.668,100,false,0.0,4205.256,4360.897,4056.923,4167.308,4170.128
1739917879.6759,2025-02-18 14:31:19.675,101,false,0.0,4217.692,4386.795,4072.179,4167.564,4181.795
1739917879.6838,2025-02-18 14:31:19.683,102,false,0.0,4211.795,4355.385,4076.154,4159.231,4182.18
1739917879.6916,2025-02-18 14:31:19.691,103,false,0.0,4202.051,4323.974,4069.103,4162.18,4177.82
1739917879.6994,2025-02-18 14:31:19.699,104,false,0.0,4215.128,4347.82,4077.308,4177.949,4190.0
1739917879.7072,2025-02-18 14:31:19.707,105,false,0.0,4216.795,4355.513,4079.359,4168.333,4190.513
1739917879.715,2025-02-18 14:31:19.715,106,false,0.0,4200.128,4323.333,4067.564,4147.308,4177.308
1739917879.7228,2025-02-18 14:31:19.722,107,false,0.0,4206.41,4317.949,4072.692,4155.256,4183.461
1739917879.7306,2025-02-18 14:31:19.730,108,false,0.0,4223.718,4335.897,4088.846,4170.256,4194.487
1739917879.7384,2025-02-18 14:31:19.738,109,false,0.0,4223.846,4337.82,4095.385,4168.718,4193.077
1739917879.7463,2025-02-18 14:31:19.746,110,false,0.0,4216.923,4335.641,4091.795,4163.077,4189.231
1739917879.7541,2025-02-18 14:31:19.754,111,false,0.0,4206.667,4337.692,4078.205,4158.461,4178.461
1739917879.7619,2025-02-18 14:31:19.761,112,false,0.0,4203.205,4336.667,4072.692,4163.077,4175.256
1739917879.7697,2025-02-18 14:31:19.769,113,false,0.0,4220.385,4336.923,4083.974,4178.205,4193.59
1739917879.7775,2025-02-18 14:31:19.777,114,false,0.0,4228.077,4346.026,4083.461,4174.872,4199.103
1739917879.7853,2025-02-18 14:31:19.785,115,false,0.0,4212.692,4363.333,4075.897,4156.539,4188.205
1739917879.7931,2025-02-18 14:31:19.793,116,false,0.0,4208.59,4362.308,4086.41,4158.333,4192.308
1739917879.8009,2025-02-18 14:31:19.800,117,false,0.0,4219.615,4333.205,4090.897,4170.385,4195.513
1739917879.8088,2025-02-18 14:31:19.808,118,false,0.0,4219.487,4325.256,4076.667,4168.846,4181.667
1739917879.8166,2025-02-18 14:31:19.816,119,false,0.0,4208.077,4346.539,4071.539,4163.59,4171.795
1739917879.8244,2025-02-18 14:31:19.824,120,false,0.0,4204.359,4349.615,4081.282,4166.795,4176.026
1739917879.8322,2025-02-18 14:31:19.832,121,false,0.0,4214.103,4343.718,4090.897,4172.564,4187.18
1739917879.84,2025-02-18 14:31:19.840,122,false,0.0,4217.82,4351.667,4090.769,4172.051,4185.897
1739917879.8478,2025-02-18 14:31:19.847,123,false,0.0,4207.564,4353.077,4084.872,4167.692,4168.461
1739917879.8556,2025-02-18 14:31:19.855,124,false,0.0,4210.0,4355.0,4093.846,4174.359,4171.923
1739917879.8634,2025-02-18 14:31:19.863,125,false,0.0,4223.461,4368.333,4110.256,4186.41,4194.872
1739917879.8713,2025-02-18 14:31:19.871,126,false,0.0,4218.718,4363.077,4103.333,4183.974,4191.923
1739917879.8791,2025-02-18 14:31:19.879,127,false,0.0,4209.615,4335.641,4084.231,4176.539,4177.564
1739917879.8869,2025-02-18 14:31:19.886,0,false,0.0,4215.128,4315.385,4076.667,4177.692,4180.769
1739917879.8947,2025-02-18 14:31:19.894,1,false,0.0,4215.385,4324.231,4075.641,4176.795,4179.615
1739917879.9025,2025-02-18 14:31:19.902,2,false,0.0,4210.128,4363.461,4081.539,4173.461,4173.59
1739917879.9103,2025-02-18 14:31:19.910,3,false,0.0,4211.154,4378.846,4088.718,4170.256,4175.897
1739917879.9181,2025-02-18 14:31:19.918,4,false,0.0,4201.795,4335.769,4077.821,4156.795,4167.308
1739917879.9259,2025-02-18 14:31:19.925,5,false,0.0,4188.333,4308.974,4067.308,4149.872,4157.436
1739917879.9338,2025-02-18 14:31:19.933,6,false,0.0,4200.128,4338.59,4083.974,4166.795,4172.051
1739917879.9416,2025-02-18 14:31:19.941,7,false,0.0,4217.692,4349.103,4098.333,4173.974,4183.974
1739917879.9494,2025-02-18 14:31:19.949,8,false,0.0,4204.872,4322.564,4079.744,4151.667,4166.154
1739917879.9572,2025-02-18 14:31:19.957,9,false,0.0,4184.487,4319.615,4059.487,4138.718,4147.18
1739917879.965,2025-02-18 14:31:19.965,10,false,0.0,4192.051,4332.692,4070.256,4154.615,4157.18
1739917879.9728,2025-02-18 14:31:19.972,11,false,0.0,4208.974,4330.385,4082.821,4169.359,4177.051
1739917879.9806,2025-02-18 14:31:19.980,12,false,0.0,4205.897,4336.41,4070.385,4168.205,4173.461
1739917879.9884,2025-02-18 14:31:19.988,13,false,0.0,4201.795,4353.461,4063.846,4169.615,4157.82
1739917879.9963,2025-02-18 14:31:19.996,14,false,0.0,4213.59,4354.103,4079.359,4178.974,4158.846
1739917880.0041,2025-02-18 14:31:20.004,15,false,0.0,4216.154,4345.385,4085.513,4176.667,4163.846
1739917880.0119,2025-02-18 14:31:20.011,16,false,0.0,4201.923,4341.282,4079.103,4163.077,4159.872
1739917880.0197,2025-02-18 14:31:20.019,17,false,0.0,4196.667,4336.41,4078.461,4158.333,4157.949
1739917880.0275,2025-02-18 14:31:20.027,18,false,0.0,4197.949,4332.18,4069.487,4155.256,4150.385
1739917880.0353,2025-02-18 14:31:20.035,19,false,0.0,4193.461,4334.872,4057.564,4146.795,4141.154
1739917880.0431,2025-02-18 14:31:20.043,20,false,0.0,4202.436,4346.41,4075.641,4158.205,4158.974
1739917880.0509,2025-02-18 14:31:20.050,21,false,0.0,4217.436,4358.333,4100.641,4177.436,4178.333
1739917880.0588,2025-02-18 14:31:20.058,22,false,0.0,4201.923,4352.82,4085.513,4165.897,4161.282
1739917880.0666,2025-02-18 14:31:20.066,23,false,0.0,4181.154,4338.59,4056.667,4151.539,4146.667
1739917880.0744,2025-02-18 14:31:20.074,24,false,0.0,4195.769,4337.82,4057.821,4163.333,4162.564
1739917880.0822,2025-02-18 14:31:20.082,25,false,0.0,4210.385,4342.82,4066.923,4162.051,4167.436
1739917880.09,2025-02-18 14:31:20.090,26,false,0.0,4199.359,4349.487,4063.59,4146.41,4152.051
1739917880.0978,2025-02-18 14:31:20.097,27,false,0.0,4197.692,4359.103,4071.026,4154.744,4151.795
1739917880.1056,2025-02-18 14:31:20.105,28,false,0.0,4201.41,4347.436,4079.872,4163.333,4158.59
1739917880.1134,2025-02-18 14:31:20.113,29,false,0.0,4185.641,4326.026,4062.949,4148.461,4146.154
1739917880.1213,2025-02-18 14:31:20.121,30,false,0.0,4179.359,4333.205,4051.282,4146.667,4135.0
1739917880.1291,2025-02-18 14:31:20.129,31,false,0.0,4195.641,4344.487,4064.103,4162.564,4147.436
1739917880.1369,2025-02-18 14:31:20.136,32,false,0.0,4199.872,4335.385,4062.949,4158.718,4156.923
1739917880.1447,2025-02-18 14:31:20.144,33,false,0.0,4188.974,4332.692,4046.667,4140.769,4142.949
1739917880.1525,2025-02-18 14:31:20.152,34,false,0.0,4182.949,4333.077,4045.513,4136.923,4130.385
1739917880.1603,2025-02-18 14:31:20.160,35,false,0.0,4177.436,4322.308,4042.179,4139.359,4130.256
1739917880.1681,2025-02-18 14:31:20.168,36,false,0.0,4169.872,4320.128,4028.59,4131.923,4125.897
1739917880.1759,2025-02-18 14:31:20.175,37,false,0.0,4173.461,4324.359,4035.897,4132.692,4128.846
1739917880.1838,2025-02-18 14:31:20.183,38,false,0.0,4192.564,4326.41,4057.564,4152.308,4150.641
1739917880.1916,2025-02-18 14:31:20.191,39,false,0.0,4208.461,4332.308,4062.051,4156.41,4158.205
1739917880.1994,2025-02-18 14:31:20.199,40,false,0.0,4202.564,4329.103,4056.154,4136.539,4142.18
1739917880.2072,2025-02-18 14:31:20.207,41,false,0.0,4194.615,4327.692,4059.231,4133.718,4141.41
1739917880.215,2025-02-18 14:31:20.215,42,false,0.0,4206.539,4347.051,4070.385,4147.82,4159.231
1739917880.2228,2025-02-18 14:31:20.222,43,false,0.0,4214.103,4349.872,4077.436,4150.641,4166.41
1739917880.2306,2025-02-18 14:31:20.230,44,false,0.0,4206.923,4336.795,4074.872,4157.82,4166.026
1739917880.2384,2025-02-18 14:31:20.238,45,false,0.0,4209.359,4354.103,4072.051,4170.0,4166.41
1739917880.2463,2025-02-18 14:31:20.246,46,false,0.0,4211.539,4361.026,4070.641,4157.692,4156.41
1739917880.2541,2025-02-18 14:31:20.254,47,false,0.0,4200.256,4326.41,4059.359,4140.256,4146.154
1739917880.2619,2025-02-18 14:31:20.261,48,false,0.0,4202.82,4316.667,4050.513,4144.487,4158.077
1739917880.2697,2025-02-18 14:31:20.269,49,false,0.0,4217.564,4339.103,4063.077,4151.154,4181.026
1739917880.2775,2025-02-18 14:31:20.277,50,false,0.0,4219.359,4342.308,4078.205,4156.539,4190.128
1739917880.2853,2025-02-18 14:31:20.285,51,false,0.0,4217.051,4343.846,4073.59,4164.744,4180.769
1739917880.2931,2025-02-18 14:31:20.293,52,false,0.0,4211.41,4348.205,4060.128,4151.282,4161.795
1739917880.3009,2025-02-18 14:31:20.300,53,false,0.0,4193.59,4325.897,4053.333,4128.59,4150.769
1739917880.3088,2025-02-18 14:31:20.308,54,false,0.0,4191.667,4311.923,4059.231,4137.949,4163.077
1739917880.3166,2025-02-18 14:31:20.316,55,false,0.0,4211.41,4330.897,4077.564,4164.872,4185.513
1739917880.3244,2025-02-18 14:31:20.324,56,false,0.0,4220.128,4342.564,4090.897,4178.461,4193.205
1739917880.3322,2025-02-18 14:31:20.332,57,false,0.0,4219.872,4339.231,4089.615,4182.82,4191.667
1739917880.34,2025-02-18 14:31:20.340,58,false,0.0,4220.0,4335.769,4084.231,4172.436,4190.0
1739917880.3478,2025-02-18 14:31:20.347,59,false,0.0,4203.461,4326.795,4073.718,4144.615,4177.18
1739917880.3556,2025-02-18 14:31:20.355,60,false,0.0,4190.128,4330.0,4059.231,4133.59,4166.667
1739917880.3634,2025-02-18 14:31:20.363,61,false,0.0,4205.256,4347.692,4058.718,4146.41,4180.897
1739917880.3713,2025-02-18 14:31:20.371,62,false,0.0,4212.18,4343.718,4062.179,4149.231,4190.769
1739917880.3791,2025-02-18 14:31:20.379,63,false,0.0,4195.513,4332.692,4054.872,4142.436,4172.692
1739917880.3869,2025-02-18 14:31:20.386,64,false,0.0,4194.359,4346.282,4062.179,4148.461,4162.051
1739917880.3947,2025-02-18 14:31:20.394,65,false,0.0,4201.923,4349.615,4080.256,4154.103,4170.385
1739917880.4025,2025-02-18 14:31:20.402,66,false,0.0,4187.82,4324.103,4072.821,4149.744,4170.256
1739917880.4103,2025-02-18 14:31:20.410,67,false,0.0,4180.897,4312.18,4061.539,4156.154,4168.59
1739917880.4181,2025-02-18 14:31:20.418,68,false,0.0,4201.026,4323.718,4075.0,4170.897,4175.641
1739917880.4259,2025-02-18 14:31:20.425,69,false,0.0,4211.923,4330.385,4082.692,4168.461,4175.0
1739917880.4338,2025-02-18 14:31:20.433,70,false,0.0,4203.461,4334.231,4076.282,4154.744,4174.744
1739917880.4416,2025-02-18 14:31:20.441,71,false,0.0,4201.026,4343.077,4077.179,4148.59,4181.539
1739917880.4494,2025-02-18 14:31:20.449,72,false,0.0,4201.026,4335.385,4071.923,4142.949,4171.539
1739917880.4572,2025-02-18 14:31:20.457,73,false,0.0,4190.385,4312.308,4054.359,4134.359,4153.333
1739917880.465,2025-02-18 14:31:20.465,74,false,0.0,4181.667,4311.41,4044.744,4133.461,4152.308
1739917880.4728,2025-02-18 14:31:20.472,75,false,0.0,4181.667,4326.282,4043.077,4135.385,4154.359
1739917880.4806,2025-02-18 14:31:20.480,76,false,0.0,4183.846,4314.872,4045.385,4138.077,4155.0
1739917880.4884,2025-02-18 14:31:20.488,77,false,0.0,4192.436,4300.128,4056.026,4152.949,4171.026
1739917880.4963,2025-02-18 14:31:20.496,78,false,0.0,4206.154,4318.205,4066.154,4165.897,4186.154
1739917880.5041,2025-02-18 14:31:20.504,79,false,0.0,4211.154,4330.256,4071.539,4160.769,4183.846
1739917880.5119,2025-02-18 14:31:20.511,80,false,0.0,4211.026,4322.051,4078.077,4157.692,4180.641
1739917880.5197,2025-02-18 14:31:20.519,81,false,0.0,4215.897,4335.0,4082.821,4163.333,4182.949
1739917880.5275,2025-02-18 14:31:20.527,82,false,0.0,4213.718,4346.154,4081.154,4156.026,4182.18
1739917880.5353,2025-02-18 14:31:20.535,83,false,0.0,4199.872,4316.282,4068.846,4140.513,4175.128
1739917880.5431,2025-02-18 14:31:20.543,84,false,0.0,4190.128,4291.539,4053.205,4134.872,4160.385
1739917880.5509,2025-02-18 14:31:20.550,85,false,0.0,4190.513,4305.897,4055.769,4139.744,4152.051
1739917880.5588,2025-02-18 14:31:20.558,86,false,0.0,4197.692,4329.487,4070.897,4150.641,4162.051
1739917880.5666,2025-02-18 14:31:20.566,87,false,0.0,4208.718,4344.231,4074.103,4155.641,4172.82
1739917880.5744,2025-02-18 14:31:20.574,88,false,0.0,4209.744,4341.539,4069.872,4147.051,4175.641
1739917880.5822,2025-02-18 14:31:20.582,89,false,0.0,4201.923,4320.385,4064.744,4141.154,4182.308
1739917880.59,2025-02-18 14:31:20.590,90,false,0.0,4205.641,4317.051,4058.461,4145.0,4186.026
1739917880.5978,2025-02-18 14:31:20.597,91,false,0.0,4216.154,4340.769,4065.897,4148.846,4184.103
1739917880.6056,2025-02-18 14:31:20.605,92,false,0.0,4217.308,4347.82,4077.692,4155.641,4191.923
1739917880.6134,2025-02-18 14:31:20.613,93,false,0.0,4220.641,4335.128,4073.461,4166.667,4203.718
1739917880.6213,2025-02-18 14:31:20.621,94,false,0.0,4230.256,4338.077,4072.436,4171.795,4204.615
1739917880.6291,2025-02-18 14:31:20.629,95,false,0.0,4220.641,4342.949,4075.0,4161.667,4193.077
1739917880.6369,2025-02-18 14:31:20.636,96,false,0.0,4196.41,4330.0,4059.744,4140.897,4175.641
1739917880.6447,2025-02-18 14:31:20.644,97,false,0.0,4196.795,4332.949,4056.539,4139.103,4176.026
1739917880.6525,2025-02-18 14:31:20.652,98,false,0.0,4215.641,4345.128,4072.308,4158.59,4195.641
1739917880.6603,2025-02-18 14:31:20.660,99,false,0.0,4216.41,4323.846,4064.487,4156.41,4199.231
1739917880.6681,2025-02-18 14:31:20.668,100,false,0.0,4215.769,4320.769,4058.333,4144.103,4198.205
1739917880.6759,2025-02-18 14:31:20.675,101,false,0.0,4228.59,4369.615,4079.615,4161.026,4217.949
1739917880.6838,2025-02-18 14:31:20.683,102,false,0.0,4220.256,4370.385,4072.692,4171.41,4219.872
1739917880.6916,2025-02-18 14:31:20.691,103,false,0.0,4206.923,4320.256,4051.667,4161.923,4204.487
1739917880.6994,2025-02-18 14:31:20.699,104,false,0.0,4228.461,4331.539,4075.128,4174.487,4217.564
1739917880.7072,2025-02-18 14:31:20.707,105,false,0.0,4236.667,4359.615,4086.282,4177.692,4225.128
1739917880.715,2025-02-18 14:31:20.715,106,false,0.0,4209.359,4329.744,4054.103,4148.718,4203.077
1739917880.7228,2025-02-18 14:31:20.722,107,false,0.0,4212.564,4323.846,4053.205,4153.333,4206.41
1739917880.7306,2025-02-18 14:31:20.730,108,false,0.0,4233.333,4350.897,4073.077,4176.41,4220.769
1739917880.7384,2025-02-18 14:31:20.738,109,false,0.0,4215.128,4332.949,4061.41,4156.282,4201.026
1739917880.7463,2025-02-18 14:31:20.746,110,false,0.0,4200.897,4318.333,4062.051,4143.333,4191.41
1739917880.7541,2025-02-18 14:31:20.754,111,false,0.0,4213.846,4342.18,4080.897,4163.333,4204.359
1739917880.7619,2025-02-18 14:31:20.761,112,false,0.0,4209.744,4336.667,4068.718,4157.436,4196.923
1739917880.7697,2025-02-18 14:31:20.769,113,false,0.0,4209.487,4320.385,4064.231,4146.923,4195.513
1739917880.7775,2025-02-18 14:31:20.777,114,false,0.0,4238.333,4348.59,4096.795,4168.718,4221.282
1739917880.7853,2025-02-18 14:31:20.785,115,false,0.0,4247.564,4372.692,4106.795,4173.205,4229.615
1739917880.7931,2025-02-18 14:31:20.793,116,false,0.0,4231.41,4355.897,4088.718,4156.282,4219.872
1739917880.8009,2025-02-18 14:31:20.800,117,false,0.0,4229.359,4337.051,4084.487,4160.256,4217.051
1739917880.8088,2025-02-18 14:31:20.808,118,false,0.0,4229.103,4337.308,4082.564,4163.205,4206.795
1739917880.8166,2025-02-18 14:31:20.816,119,false,0.0,4220.513,4337.692,4079.231,4153.59,4198.077
1739917880.8244,2025-02-18 14:31:20.824,120,false,0.0,4226.282,4327.564,4092.949,4162.18,4211.282
1739917880.8322,2025-02-18 14:31:20.832,121,false,0.0,4234.231,4331.282,4098.461,4174.487,4216.795
1739917880.84,2025-02-18 14:31:20.840,122,false,0.0,4228.333,4362.82,4087.436,4175.769,4201.795
1739917880.8478,2025-02-18 14:31:20.847,123,false,0.0,4228.59,4379.487,4093.077,4188.718,4198.718
1739917880.8556,2025-02-18 14:31:20.855,124,false,0.0,4230.256,4354.487,4099.103,4196.026,4207.436
1739917880.8634,2025-02-18 14:31:20.863,125,false,0.0,4213.461,4330.641,4077.051,4177.436,4201.154
1739917880.8713,2025-02-18 14:31:20.871,126,false,0.0,4202.82,4332.051,4065.641,4171.539,4189.487
1739917880.8791,2025-02-18 14:31:20.879,127,false,0.0,4211.795,4335.769,4084.103,4185.385,4191.154
1739917880.8869,2025-02-18 14:31:20.886,0,false,0.0,4210.513,4338.846,4091.667,4181.667,4197.82
1739917880.8947,2025-02-18 14:31:20.894,1,false,0.0,4201.539,4350.256,4086.41,4175.0,4202.949
1739917880.9025,2025-02-18 14:31:20.902,2,false,0.0,4210.0,4351.539,4091.154,4187.564,4208.205
1739917880.9103,2025-02-18 14:31:20.910,3,false,0.0,4216.795,4333.461,4085.128,4187.692,4202.949
1739917880.9181,2025-02-18 14:31:20.918,4,false,0.0,4214.872,4332.051,4071.539,4175.256,4194.487
1739917880.9259,2025-02-18 14:31:20.925,5,false,0.0,4230.897,4365.0,4088.846,4187.18,4210.385
1739917880.9338,2025-02-18 14:31:20.933,6,false,0.0,4244.231,4375.513,4109.615,4201.923,4232.692
1739917880.9416,2025-02-18 14:31:20.941,7,false,0.0,4225.385,4335.513,4093.077,4188.461,4220.513
1739917880.9494,2025-02-18 14:31:20.949,8,false,0.0,4207.692,4316.026,4077.821,4176.795,4193.205
1739917880.9572,2025-02-18 14:31:20.957,9,false,0.0,4209.615,4347.18,4088.205,4182.051,4189.231
1739917880.965,2025-02-18 14:31:20.965,10,false,0.0,4206.539,4363.846,4089.872,4180.897,4198.205
1739917880.9728,2025-02-18 14:31:20.972,11,false,0.0,4205.641,4345.897,4082.308,4180.385,4203.718
1739917880.9806,2025-02-18 14:31:20.980,12,false,0.0,4221.282,4334.231,4089.103,4195.128,4211.026
1739917880.9884,2025-02-18 14:31:20.988,13,false,0.0,4232.949,4339.872,4096.795,4203.846,4215.256
1739917880.9963,2025-02-18 14:31:20.996,14,false,0.0,4228.461,4347.308,4095.256,4196.282,4209.231
1739917881.0041,2025-02-18 14:31:21.004,15,false,0.0,4218.077,4344.231,4093.077,4191.539,4202.18
1739917881.0119,2025-02-18 14:31:21.011,16,false,0.0,4212.18,4335.641,4089.359,4195.128,4202.692
1739917881.0197,2025-02-18 14:31:21.019,17,false,0.0,4217.308,4338.846,4087.308,4194.359,4206.667
1739917881.0275,2025-02-18 14:31:21.027,18,false,0.0,4227.051,4343.205,4095.513,4191.41,4210.641
1739917881.0353,2025-02-18 14:31:21.035,19,false,0.0,4232.051,4344.359,4103.205,4196.795,4221.795
1739917881.0431,2025-02-18 14:31:21.043,20,false,0.0,4235.385,4359.744,4097.692,4201.282,4239.103
1739917881.0509,2025-02-18 14:31:21.050,21,false,0.0,4238.59,4355.385,4089.359,4194.487,4243.461
1739917881.0588,2025-02-18 14:31:21.058,22,false,0.0,4237.692,4315.513,4092.308,4188.59,4230.769
1739917881.0666,2025-02-18 14:31:21.066,23,false,0.0,4230.897,4313.461,4097.18,4189.231,4222.564
1739917881.0744,2025-02-18 14:31:21.074,24,false,0.0,4225.769,4355.128,4094.359,4190.128,4230.769
1739917881.0822,2025-02-18 14:31:21.082,25,false,0.0,4232.82,4363.846,4092.949,4197.564,4241.154
1739917881.09,2025-02-18 14:31:21.090,26,false,0.0,4239.231,4348.205,4092.949,4203.333,4234.744
1739917881.0978,2025-02-18 14:31:21.097,27,false,0.0,4231.667,4346.795,4091.154,4191.026,4219.103
1739917881.1056,2025-02-18 14:31:21.105,28,false,0.0,4230.641,4338.718,4098.333,4182.436,4219.359
1739917881.1134,2025-02-18 14:31:21.113,29,false,0.0,4238.59,4328.718,4102.692,4187.949,4228.718
1739917881.1213,2025-02-18 14:31:21.121,30,false,0.0,4235.897,4341.282,4091.795,4183.205,4228.333
1739917881.1291,2025-02-18 14:31:21.129,31,false,0.0,4236.154,4354.872,4093.461,4174.872,4229.744
1739917881.1369,2025-02-18 14:31:21.136,32,false,0.0,4244.231,4350.769,4106.41,4177.949,4235.769
1739917881.1447,2025-02-18 14:31:21.144,33,false,0.0,4240.769,4343.077,4098.59,4178.974,4235.513
1739917881.1525,2025-02-18 14:31:21.152,34,false,0.0,4237.051,4345.128,4088.846,4182.051,4236.539
1739917881.1603,2025-02-18 14:31:21.160,35,false,0.0,4240.0,4352.82,4095.769,4192.436,4235.256
1739917881.1681,2025-02-18 14:31:21.168,36,false,0.0,4238.461,4355.897,4102.564,4193.461,4232.949
1739917881.1759,2025-02-18 14:31:21.175,37,false,0.0,4248.077,4356.41,4115.256,4194.615,4251.282
1739917881.1838,2025-02-18 14:31:21.183,38,false,0.0,4258.59,4360.128,4126.282,4201.154,4262.051
1739917881.1916,2025-02-18 14:31:21.191,39,false,0.0,4239.487,4360.385,4110.513,4190.641,4237.949
1739917881.1994,2025-02-18 14:31:21.199,40,false,0.0,4221.154,4352.564,4096.795,4176.154,4225.385
1739917881.2072,2025-02-18 14:31:21.207,41,false,0.0,4226.282,4341.026,4105.0,4179.615,4233.718
1739917881.215,2025-02-18 14:31:21.215,42,false,0.0,4229.487,4337.18,4107.436,4186.41,4228.59
1739917881.2228,2025-02-18 14:31:21.222,43,false,0.0,4236.923,4345.256,4112.564,4195.769,4237.18
1739917881.2306,2025-02-18 14:31:21.230,44,false,0.0,4251.795,4347.051,4130.513,4210.769,4264.359
1739917881.2384,2025-02-18 14:31:21.238,45,false,0.0,4240.769,4340.128,4125.769,4206.539,4254.231
1739917881.2463,2025-02-18 14:31:21.246,46,false,0.0,4213.333,4342.949,4100.513,4187.564,4218.077
1739917881.2541,2025-02-18 14:31:21.254,47,false,0.0,4204.872,4347.564,4094.615,4183.205,4208.461
1739917881.2619,2025-02-18 14:31:21.261,48,false,0.0,4214.231,4348.974,4108.205,4190.256,4221.667
1739917881.2697,2025-02-18 14:31:21.269,49,false,0.0,4223.461,4357.82,4114.359,4190.513,4229.359
1739917881.2775,2025-02-18 14:31:21.277,50,false,0.0,4219.872,4354.872,4105.256,4186.026,4220.897
1739917881.2853,2025-02-18 14:31:21.285,51,false,0.0,4213.333,4336.923,4097.82,4183.846,4210.385
1739917881.2931,2025-02-18 14:31:21.293,52,false,0.0,4219.744,4330.897,4100.256,4180.128,4216.667
1739917881.3009,2025-02-18 14:31:21.300,53,false,0.0,4223.718,4331.154,4097.692,4172.051,4227.051
1739917881.3088,2025-02-18 14:31:21.308,54,false,0.0,4220.256,4335.0,4091.923,4172.692,4228.846
1739917881.3166,2025-02-18 14:31:21.316,55,false,0.0,4227.564,4348.077,4095.0,4181.41,4228.461
1739917881.3244,2025-02-18 14:31:21.324,56,false,0.0,4232.308,4340.897,4092.821,4178.333,4222.436
1739917881.3322,2025-02-18 14:31:21.332,57,false,0.0,4222.308,4323.59,4081.282,4169.103,4217.308
1739917881.34,2025-02-18 14:31:21.340,58,false,0.0,4214.231,4329.359,4074.744,4166.282,4220.0
1739917881.3478,2025-02-18 14:31:21.347,59,false,0.0,4207.436,4327.308,4067.821,4159.359,4209.231
1739917881.3556,2025-02-18 14:31:21.355,60,false,0.0,4198.461,4315.513,4061.026,4149.872,4190.769
1739917881.3634,2025-02-18 14:31:21.363,61,false,0.0,4194.487,4330.897,4062.692,4144.615,4188.205
1739917881.3713,2025-02-18 14:31:21.371,62,false,0.0,4189.231,4336.795,4062.564,4140.128,4192.051
1739917881.3791,2025-02-18 14:31:21.379,63,false,0.0,4190.897,4318.846,4063.333,4146.026,4199.359
1739917881.3869,2025-02-18 14:31:21.386,64,false,0.0,4205.513,4328.077,4071.539,4157.692,4214.231
1739917881.3947,2025-02-18 14:31:21.394,65,false,0.0,4209.231,4344.359,4075.0,4156.923,4217.564
1739917881.4025,2025-02-18 14:31:21.402,66,false,0.0,4201.282,4331.795,4076.795,4162.308,4216.923
1739917881.4103,2025-02-18 14:31:21.410,67,false,0.0,4196.41,4318.077,4075.897,4170.641,4222.564
1739917881.4181,2025-02-18 14:31:21.418,68,false,0.0,4184.231,4305.769,4056.282,4149.487,4212.436
1739917881.4259,2025-02-18 14:31:21.425,69,false,0.0,4178.718,4295.0,4048.205,4134.615,4201.923
1739917881.4338,2025-02-18 14:31:21.433,70,false,0.0,4197.692,4315.769,4076.282,4158.205,4220.256
1739917881.4416,2025-02-18 14:31:21.441,71,false,0.0,4211.026,4338.974,4093.205,4168.718,4238.205
1739917881.4494,2025-02-18 14:31:21.449,72,false,0.0,4205.769,4332.051,4076.667,4154.615,4234.872
1739917881.4572,2025-02-18 14:31:21.457,73,false,0.0,4202.308,4327.436,4064.744,4154.615,4227.949
1739917881.465,2025-02-18 14:31:21.465,74,false,0.0,4196.539,4326.41,4062.821,4153.205,4219.103
1739917881.4728,2025-02-18 14:31:21.472,75,false,0.0,4188.205,4310.641,4053.846,4140.128,4210.128
1739917881.4806,2025-02-18 14:31:21.480,76,false,0.0,4194.231,4307.436,4052.436,4144.744,4216.282
1739917881.4884,2025-02-18 14:31:21.488,77,false,0.0,4206.154,4319.487,4068.846,4157.051,4233.846
1739917881.4963,2025-02-18 14:31:21.496,78,false,0.0,4210.0,4323.59,4084.872,4156.026,4243.205
1739917881.5041,2025-02-18 14:31:21.504,79,false,0.0,4209.103,4324.487,4086.41,4157.18,4236.282
1739917881.5119,2025-02-18 14:31:21.511,80,false,0.0,4204.872,4321.795,4079.615,4161.923,4227.436
1739917881.5197,2025-02-18 14:31:21.519,81,false,0.0,4198.205,4312.949,4075.897,4157.949,4230.128
1739917881.5275,2025-02-18 14:31:21.527,82,false,0.0,4196.41,4311.923,4074.744,4158.461,4235.256
1739917881.5353,2025-02-18 14:31:21.535,83,false,0.0,4204.359,4313.205,4072.564,4169.359,4237.18
1739917881.5431,2025-02-18 14:31:21.543,84,false,0.0,4213.077,4309.359,4073.333,4170.897,4239.744
1739917881.5509,2025-02-18 14:31:21.550,85,false,0.0,4209.744,4309.487,4072.949,4157.564,4235.769
1739917881.5588,2025-02-18 14:31:21.558,86,false,0.0,4200.256,4305.641,4064.744,4146.282,4228.461
1739917881.5666,2025-02-18 14:31:21.566,87,false,0.0,4192.564,4295.897,4056.41,4141.154,4223.846
1739917881.5744,2025-02-18 14:31:21.574,88,false,0.0,4179.615,4298.59,4056.41,4134.744,4211.282
1739917881.5822,2025-02-18 14:31:21.582,89,false,0.0,4174.231,4310.0,4066.667,4137.692,4206.41
1739917881.59,2025-02-18 14:31:21.590,90,false,0.0,4190.0,4309.872,4082.436,4156.026,4228.846
1739917881.5978,2025-02-18 14:31:21.597,91,false,0.0,4197.18,4293.59,4087.308,4169.103,4242.949
1739917881.6056,2025-02-18 14:31:21.605,92,false,0.0,4186.282,4282.18,4075.513,4169.359,4228.461
1739917881.6134,2025-02-18 14:31:21.613,93,false,0.0,4188.461,4300.256,4066.154,4167.308,4220.897
1739917881.6213,2025-02-18 14:31:21.621,94,false,0.0,4196.282,4321.795,4066.667,4161.154,4225.513
1739917881.6291,2025-02-18 14:31:21.629,95,false,0.0,4187.308,4308.077,4064.615,4150.256,4218.846
1739917881.6369,2025-02-18 14:31:21.636,96,false,0.0,4180.256,4290.897,4060.0,4143.974,4209.615
1739917881.6447,2025-02-18 14:31:21.644,97,false,0.0,4187.308,4306.667,4061.923,4146.282,4213.461
1739917881.6525,2025-02-18 14:31:21.652,98,false,0.0,4194.744,4319.359,4068.205,4154.487,4221.795
1739917881.6603,2025-02-18 14:31:21.660,99,false,0.0,4196.154,4303.974,4066.667,4153.205,4220.641
1739917881.6681,2025-02-18 14:31:21.668,100,false,0.0,4192.051,4295.385,4059.103,4139.487,4215.385
1739917881.6759,2025-02-18 14:31:21.675,101,false,0.0,4193.461,4307.692,4061.667,4141.667,4225.256
1739917881.6838,2025-02-18 14:31:21.683,102,false,0.0,4209.231,4317.18,4075.385,4158.974,4239.359
1739917881.6916,2025-02-18 14:31:21.691,103,false,0.0,4223.461,4329.103,4086.795,4160.897,4235.0
1739917881.6994,2025-02-18 14:31:21.699,104,false,0.0,4225.769,4347.692,4093.205,4158.077,4232.564
1739917881.7072,2025-02-18 14:31:21.707,105,false,0.0,4220.897,4328.333,4089.103,4159.359,4238.974
1739917881.715,2025-02-18 14:31:21.715,106,false,0.0,4207.051,4281.795,4073.461,4145.897,4223.077
1739917881.7228,2025-02-18 14:31:21.722,107,false,0.0,4198.077,4285.385,4072.436,4144.103,4205.128
1739917881.7306,2025-02-18 14:31:21.730,108,false,0.0,4205.641,4317.82,4086.026,4167.949,4217.051
1739917881.7384,2025-02-18 14:31:21.738,109,false,0.0,4208.718,4314.872,4082.949,4168.205,4221.154
1739917881.7463,2025-02-18 14:31:21.746,110,false,0.0,4205.769,4313.718,4074.744,4145.897,4204.359
1739917881.7541,2025-02-18 14:31:21.754,111,false,0.0,4209.615,4330.385,4077.821,4140.641,4201.539
1739917881.7619,2025-02-18 14:31:21.761,112,false,0.0,4202.18,4319.487,4067.821,4134.615,4200.385
1739917881.7697,2025-02-18 14:31:21.769,113,false,0.0,4183.974,4302.436,4051.41,4120.897,4188.974
1739917881.7775,2025-02-18 14:31:21.777,114,false,0.0,4181.795,4307.692,4054.487,4125.128,4191.539
1739917881.7853,2025-02-18 14:31:21.785,115,false,0.0,4191.026,4319.359,4064.615,4136.282,4198.333
1739917881.7931,2025-02-18 14:31:21.793,116,false,0.0,4198.333,4332.949,4073.59,4141.923,4194.103
1739917881.8009,2025-02-18 14:31:21.800,117,false,0.0,4200.513,4317.949,4075.0,4146.923,4196.923
1739917881.8088,2025-02-18 14:31:21.808,118,false,0.0,4193.718,4277.692,4055.128,4143.974,4202.051
1739917881.8166,2025-02-18 14:31:21.816,119,false,0.0,4189.615,4288.077,4044.615,4139.872,4194.359
1739917881.8244,2025-02-18 14:31:21.824,120,false,0.0,4187.564,4320.641,4059.872,4139.487,4178.461
1739917881.8322,2025-02-18 14:31:21.832,121,false,0.0,4172.436,4308.077,4063.974,4130.385,4162.564
1739917881.84,2025-02-18 14:31:21.840,122,false,0.0,4168.333,4309.615,4061.026,4130.385,4164.744
1739917881.8478,2025-02-18 14:31:21.847,123,false,0.0,4182.436,4332.564,4068.59,4144.359,4181.539
1739917881.8556,2025-02-18 14:31:21.855,124,false,0.0,4178.333,4312.308,4058.205,4138.846,4176.795
1739917881.8634,2025-02-18 14:31:21.863,125,false,0.0,4170.128,4298.461,4040.128,4123.718,4160.256
1739917881.8713,2025-02-18 14:31:21.871,126,false,0.0,4182.308,4315.128,4046.795,4125.128,4164.231
1739917881.8791,2025-02-18 14:31:21.879,127,false,0.0,4183.974,4300.0,4058.718,4129.231,4173.333
1739917881.8869,2025-02-18 14:31:21.886,0,false,0.0,4180.0,4290.128,4066.667,4137.436,4185.385
1739917881.8947,2025-02-18 14:31:21.894,1,false,0.0,4198.205,4317.436,4081.026,4158.461,4212.564
1739917881.9025,2025-02-18 14:31:21.902,2,false,0.0,4206.539,4314.872,4083.333,4169.231,4221.667
1739917881.9103,2025-02-18 14:31:21.910,3,false,0.0,4194.359,4297.436,4078.333,4165.256,4205.513
1739917881.9181,2025-02-18 14:31:21.918,4,false,0.0,4193.205,4317.692,4083.974,4159.103,4200.385
1739917881.9259,2025-02-18 14:31:21.925,5,false,0.0,4190.128,4326.026,4081.026,4147.18,4200.385
1739917881.9338,2025-02-18 14:31:21.933,6,false,0.0,4178.333,4298.974,4067.179,4138.333,4191.41
1739917881.9416,2025-02-18 14:31:21.941,7,false,0.0,4183.333,4290.769,4063.077,4137.436,4188.974
1739917881.9494,2025-02-18 14:31:21.949,8,false,0.0,4185.769,4307.692,4058.846,4126.41,4185.385
1739917881.9572,2025-02-18 14:31:21.957,9,false,0.0,4173.205,4313.461,4055.385,4120.128,4178.077
1739917881.965,2025-02-18 14:31:21.965,10,false,0.0,4184.103,4311.667,4073.59,4142.564,4194.487
1739917881.9728,2025-02-18 14:31:21.972,11,false,0.0,4206.026,4320.385,4091.667,4164.359,4217.949
1739917881.9806,2025-02-18 14:31:21.980,12,false,0.0,4196.795,4321.539,4083.461,4161.282,4212.18
1739917881.9884,2025-02-18 14:31:21.988,13,false,0.0,4182.82,4301.41,4071.795,4152.949,4195.128
1739917881.9963,2025-02-18 14:31:21.996,14,false,0.0,4185.769,4292.692,4068.846,4145.0,4185.641
1739917882.0041,2025-02-18 14:31:22.004,15,false,0.0,4177.949,4308.077,4061.795,4131.667,4177.051
1739917882.0119,2025-02-18 14:31:22.011,16,false,0.0,4173.333,4311.539,4065.513,4130.128,4182.82
1739917882.0197,2025-02-18 14:31:22.019,17,false,0.0,4194.615,4302.308,4081.667,4140.256,4201.923
1739917882.0275,2025-02-18 14:31:22.027,18,false,0.0,4205.256,4309.359,4072.821,4138.205,4202.564
1739917882.0353,2025-02-18 14:31:22.035,19,false,0.0,4190.256,4319.487,4046.282,4128.846,4190.128
1739917882.0431,2025-02-18 14:31:22.043,20,false,0.0,4179.231,4313.077,4042.308,4127.308,4184.744
1739917882.0509,2025-02-18 14:31:22.050,21,false,0.0,4176.41,4298.974,4049.615,4128.205,4178.59
1739917882.0588,2025-02-18 14:31:22.058,22,false,0.0,4178.205,4288.846,4051.539,4135.897,4180.897
1739917882.0666,2025-02-18 14:31:22.066,23,false,0.0,4189.231,4297.308,4058.205,4148.846,4197.564
1739917882.0744,2025-02-18 14:31:22.074,24,false,0.0,4196.923,4324.615,4063.077,4146.282,4202.692
1739917882.0822,2025-02-18 14:31:22.082,25,false,0.0,4200.128,4335.769,4066.282,4139.744,4204.487
1739917882.09,2025-02-18 14:31:22.090,26,false,0.0,4203.718,4318.333,4075.256,4146.539,4217.692
1739917882.0978,2025-02-18 14:31:22.097,27,false,0.0,4193.974,4305.385,4071.539,4145.0,4213.718
1739917882.1056,2025-02-18 14:31:22.105,28,false,0.0,4186.667,4310.128,4064.872,4139.615,4205.641
1739917882.1134,2025-02-18 14:31:22.113,29,false,0.0,4198.846,4309.231,4076.795,4150.897,4225.256
1739917882.1213,2025-02-18 14:31:22.121,30,false,0.0,4196.154,4298.333,4078.333,4150.0,4233.461
1739917882.1291,2025-02-18 14:31:22.129,31,false,0.0,4178.846,4297.564,4068.333,4134.872,4218.333
1739917882.1369,2025-02-18 14:31:22.136,32,false,0.0,4187.564,4301.539,4079.487,4143.718,4222.564
1739917882.1447,2025-02-18 14:31:22.144,33,false,0.0,4200.513,4298.846,4085.385,4154.103,4231.41
1739917882.1525,2025-02-18 14:31:22.152,34,false,0.0,4192.692,4317.564,4074.103,4141.154,4225.128
1739917882.1603,2025-02-18 14:31:22.160,35,false,0.0,4195.897,4352.308,4080.769,4138.333,4233.333
1739917882.1681,2025-02-18 14:31:22.168,36,false,0.0,4204.615,4337.308,4082.051,4140.769,4242.82
1739917882.1759,2025-02-18 14:31:22.175,37,false,0.0,4194.487,4291.154,4059.231,4128.461,4231.154
1739917882.1838,2025-02-18 14:31:22.183,38,false,0.0,4195.513,4300.897,4063.333,4134.359,4231.282
1739917882.1916,2025-02-18 14:31:22.191,39,false,0.0,4210.128,4334.872,4086.923,4151.154,4244.359
1739917882.1994,2025-02-18 14:31:22.199,40,false,0.0,4200.0,4323.333,4082.821,4139.231,4239.744
1739917882.2072,2025-02-18 14:31:22.207,41,false,0.0,4187.308,4309.744,4080.385,4132.308,4239.744
1739917882.215,2025-02-18 14:31:22.215,42,false,0.0,4196.795,4316.282,4093.59,4151.026,4252.82
1739917882.2228,2025-02-18 14:31:22.222,43,false,0.0,4193.461,4301.41,4082.564,4147.564,4240.641
1739917882.2306,2025-02-18 14:31:22.230,44,false,0.0,4180.769,4297.051,4070.0,4129.103,4218.974
1739917882.2384,2025-02-18 14:31:22.238,45,false,0.0,4194.744,4322.82,4088.077,4137.18,4232.308
1739917882.2463,2025-02-18 14:31:22.246,46,false,0.0,4208.59,4323.077,4095.769,4148.205,4254.615
1739917882.2541,2025-02-18 14:31:22.254,47,false,0.0,4202.308,4316.026,4084.103,4146.539,4252.564
1739917882.2619,2025-02-18 14:31:22.261,48,false,0.0,4209.487,4341.282,4091.667,4158.718,4251.41
1739917882.2697,2025-02-18 14:31:22.269,49,false,0.0,4227.051,4342.692,4105.256,4171.923,4261.795
1739917882.2775,2025-02-18 14:31:22.277,50,false,0.0,4227.436,4314.231,4103.205,4162.564,4262.436
1739917882.2853,2025-02-18 14:31:22.285,51,false,0.0,4220.385,4323.461,4101.282,4148.846,4255.385
1739917882.2931,2025-02-18 14:31:22.293,52,false,0.0,4216.154,4349.359,4101.282,4148.333,4253.077
1739917882.3009,2025-02-18 14:31:22.300,53,false,0.0,4219.744,4345.769,4102.692,4158.718,4256.026
1739917882.3088,2025-02-18 14:31:22.308,54,false,0.0,4235.641,4343.205,4110.641,4166.539,4261.539
1739917882.3166,2025-02-18 14:31:22.316,55,false,0.0,4235.769,4354.487,4105.769,4156.795,4257.82
1739917882.3244,2025-02-18 14:31:22.324,56,false,0.0,4215.897,4352.436,4094.487,4147.308,4248.077
1739917882.3322,2025-02-18 14:31:22.332,57,false,0.0,4217.308,4344.872,4104.615,4159.231,4252.692
1739917882.34,2025-02-18 14:31:22.340,58,false,0.0,4230.128,4351.154,4110.769,4171.154,4261.026
1739917882.3478,2025-02-18 14:31:22.347,59,false,0.0,4224.487,4360.0,4097.436,4172.692,4255.256
1739917882.3556,2025-02-18 14:31:22.355,60,false,0.0,4221.282,4353.461,4096.667,4173.974,4249.744
1739917882.3634,2025-02-18 14:31:22.363,61,false,0.0,4221.539,4332.564,4097.308,4160.897,4245.128
1739917882.3713,2025-02-18 14:31:22.371,62,false,0.0,4207.18,4319.487,4080.641,4142.18,4233.205
1739917882.3791,2025-02-18 14:31:22.379,63,false,0.0,4204.872,4333.846,4080.641,4150.641,4234.359
1739917882.3869,2025-02-18 14:31:22.386,64,false,0.0,4219.231,4359.487,4096.667,4165.256,4246.41
1739917882.3947,2025-02-18 14:31:22.394,65,false,0.0,4216.539,4362.18,4095.256,4158.333,4242.051
1739917882.4025,2025-02-18 14:31:22.402,66,false,0.0,4205.641,4344.103,4086.795,4152.82,4229.744
1739917882.4103,2025-02-18 14:31:22.410,67,false,0.0,4206.795,4334.231,4080.128,4154.615,4226.539
1739917882.4181,2025-02-18 14:31:22.418,68,false,0.0,4205.641,4329.872,4067.564,4146.154,4224.487
1739917882.4259,2025-02-18 14:31:22.425,69,false,0.0,4200.897,4317.308,4066.923,4144.744,4227.308
1739917882.4338,2025-02-18 14:31:22.433,70,false,0.0,4208.461,4320.769,4076.282,4163.974,4241.026
1739917882.4416,2025-02-18 14:31:22.441,71,false,0.0,4223.205,4345.513,4071.923,4177.18,4250.897
1739917882.4494,2025-02-18 14:31:22.449,72,false,0.0,4228.333,4351.667,4065.897,4169.615,4248.077
1739917882.4572,2025-02-18 14:31:22.457,73,false,0.0,4220.385,4342.436,4072.308,4161.539,4241.154
1739917882.465,2025-02-18 14:31:22.465,74,false,0.0,4213.59,4349.103,4079.103,4165.769,4239.231
1739917882.4728,2025-02-18 14:31:22.472,75,false,0.0,4218.077,4354.744,4085.256,4172.436,4243.974
1739917882.4806,2025-02-18 14:31:22.480,76,false,0.0,4228.846,4351.795,4093.846,4175.641,4249.359
1739917882.4884,2025-02-18 14:31:22.488,77,false,0.0,4241.539,4362.051,4099.615,4179.615,4253.59
1739917882.4963,2025-02-18 14:31:22.496,78,false,0.0,4249.359,4367.82,4101.923,4180.641,4259.744
1739917882.5041,2025-02-18 14:31:22.504,79,false,0.0,4243.974,4355.0,4097.436,4176.795,4261.41
1739917882.5119,2025-02-18 14:31:22.511,80,false,0.0,4235.128,4349.103,4087.692,4177.82,4252.308
1739917882.5197,2025-02-18 14:31:22.519,81,false,0.0,4231.154,4346.795,4082.179,4177.949,4239.231
1739917882.5275,2025-02-18 14:31:22.527,82,false,0.0,4226.41,4336.667,4080.256,4168.59,4234.615
1739917882.5353,2025-02-18 14:31:22.535,83,false,0.0,4228.461,4340.897,4081.41,4168.974,4244.359
1739917882.5431,2025-02-18 14:31:22.543,84,false,0.0,4238.333,4351.795,4088.461,4183.077,4255.0
1739917882.5509,2025-02-18 14:31:22.550,85,false,0.0,4236.154,4342.692,4089.487,4182.18,4249.615
1739917882.5588,2025-02-18 14:31:22.558,86,false,0.0,4226.026,4334.615,4084.359,4167.82,4240.513
1739917882.5666,2025-02-18 14:31:22.566,87,false,0.0,4226.41,4345.641,4089.615,4165.0,4244.103
1739917882.5744,2025-02-18 14:31:22.574,88,false,0.0,4227.564,4353.333,4096.026,4168.205,4247.308
1739917882.5822,2025-02-18 14:31:22.582,89,false,0.0,4223.718,4350.256,4090.897,4165.897,4243.461
1739917882.59,2025-02-18 14:31:22.590,90,false,0.0,4228.59,4349.744,4091.539,4163.461,4247.051
1739917882.5978,2025-02-18 14:31:22.597,91,false,0.0,4238.077,4349.744,4104.103,4162.436,4258.077
1739917882.6056,2025-02-18 14:31:22.605,92,false,0.0,4240.128,4347.18,4111.539,4168.333,4262.18
1739917882.6134,2025-02-18 14:31:22.613,93,false,0.0,4239.615,4345.769,4110.256,4182.436,4256.154
1739917882.6213,2025-02-18 14:31:22.621,94,false,0.0,4239.872,4344.359,4109.744,4183.077,4248.718
1739917882.6291,2025-02-18 14:31:22.629,95,false,0.0,4238.333,4349.615,4112.18,4170.769,4251.154
1739917882.6369,2025-02-18 14:31:22.636,96,false,0.0,4235.897,4362.051,4112.82,4171.795,4260.0
1739917882.6447,2025-02-18 14:31:22.644,97,false,0.0,4232.692,4357.308,4107.82,4177.051,4258.077
1739917882.6525,2025-02-18 14:31:22.652,98,false,0.0,4232.051,4342.564,4105.256,4171.154,4248.461
1739917882.6603,2025-02-18 14:31:22.660,99,false,0.0,4241.282,4356.41,4114.103,4172.564,4252.82
1739917882.6681,2025-02-18 14:31:22.668,100,false,0.0,4249.615,4374.359,4122.564,4178.077,4265.513
1739917882.6759,2025-02-18 14:31:22.675,101,false,0.0,4244.359,4352.436,4119.744,4170.128,4266.667
1739917882.6838,2025-02-18 14:31:22.683,102,false,0.0,4241.154,4334.615,4118.461,4171.282,4267.436
1739917882.6916,2025-02-18 14:31:22.691,103,false,0.0,4250.128,4360.385,4124.872,4189.487,4278.077
1739917882.6994,2025-02-18 14:31:22.699,104,false,0.0,4255.513,4387.051,4130.897,4194.231,4279.359
1739917882.7072,2025-02-18 14:31:22.707,105,false,0.0,4258.077,4386.026,4140.0,4190.513,4273.333
1739917882.715,2025-02-18 14:31:22.715,106,false,0.0,4264.359,4375.513,4149.872,4199.103,4278.846
1739917882.7228,2025-02-18 14:31:22.722,107,false,0.0,4263.077,4369.744,4145.513,4206.026,4282.564
1739917882.7306,2025-02-18 14:31:22.730,108,false,0.0,4258.846,4371.667,4133.846,4199.615,4273.333
1739917882.7384,2025-02-18 14:31:22.738,109,false,0.0,4258.846,4369.231,4129.103,4187.18,4267.436
1739917882.7463,2025-02-18 14:31:22.746,110,false,0.0,4251.667,4357.564,4128.333,4179.615,4267.18
1739917882.7541,2025-02-18 14:31:22.754,111,false,0.0,4250.897,4363.846,4131.795,4188.59,4269.744
1739917882.7619,2025-02-18 14:31:22.761,112,false,0.0,4268.718,4386.41,4137.051,4197.949,4277.564
1739917882.7697,2025-02-18 14:31:22.769,113,false,0.0,4273.718,4390.0,4133.718,4187.564,4276.282
1739917882.7775,2025-02-18 14:31:22.777,114,false,0.0,4260.256,4377.564,4128.59,4183.974,4268.077
1739917882.7853,2025-02-18 14:31:22.785,115,false,0.0,4254.872,4369.872,4120.769,4194.103,4270.769
1739917882.7931,2025-02-18 14:31:22.793,116,false,0.0,4251.539,4366.795,4098.974,4180.897,4266.667
1739917882.8009,2025-02-18 14:31:22.800,117,false,0.0,4245.128,4365.256,4088.718,4159.744,4249.359
1739917882.8088,2025-02-18 14:31:22.808,118,false,0.0,4249.103,4359.872,4104.103,4167.949,4248.077
1739917882.8166,2025-02-18 14:31:22.816,119,false,0.0,4252.436,4354.872,4108.974,4181.539,4257.436
1739917882.8244,2025-02-18 14:31:22.824,120,false,0.0,4246.923,4365.256,4101.41,4181.667,4254.103
1739917882.8322,2025-02-18 14:31:22.832,121,false,0.0,4242.82,4378.846,4107.051,4182.949,4246.41
1739917882.84,2025-02-18 14:31:22.840,122,false,0.0,4238.718,4378.59,4111.026,4177.564,4243.077
1739917882.8478,2025-02-18 14:31:22.847,123,false,0.0,4237.692,4368.333,4103.846,4165.513,4242.051
1739917882.8556,2025-02-18 14:31:22.855,124,false,0.0,4238.59,4354.487,4099.359,4166.026,4237.692
1739917882.8634,2025-02-18 14:31:22.863,125,false,0.0,4227.051,4356.923,4095.0,4168.974,4222.949
1739917882.8713,2025-02-18 14:31:22.871,126,false,0.0,4224.872,4378.205,4100.0,4170.385,4221.923
1739917882.8791,2025-02-18 14:31:22.879,127,false,0.0,4246.026,4373.718,4117.051,4182.949,4246.154
1739917882.8869,2025-02-18 14:31:22.886,0,false,0.0,4248.846,4350.256,4113.718,4185.385,4250.128
1739917882.8947,2025-02-18 14:31:22.894,1,false,0.0,4232.82,4362.051,4097.18,4168.59,4231.41
1739917882.9025,2025-02-18 14:31:22.902,2,false,0.0,4241.026,4377.949,4103.333,4167.18,4239.744
1739917882.9103,2025-02-18 14:31:22.910,3,false,0.0,4254.103,4357.692,4109.231,4181.923,4257.051
1739917882.9181,2025-02-18 14:31:22.918,4,false,0.0,4242.82,4350.641,4094.615,4182.18,4249.872
1739917882.9259,2025-02-18 14:31:22.925,5,false,0.0,4237.692,4368.718,4092.051,4176.282,4247.82
1739917882.9338,2025-02-18 14:31:22.933,6,false,0.0,4247.949,4362.18,4104.615,4180.769,4256.154
1739917882.9416,2025-02-18 14:31:22.941,7,false,0.0,4249.615,4350.513,4105.128,4186.923,4250.385
1739917882.9494,2025-02-18 14:31:22.949,8,false,0.0,4249.359,4373.59,4100.513,4189.231,4250.256
1739917882.9572,2025-02-18 14:31:22.957,9,false,0.0,4253.077,4392.18,4104.615,4189.103,4266.154
1739917882.965,2025-02-18 14:31:22.965,10,false,0.0,4248.974,4377.949,4108.974,4187.436,4271.667
1739917882.9728,2025-02-18 14:31:22.972,11,false,0.0,4245.128,4371.539,4109.103,4190.256,4268.077
1739917882.9806,2025-02-18 14:31:22.980,12,false,0.0,4247.18,4381.154,4107.82,4190.256,4268.461
1739917882.9884,2025-02-18 14:31:22.988,13,false,0.0,4242.82,4369.744,4105.385,4177.051,4266.923
1739917882.9963,2025-02-18 14:31:22.996,14,false,0.0,4239.359,4354.231,4103.974,4170.641,4267.18
1739917883.0041,2025-02-18 14:31:23.004,15,false,0.0,4246.282,4364.615,4102.436,4180.641,4271.282
1739917883.0119,2025-02-18 14:31:23.011,16,false,0.0,4245.513,4367.18,4096.795,4182.692,4267.564
1739917883.0197,2025-02-18 14:31:23.019,17,false,0.0,4237.051,4357.692,4095.513,4176.539,4264.615
1739917883.0275,2025-02-18 14:31:23.027,18,false,0.0,4240.769,4371.154,4100.128,4180.641,4271.026
1739917883.0353,2025-02-18 14:31:23.035,19,false,0.0,4243.974,4375.897,4091.795,4179.872,4268.205
1739917883.0431,2025-02-18 14:31:23.043,20,false,0.0,4235.641,4354.615,4077.179,4169.615,4260.641
1739917883.0509,2025-02-18 14:31:23.050,21,false,0.0,4239.872,4356.667,4085.769,4176.026,4273.974
1739917883.0588,2025-02-18 14:31:23.058,22,false,0.0,4251.539,4371.795,4101.154,4189.872,4289.359
1739917883.0666,2025-02-18 14:31:23.066,23,false,0.0,4244.615,4368.974,4092.436,4184.487,4281.282
1739917883.0744,2025-02-18 14:31:23.074,24,false,0.0,4235.128,4372.436,4079.744,4174.487,4270.769
1739917883.0822,2025-02-18 14:31:23.082,25,false,0.0,4238.205,4364.359,4082.949,4172.308,4271.923
1739917883.09,2025-02-18 14:31:23.090,26,false,0.0,4241.41,4342.18,4090.385,4172.692,4275.0
1739917883.0978,2025-02-18 14:31:23.097,27,false,0.0,4251.154,4369.487,4103.59,4186.282,4286.026
1739917883.1056,2025-02-18 14:31:23.105,28,false,0.0,4264.103,4400.256,4115.128,4202.308,4299.615
1739917883.1134,2025-02-18 14:31:23.113,29,false,0.0,4252.949,4361.154,4100.641,4190.0,4292.18
1739917883.1213,2025-02-18 14:31:23.121,30,false,0.0,4234.359,4344.231,4082.821,4169.103,4276.667
1739917883.1291,2025-02-18 14:31:23.129,31,false,0.0,4243.846,4392.308,4096.154,4176.41,4284.103
1739917883.1369,2025-02-18 14:31:23.136,32,false,0.0,4264.487,4401.795,4116.282,4194.615,4305.128
1739917883.1447,2025-02-18 14:31:23.144,33,false,0.0,4266.667,4372.692,4115.128,4194.359,4306.154
1739917883.1525,2025-02-18 14:31:23.152,34,false,0.0,4254.487,4372.82,4109.231,4182.18,4286.539
1739917883.1603,2025-02-18 14:31:23.160,35,false,0.0,4243.333,4372.436,4109.615,4172.051,4274.487
1739917883.1681,2025-02-18 14:31:23.168,36,false,0.0,4236.923,4357.692,4103.718,4165.0,4270.897
1739917883.1759,2025-02-18 14:31:23.175,37,false,0.0,4231.667,4367.692,4096.539,4165.513,4262.308
1739917883.1838,2025-02-18 14:31:23.183,38,false,0.0,4235.641,4386.41,4106.41,4184.872,4272.692
1739917883.1916,2025-02-18 14:31:23.191,39,false,0.0,4252.949,4385.641,4118.718,4209.615,4302.051
1739917883.1994,2025-02-18 14:31:23.199,40,false,0.0,4257.82,4378.205,4106.026,4209.615,4299.103
1739917883.2072,2025-02-18 14:31:23.207,41,false,0.0,4242.051,4374.487,4088.846,4190.513,4271.282
1739917883.215,2025-02-18 14:31:23.215,42,false,0.0,4232.436,4375.385,4094.872,4178.461,4266.923
1739917883.2228,2025-02-18 14:31:23.222,43,false,0.0,4226.539,4374.487,4098.333,4169.872,4264.744
1739917883.2306,2025-02-18 14:31:23.230,44,false,0.0,4210.385,4362.051,4083.846,4159.231,4242.051
1739917883.2384,2025-02-18 14:31:23.238,45,false,0.0,4206.154,4354.487,4081.282,4161.026,4235.128
1739917883.2463,2025-02-18 14:31:23.246,46,false,0.0,4220.385,4369.103,4096.154,4173.205,4252.18
1739917883.2541,2025-02-18 14:31:23.254,47,false,0.0,4232.692,4384.231,4105.128,4181.154,4266.795
1739917883.2619,2025-02-18 14:31:23.261,48,false,0.0,4239.487,4375.256,4102.949,4182.82,4268.333
1739917883.2697,2025-02-18 14:31:23.269,49,false,0.0,4238.974,4359.872,4097.564,4181.282,4255.256
1739917883.2775,2025-02-18 14:31:23.277,50,false,0.0,4231.539,4367.82,4096.41,4181.282,4245.897
1739917883.2853,2025-02-18 14:31:23.285,51,false,0.0,4231.154,4382.692,4098.718,4183.461,4254.615
1739917883.2931,2025-02-18 14:31:23.293,52,false,0.0,4233.205,4371.41,4092.564,4178.59,4254.615
1739917883.3009,2025-02-18 14:31:23.300,53,false,0.0,4229.872,4354.615,4082.308,4168.974,4244.231
1739917883.3088,2025-02-18 14:31:23.308,54,false,0.0,4233.974,4355.0,4084.615,4167.18,4252.308
1739917883.3166,2025-02-18 14:31:23.316,55,false,0.0,4238.974,4353.974,4093.205,4173.718,4259.615
1739917883.3244,2025-02-18 14:31:23.324,56,false,0.0,4236.154,4366.154,4098.59,4186.539,4248.846
1739917883.3322,2025-02-18 14:31:23.332,57,false,0.0,4241.282,4403.59,4102.692,4200.128,4250.256
1739917883.34,2025-02-18 14:31:23.340,58,false,0.0,4242.692,4402.436,4097.308,4198.333,4261.795
1739917883.3478,2025-02-18 14:31:23.347,59,false,0.0,4225.897,4358.205,4083.59,4182.82,4258.974
1739917883.3556,2025-02-18 14:31:23.355,60,false,0.0,4224.103,4353.077,4079.872,4172.692,4255.769
1739917883.3634,2025-02-18 14:31:23.363,61,false,0.0,4241.41,4377.949,4084.744,4168.461,4261.154
1739917883.3713,2025-02-18 14:31:23.371,62,false,0.0,4236.41,4375.769,4082.949,4162.308,4261.539
1739917883.3791,2025-02-18 14:31:23.379,63,false,0.0,4218.205,4374.744,4078.205,4160.897,4258.718
1739917883.3869,2025-02-18 14:31:23.386,64,false,0.0,4219.359,4387.051,4081.539,4166.667,4256.667
1739917883.3947,2025-02-18 14:31:23.394,65,false,0.0,4225.385,4380.128,4091.282,4170.641,4254.359
1739917883.4025,2025-02-18 14:31:23.402,66,false,0.0,4225.256,4375.385,4099.744,4173.205,4260.897
1739917883.4103,2025-02-18 14:31:23.410,67,false,0.0,4235.385,4388.718,4103.461,4181.539,4276.026
1739917883.4181,2025-02-18 14:31:23.418,68,false,0.0,4246.923,4386.795,4099.615,4186.667,4284.487
1739917883.4259,2025-02-18 14:31:23.425,69,false,0.0,4239.359,4370.385,4085.641,4175.256,4278.333
1739917883.4338,2025-02-18 14:31:23.433,70,false,0.0,4223.205,4364.872,4073.718,4158.333,4262.692
1739917883.4416,2025-02-18 14:31:23.441,71,false,0.0,4216.539,4364.231,4080.385,4154.487,4249.359
1739917883.4494,2025-02-18 14:31:23.449,72,false,0.0,4212.308,4356.667,4090.128,4156.795,4243.461
1739917883.4572,2025-02-18 14:31:23.457,73,false,0.0,4201.026,4349.744,4082.436,4151.41,4238.461
1739917883.465,2025-02-18 14:31:23.465,74,false,0.0,4195.641,4348.333,4075.641,4145.0,4236.154
1739917883.4728,2025-02-18 14:31:23.472,75,false,0.0,4207.051,4341.795,4083.205,4145.769,4241.667
1739917883.4806,2025-02-18 14:31:23.480,76,false,0.0,4217.949,4332.949,4086.282,4147.308,4248.333
1739917883.4884,2025-02-18 14:31:23.488,77,false,0.0,4213.461,4343.846,4080.385,4146.154,4252.564
1739917883.4963,2025-02-18 14:31:23.496,78,false,0.0,4206.41,4363.718,4080.0,4150.769,4256.154
1739917883.5041,2025-02-18 14:31:23.504,79,false,0.0,4209.615,4371.282,4086.154,4164.744,4257.051
1739917883.5119,2025-02-18 14:31:23.511,80,false,0.0,4217.18,4381.923,4094.487,4178.59,4260.513
1739917883.5197,2025-02-18 14:31:23.519,81,false,0.0,4221.795,4388.59,4103.333,4182.692,4267.436
1739917883.5275,2025-02-18 14:31:23.527,82,false,0.0,4226.795,4372.564,4107.949,4182.051,4269.231
1739917883.5353,2025-02-18 14:31:23.535,83,false,0.0,4233.461,4370.256,4109.487,4184.231,4271.41
1739917883.5431,2025-02-18 14:31:23.543,84,false,0.0,4233.461,4382.949,4110.256,4184.359,4278.077
1739917883.5509,2025-02-18 14:31:23.550,85,false,0.0,4227.949,4362.308,4111.923,4181.667,4277.949
1739917883.5588,2025-02-18 14:31:23.558,86,false,0.0,4233.846,4347.18,4121.41,4187.308,4276.923
1739917883.5666,2025-02-18 14:31:23.566,87,false,0.0,4251.026,4381.923,4136.795,4203.59,4290.641
1739917883.5744,2025-02-18 14:31:23.574,88,false,0.0,4262.308,4406.154,4147.436,4217.308,4306.795
1739917883.5822,2025-02-18 14:31:23.582,89,false,0.0,4258.205,4391.154,4147.308,4213.718,4305.0
1739917883.59,2025-02-18 14:31:23.590,90,false,0.0,4241.923,4380.128,4134.872,4196.795,4291.282
1739917883.5978,2025-02-18 14:31:23.597,91,false,0.0,4234.615,4378.333,4124.231,4193.205,4287.308
1739917883.6056,2025-02-18 14:31:23.605,92,false,0.0,4251.667,4373.461,4128.846,4205.641,4295.385
1739917883.6134,2025-02-18 14:31:23.613,93,false,0.0,4263.333,4368.205,4130.128,4201.282,4295.256
1739917883.6213,2025-02-18 14:31:23.621,94,false,0.0,4257.436,4365.513,4124.744,4187.949,4295.385
1739917883.6291,2025-02-18 14:31:23.629,95,false,0.0,4271.41,4379.872,4138.077,4201.795,4318.846
1739917883.6369,2025-02-18 14:31:23.636,96,false,0.0,4296.026,4398.333,4149.359,4219.103,4333.718
1739917883.6447,2025-02-18 14:31:23.644,97,false,0.0,4288.718,4389.487,4129.872,4209.872,4312.692
1739917883.6525,2025-02-18 14:31:23.652,98,false,0.0,4270.128,4383.974,4115.897,4201.795,4296.282
1739917883.6603,2025-02-18 14:31:23.660,99,false,0.0,4266.539,4399.872,4129.359,4208.205,4304.103
1739917883.6681,2025-02-18 14:31:23.668,100,false,0.0,4262.564,4393.59,4136.154,4210.256,4307.82
1739917883.6759,2025-02-18 14:31:23.675,101,false,0.0,4257.949,4373.59,4122.82,4203.077,4297.436
1739917883.6838,2025-02-18 14:31:23.683,102,false,0.0,4251.41,4378.718,4109.487,4186.282,4279.103
1739917883.6916,2025-02-18 14:31:23.691,103,false,0.0,4234.487,4382.308,4109.744,4177.564,4264.744
1739917883.6994,2025-02-18 14:31:23.699,104,false,0.0,4228.846,4369.359,4116.667,4193.718,4266.667
1739917883.7072,2025-02-18 14:31:23.707,105,false,0.0,4237.18,4366.795,4110.769,4196.026,4263.205
1739917883.715,2025-02-18 14:31:23.715,106,false,0.0,4232.308,4373.846,4101.667,4173.461,4248.846
1739917883.7228,2025-02-18 14:31:23.722,107,false,0.0,4227.436,4380.513,4109.103,4179.359,4255.897
1739917883.7306,2025-02-18 14:31:23.730,108,false,0.0,4242.18,4386.154,4110.256,4203.974,4273.333
1739917883.7384,2025-02-18 14:31:23.738,109,false,0.0,4257.564,4381.282,4098.205,4200.0,4273.974
1739917883.7463,2025-02-18 14:31:23.746,110,false,0.0,4257.82,4374.872,4100.385,4187.308,4272.051
1739917883.7541,2025-02-18 14:31:23.754,111,false,0.0,4245.641,4377.308,4102.949,4184.103,4266.41
1739917883.7619,2025-02-18 14:31:23.761,112,false,0.0,4233.461,4377.051,4090.897,4178.974,4250.513
1739917883.7697,2025-02-18 14:31:23.769,113,false,0.0,4232.564,4375.897,4092.692,4181.795,4244.487
1739917883.7775,2025-02-18 14:31:23.777,114,false,0.0,4230.385,4376.026,4103.846,4185.0,4239.872
1739917883.7853,2025-02-18 14:31:23.785,115,false,0.0,4221.41,4364.103,4106.154,4176.667,4230.769
1739917883.7931,2025-02-18 14:31:23.793,116,false,0.0,4223.974,4358.846,4117.051,4182.564,4244.231
1739917883.8009,2025-02-18 14:31:23.800,117,false,0.0,4230.385,4379.103,4124.744,4197.051,4258.846
1739917883.8088,2025-02-18 14:31:23.808,118,false,0.0,4225.0,4388.077,4110.385,4191.41,4244.487
1739917883.8166,2025-02-18 14:31:23.816,119,false,0.0,4224.487,4373.974,4107.82,4187.051,4239.231
1739917883.8244,2025-02-18 14:31:23.824,120,false,0.0,4238.461,4379.487,4126.282,4200.769,4258.333
1739917883.8322,2025-02-18 14:31:23.832,121,false,0.0,4250.128,4396.923,4128.718,4207.436,4265.897
1739917883.84,2025-02-18 14:31:23.840,122,false,0.0,4244.615,4378.974,4110.641,4195.385,4254.359
1739917883.8478,2025-02-18 14:31:23.847,123,false,0.0,4223.974,4347.949,4095.641,4176.026,4235.769
1739917883.8556,2025-02-18 14:31:23.855,124,false,0.0,4216.539,4352.051,4099.359,4169.103,4224.359
1739917883.8634,2025-02-18 14:31:23.863,125,false,0.0,4233.718,4377.051,4118.205,4181.282,4236.154
1739917883.8713,2025-02-18 14:31:23.871,126,false,0.0,4242.82,4393.59,4122.82,4186.026,4250.0
1739917883.8791,2025-02-18 14:31:23.879,127,false,0.0,4237.436,4398.974,4111.282,4177.564,4246.539
1739917883.8869,2025-02-18 14:31:23.886,0,false,0.0,4239.744,4387.949,4113.974,4179.103,4243.846
1739917883.8947,2025-02-18 14:31:23.894,1,false,0.0,4227.051,4363.974,4116.282,4172.692,4231.667
1739917883.9025,2025-02-18 14:31:23.902,2,false,0.0,4194.359,4348.461,4098.846,4150.513,4206.026
1739917883.9103,2025-02-18 14:31:23.910,3,false,0.0,4192.692,4345.128,4095.385,4154.359,4210.897
1739917883.9181,2025-02-18 14:31:23.918,4,false,0.0,4214.103,4346.667,4107.692,4170.897,4228.846
1739917883.9259,2025-02-18 14:31:23.925,5,false,0.0,4205.256,4350.256,4100.513,4155.0,4209.615
1739917883.9338,2025-02-18 14:31:23.933,6,false,0.0,4188.974,4345.128,4090.0,4139.744,4194.359
1739917883.9416,2025-02-18 14:31:23.941,7,false,0.0,4196.923,4337.82,4092.436,4153.077,4211.026
1739917883.9494,2025-02-18 14:31:23.949,8,false,0.0,4194.615,4341.795,4080.385,4155.128,4207.18
1739917883.9572,2025-02-18 14:31:23.957,9,false,0.0,4176.667,4335.769,4060.513,4142.308,4188.718
1739917883.965,2025-02-18 14:31:23.965,10,false,0.0,4178.461,4320.897,4063.846,4147.051,4199.359
1739917883.9728,2025-02-18 14:31:23.972,11,false,0.0,4193.461,4335.128,4078.461,4159.359,4216.41
1739917883.9806,2025-02-18 14:31:23.980,12,false,0.0,4202.18,4355.256,4081.667,4159.359,4217.564
1739917883.9884,2025-02-18 14:31:23.988,13,false,0.0,4208.974,4342.051,4076.41,4153.59,4217.82
1739917883.9963,2025-02-18 14:31:23.996,14,false,0.0,4213.461,4334.103,4075.385,4153.974,4220.769
1739917884.0041,2025-02-18 14:31:24.004,15,false,0.0,4216.923,4351.026,4083.077,4165.769,4228.718
1739917884.0119,2025-02-18 14:31:24.011,16,false,0.0,4218.333,4347.436,4082.949,4173.205,4232.692
1739917884.0197,2025-02-18 14:31:24.019,17,false,0.0,4204.231,4327.82,4068.333,4163.333,4215.0
1739917884.0275,2025-02-18 14:31:24.027,18,false,0.0,4193.846,4334.744,4067.179,4159.231,4204.231
1739917884.0353,2025-02-18 14:31:24.035,19,false,0.0,4210.513,4356.41,4084.615,4171.539,4221.282
1739917884.0431,2025-02-18 14:31:24.043,20,false,0.0,4222.051,4360.128,4090.641,4177.308,4228.718
1739917884.0509,2025-02-18 14:31:24.050,21,false,0.0,4210.513,4347.436,4085.513,4177.949,4221.41
1739917884.0588,2025-02-18 14:31:24.058,22,false,0.0,4205.897,4338.077,4083.205,4181.923,4224.872
1739917884.0666,2025-02-18 14:31:24.066,23,false,0.0,4205.385,4336.923,4072.308,4173.333,4218.333
1739917884.0744,2025-02-18 14:31:24.074,24,false,0.0,4195.128,4332.692,4058.718,4159.615,4199.615
1739917884.0822,2025-02-18 14:31:24.082,25,false,0.0,4200.897,4331.026,4064.231,4165.256,4209.487
1739917884.09,2025-02-18 14:31:24.090,26,false,0.0,4222.436,4343.974,4078.846,4178.846,4233.461
1739917884.0978,2025-02-18 14:31:24.097,27,false,0.0,4227.308,4354.103,4085.513,4181.539,4231.41
1739917884.1056,2025-02-18 14:31:24.105,28,false,0.0,4219.615,4350.897,4086.795,4179.744,4222.82
1739917884.1134,2025-02-18 14:31:24.113,29,false,0.0,4220.385,4345.385,4086.282,4179.103,4232.308
1739917884.1213,2025-02-18 14:31:24.121,30,false,0.0,4227.692,4336.282,4087.692,4180.256,4239.872
1739917884.1291,2025-02-18 14:31:24.129,31,false,0.0,4232.051,4335.641,4089.487,4180.769,4234.103
1739917884.1369,2025-02-18 14:31:24.136,32,false,0.0,4226.795,4348.205,4078.974,4170.385,4227.564
1739917884.1447,2025-02-18 14:31:24.144,33,false,0.0,4215.385,4334.744,4065.0,4157.18,4225.256
1739917884.1525,2025-02-18 14:31:24.152,34,false,0.0,4214.231,4312.564,4069.359,4163.205,4227.18
1739917884.1603,2025-02-18 14:31:24.160,35,false,0.0,4220.513,4335.0,4077.436,4177.051,4232.308
1739917884.1681,2025-02-18 14:31:24.168,36,false,0.0,4215.0,4357.051,4066.923,4171.923,4228.205
1739917884.1759,2025-02-18 14:31:24.175,37,false,0.0,4205.256,4344.615,4058.59,4157.82,4219.231
1739917884.1838,2025-02-18 14:31:24.183,38,false,0.0,4212.436,4347.051,4072.308,4157.82,4229.744
1739917884.1916,2025-02-18 14:31:24.191,39,false,0.0,4224.231,4347.436,4085.769,4164.103,4245.769
1739917884.1994,2025-02-18 14:31:24.199,40,false,0.0,4218.974,4324.487,4081.282,4162.564,4236.026
1739917884.2072,2025-02-18 14:31:24.207,41,false,0.0,4210.897,4335.513,4075.897,4159.103,4226.795
1739917884.215,2025-02-18 14:31:24.215,42,false,0.0,4224.615,4356.282,4083.974,4162.308,4255.385
1739917884.2228,2025-02-18 14:31:24.222,43,false,0.0,4251.154,4338.846,4097.949,4174.615,4296.282
1739917884.2306,2025-02-18 14:31:24.230,44,false,0.0,4263.59,4340.0,4105.641,4190.128,4316.41
1739917884.2384,2025-02-18 14:31:24.238,45,false,0.0,4258.333,4354.615,4101.539,4195.641,4325.0
1739917884.2463,2025-02-18 14:31:24.246,46,false,0.0,4258.59,4331.41,4093.974,4191.539,4333.205
1739917884.2541,2025-02-18 14:31:24.254,47,false,0.0,4267.051,4320.128,4092.308,4188.59,4335.256
1739917884.2619,2025-02-18 14:31:24.261,48,false,0.0,4260.128,4328.333,4091.41,4187.564,4330.897
1739917884.2697,2025-02-18 14:31:24.269,49,false,0.0,4252.564,4315.385,4088.718,4192.18,4333.077
1739917884.2775,2025-02-18 14:31:24.277,50,false,0.0,4269.615,4328.333,4093.205,4199.872,4341.539
1739917884.2853,2025-02-18 14:31:24.285,51,false,0.0,4278.59,4358.718,4104.103,4195.513,4339.231
1739917884.2931,2025-02-18 14:31:24.293,52,false,0.0,4265.769,4340.769,4114.744,4193.461,4335.385
1739917884.3009,2025-02-18 14:31:24.300,53,false,0.0,4269.487,4325.128,4120.897,4209.615,4348.077
1739917884.3088,2025-02-18 14:31:24.308,54,false,0.0,4277.949,4347.051,4116.282,4216.667,4351.41
1739917884.3166,2025-02-18 14:31:24.316,55,false,0.0,4263.718,4353.333,4109.359,4209.487,4333.077
1739917884.3244,2025-02-18 14:31:24.324,56,false,0.0,4258.333,4348.333,4113.077,4213.846,4327.18
1739917884.3322,2025-02-18 14:31:24.332,57,false,0.0,4262.18,4344.231,4116.154,4213.461,4329.872
1739917884.34,2025-02-18 14:31:24.340,58,false,0.0,4246.154,4328.205,4111.667,4196.026,4315.897
1739917884.3478,2025-02-18 14:31:24.347,59,false,0.0,4237.308,4338.077,4113.718,4193.846,4307.436
1739917884.3556,2025-02-18 14:31:24.355,60,false,0.0,4249.103,4366.539,4121.539,4211.667,4317.692
1739917884.3634,2025-02-18 14:31:24.363,61,false,0.0,4249.872,4358.205,4121.282,4226.154,4324.615
1739917884.3713,2025-02-18 14:31:24.371,62,false,0.0,4243.205,4342.051,4110.128,4228.59,4317.436
1739917884.3791,2025-02-18 14:31:24.379,63,false,0.0,4242.436,4347.949,4099.231,4215.128,4301.923
1739917884.3869,2025-02-18 14:31:24.386,64,false,0.0,4239.487,4345.128,4105.385,4200.641,4296.539
1739917884.3947,2025-02-18 14:31:24.394,65,false,0.0,4243.461,4335.769,4118.077,4206.41,4308.974
1739917884.4025,2025-02-18 14:31:24.402,66,false,0.0,4253.077,4335.256,4111.667,4215.128,4311.282
1739917884.4103,2025-02-18 14:31:24.410,67,false,0.0,4252.051,4341.539,4103.461,4212.051,4299.872
1739917884.4181,2025-02-18 14:31:24.418,68,false,0.0,4252.82,4359.487,4114.872,4211.667,4302.564
1739917884.4259,2025-02-18 14:31:24.425,69,false,0.0,4260.128,4362.308,4119.744,4212.564,4308.077
1739917884.4338,2025-02-18 14:31:24.433,70,false,0.0,4255.0,4338.461,4109.487,4206.667,4299.359
1739917884.4416,2025-02-18 14:31:24.441,71,false,0.0,4246.282,4336.41,4109.103,4204.615,4293.205
1739917884.4494,2025-02-18 14:31:24.449,72,false,0.0,4248.205,4352.949,4114.103,4206.795,4291.154
1739917884.4572,2025-02-18 14:31:24.457,73,false,0.0,4249.103,4348.846,4112.82,4210.385,4286.539
1739917884.465,2025-02-18 14:31:24.465,74,false,0.0,4250.769,4347.308,4114.487,4219.231,4290.256
1739917884.4728,2025-02-18 14:31:24.472,75,false,0.0,4259.359,4352.18,4111.667,4220.897,4294.487
1739917884.4806,2025-02-18 14:31:24.480,76,false,0.0,4258.718,4339.103,4100.641,4207.308,4287.18
1739917884.4884,2025-02-18 14:31:24.488,77,false,0.0,4253.077,4345.385,4104.872,4202.308,4284.487
1739917884.4963,2025-02-18 14:31:24.496,78,false,0.0,4263.718,4371.154,4122.051,4219.359,4294.487
1739917884.5041,2025-02-18 14:31:24.504,79,false,0.0,4275.513,4357.564,4123.461,4234.744,4300.256
1739917884.5119,2025-02-18 14:31:24.511,80,false,0.0,4268.077,4335.256,4114.487,4226.923,4291.795
1739917884.5197,2025-02-18 14:31:24.519,81,false,0.0,4262.436,4352.308,4119.103,4213.333,4288.846
1739917884.5275,2025-02-18 14:31:24.527,82,false,0.0,4272.949,4362.692,4129.103,4218.974,4309.103
1739917884.5353,2025-02-18 14:31:24.535,83,false,0.0,4278.333,4351.282,4124.487,4230.769,4322.308
1739917884.5431,2025-02-18 14:31:24.543,84,false,0.0,4271.026,4355.513,4112.18,4224.615,4304.744
1739917884.5509,2025-02-18 14:31:24.550,85,false,0.0,4266.539,4358.205,4105.513,4208.59,4292.18
1739917884.5588,2025-02-18 14:31:24.558,86,false,0.0,4267.564,4350.128,4099.487,4201.795,4299.359
1739917884.5666,2025-02-18 14:31:24.566,87,false,0.0,4269.231,4360.769,4097.308,4208.59,4297.051
1739917884.5744,2025-02-18 14:31:24.574,88,false,0.0,4274.103,4370.0,4113.333,4223.461,4293.974
1739917884.5822,2025-02-18 14:31:24.582,89,false,0.0,4280.256,4353.974,4133.59,4228.846,4308.846
1739917884.59,2025-02-18 14:31:24.590,90,false,0.0,4281.026,4345.385,4133.205,4220.128,4319.231
1739917884.5978,2025-02-18 14:31:24.597,91,false,0.0,4279.359,4356.41,4122.18,4221.282,4316.539
1739917884.6056,2025-02-18 14:31:24.605,92,false,0.0,4282.692,4364.103,4119.487,4233.974,4312.949
1739917884.6134,2025-02-18 14:31:24.613,93,false,0.0,4283.59,4364.615,4119.231,4230.0,4302.82
1739917884.6213,2025-02-18 14:31:24.621,94,false,0.0,4268.461,4361.667,4114.744,4212.436,4289.103
1739917884.6291,2025-02-18 14:31:24.629,95,false,0.0,4253.077,4358.461,4111.41,4208.461,4286.667
1739917884.6369,2025-02-18 14:31:24.636,96,false,0.0,4262.18,4366.539,4112.051,4220.128,4293.077
1739917884.6447,2025-02-18 14:31:24.644,97,false,0.0,4274.103,4376.282,4112.308,4226.026,4292.82
1739917884.6525,2025-02-18 14:31:24.652,98,false,0.0,4257.692,4364.744,4104.359,4211.026,4274.872
1739917884.6603,2025-02-18 14:31:24.660,99,false,0.0,4240.641,4346.667,4094.487,4193.846,4258.718
1739917884.6681,2025-02-18 14:31:24.668,100,false,0.0,4252.436,4353.846,4100.256,4204.359,4272.308
1739917884.6759,2025-02-18 14:31:24.675,101,false,0.0,4269.872,4371.923,4116.539,4228.461,4295.256
1739917884.6838,2025-02-18 14:31:24.683,102,false,0.0,4276.795,4367.949,4126.667,4236.026,4300.897
1739917884.6916,2025-02-18 14:31:24.691,103,false,0.0,4281.539,4361.282,4130.513,4232.564,4300.769
1739917884.6994,2025-02-18 14:31:24.699,104,false,0.0,4273.333,4375.385,4125.0,4224.103,4292.051
1739917884.7072,2025-02-18 14:31:24.707,105,false,0.0,4252.82,4376.667,4107.436,4208.077,4269.615
1739917884.715,2025-02-18 14:31:24.715,106,false,0.0,4248.077,4352.051,4096.667,4198.846,4260.769
1739917884.7228,2025-02-18 14:31:24.722,107,false,0.0,4253.974,4343.205,4098.461,4196.923,4261.539
1739917884.7306,2025-02-18 14:31:24.730,108,false,0.0,4248.846,4356.154,4097.18,4192.308,4251.923
1739917884.7384,2025-02-18 14:31:24.738,109,false,0.0,4249.359,4362.308,4097.308,4201.154,4257.692
1739917884.7463,2025-02-18 14:31:24.746,110,false,0.0,4263.461,4364.487,4105.769,4221.41,4279.231
1739917884.7541,2025-02-18 14:31:24.754,111,false,0.0,4265.0,4365.513,4107.949,4220.897,4275.769
1739917884.7619,2025-02-18 14:31:24.761,112,false,0.0,4257.051,4358.974,4106.795,4206.539,4263.077
1739917884.7697,2025-02-18 14:31:24.769,113,false,0.0,4259.744,4358.59,4115.897,4208.333,4273.846
1739917884.7775,2025-02-18 14:31:24.777,114,false,0.0,4257.308,4357.18,4116.667,4216.282,4280.385
1739917884.7853,2025-02-18 14:31:24.785,115,false,0.0,4242.82,4340.0,4099.615,4210.513,4267.051
1739917884.7931,2025-02-18 14:31:24.793,116,false,0.0,4241.795,4338.974,4096.026,4204.359,4264.872
1739917884.8009,2025-02-18 14:31:24.800,117,false,0.0,4249.615,4365.0,4112.308,4210.0,4275.385
1739917884.8088,2025-02-18 14:31:24.808,118,false,0.0,4243.974,4377.82,4113.333,4213.461,4272.692
1739917884.8166,2025-02-18 14:31:24.816,119,false,0.0,4239.359,4372.82,4097.692,4208.974,4264.231
1739917884.8244,2025-02-18 14:31:24.824,120,false,0.0,4248.974,4372.051,4096.41,4211.41,4270.385
1739917884.8322,2025-02-18 14:31:24.832,121,false,0.0,4255.385,4368.333,4104.744,4214.615,4279.103
1739917884.84,2025-02-18 14:31:24.840,122,false,0.0,4251.282,4364.359,4102.051,4202.949,4276.026
1739917884.8478,2025-02-18 14:31:24.847,123,false,0.0,4246.41,4369.487,4101.795,4196.282,4274.103
1739917884.8556,2025-02-18 14:31:24.855,124,false,0.0,4243.077,4361.923,4110.513,4205.513,4279.615
1739917884.8634,2025-02-18 14:31:24.863,125,false,0.0,4241.41,4338.846,4104.487,4204.872,4277.18
1739917884.8713,2025-02-18 14:31:24.871,126,false,0.0,4247.051,4332.692,4092.949,4199.872,4269.487
1739917884.8791,2025-02-18 14:31:24.879,127,false,0.0,4260.513,4358.333,4110.256,4214.872,4276.282
1739917884.8869,2025-02-18 14:31:24.886,0,false,0.0,4270.256,4392.051,4132.692,4225.128,4290.0
1739917884.8947,2025-02-18 14:31:24.894,1,false,0.0,4262.051,4392.436,4119.615,4210.385,4286.154
1739917884.9025,2025-02-18 14:31:24.902,2,false,0.0,4245.897,4359.487,4099.231,4198.461,4270.256
1739917884.9103,2025-02-18 14:31:24.910,3,false,0.0,4242.564,4348.461,4101.795,4197.949,4263.461
1739917884.9181,2025-02-18 14:31:24.918,4,false,0.0,4242.949,4361.41,4100.0,4192.18,4262.82
1739917884.9259,2025-02-18 14:31:24.925,5,false,0.0,4233.077,4351.795,4086.154,4187.564,4255.385
1739917884.9338,2025-02-18 14:31:24.933,6,false,0.0,4230.897,4344.231,4088.846,4192.692,4252.308
1739917884.9416,2025-02-18 14:31:24.941,7,false,0.0,4246.795,4371.026,4105.513,4197.949,4267.436
1739917884.9494,2025-02-18 14:31:24.949,8,false,0.0,4257.051,4389.103,4117.18,4200.0,4283.59
1739917884.9572,2025-02-18 14:31:24.957,9,false,0.0,4248.974,4380.0,4119.359,4200.897,4278.974
1739917884.965,2025-02-18 14:31:24.965,10,false,0.0,4241.026,4364.359,4110.385,4196.026,4263.461
1739917884.9728,2025-02-18 14:31:24.972,11,false,0.0,4239.615,4343.59,4105.0,4187.564,4255.385
1739917884.9806,2025-02-18 14:31:24.980,12,false,0.0,4229.487,4342.436,4114.231,4183.205,4249.744
1739917884.9884,2025-02-18 14:31:24.988,13,false,0.0,4222.82,4370.641,4115.769,4181.154,4241.41
1739917884.9963,2025-02-18 14:31:24.996,14,false,0.0,4246.923,4376.923,4107.18,4177.436,4242.949
1739917885.0041,2025-02-18 14:31:25.004,15,false,0.0,4278.461,4362.692,4107.308,4175.128,4252.051
1739917885.0119,2025-02-18 14:31:25.011,16,false,0.0,4285.256,4373.846,4103.718,4173.077,4248.205
1739917885.0197,2025-02-18 14:31:25.019,17,false,0.0,4293.718,4388.205,4096.026,4165.513,4240.769
1739917885.0275,2025-02-18 14:31:25.027,18,false,0.0,4318.077,4383.59,4104.487,4159.872,4251.795
1739917885.0353,2025-02-18 14:31:25.035,19,false,0.0,4321.282,4385.385,4111.539,4165.769,4264.231
1739917885.0431,2025-02-18 14:31:25.043,20,false,0.0,4308.077,4388.205,4106.282,4173.461,4260.128
1739917885.0509,2025-02-18 14:31:25.050,21,false,0.0,4309.872,4378.718,4112.436,4171.923,4255.641
1739917885.0588,2025-02-18 14:31:25.058,22,false,0.0,4305.128,4375.513,4122.18,4169.487,4254.103
1739917885.0666,2025-02-18 14:31:25.066,23,false,0.0,4281.795,4375.769,4119.487,4171.154,4242.82
1739917885.0744,2025-02-18 14:31:25.074,24,false,0.0,4272.051,4363.077,4115.769,4167.436,4233.205
1739917885.0822,2025-02-18 14:31:25.082,25,false,0.0,4277.051,4352.949,4113.846,4161.282,4235.769
1739917885.09,2025-02-18 14:31:25.090,26,false,0.0,4277.308,4357.692,4116.154,4168.205,4239.231
1739917885.0978,2025-02-18 14:31:25.097,27,false,0.0,4277.436,4362.949,4125.256,4180.0,4235.513
1739917885.1056,2025-02-18 14:31:25.105,28,false,0.0,4277.82,4367.436,4124.231,4178.974,4230.641
1739917885.1134,2025-02-18 14:31:25.113,29,false,0.0,4280.128,4385.513,4124.231,4179.231,4238.461
1739917885.1213,2025-02-18 14:31:25.121,30,false,0.0,4286.667,4397.564,4136.539,4187.82,4251.795
1739917885.1291,2025-02-18 14:31:25.129,31,false,0.0,4276.026,4377.436,4126.539,4182.18,4238.077
1739917885.1369,2025-02-18 14:31:25.136,32,false,0.0,4257.692,4360.128,4107.308,4173.59,4211.026
1739917885.1447,2025-02-18 14:31:25.144,33,false,0.0,4269.487,4379.872,4125.256,4190.769,4219.359
1739917885.1525,2025-02-18 14:31:25.152,34,false,0.0,4283.333,4395.385,4140.641,4203.205,4240.897
1739917885.1603,2025-02-18 14:31:25.160,35,false,0.0,4264.615,4380.641,4116.667,4188.333,4230.256
1739917885.1681,2025-02-18 14:31:25.168,36,false,0.0,4258.077,4372.564,4103.974,4183.974,4217.564
1739917885.1759,2025-02-18 14:31:25.175,37,false,0.0,4282.18,4376.41,4119.615,4196.539,4231.154
1739917885.1838,2025-02-18 14:31:25.183,38,false,0.0,4290.769,4371.539,4124.487,4191.667,4243.077
1739917885.1916,2025-02-18 14:31:25.191,39,false,0.0,4276.154,4371.539,4115.897,4176.923,4238.205
1739917885.1994,2025-02-18 14:31:25.199,40,false,0.0,4265.256,4379.103,4111.282,4175.385,4227.18
1739917885.2072,2025-02-18 14:31:25.207,41,false,0.0,4263.974,4376.282,4113.077,4179.872,4222.051
1739917885.215,2025-02-18 14:31:25.215,42,false,0.0,4269.487,4375.256,4119.359,4184.231,4232.82
1739917885.2228,2025-02-18 14:31:25.222,43,false,0.0,4275.513,4384.615,4122.308,4192.82,4246.539
1739917885.2306,2025-02-18 14:31:25.230,44,false,0.0,4276.154,4381.41,4116.795,4199.487,4246.282
1739917885.2384,2025-02-18 14:31:25.238,45,false,0.0,4271.154,4364.615,4106.026,4192.18,4239.744
1739917885.2463,2025-02-18 14:31:25.246,46,false,0.0,4256.539,4357.82,4093.077,4175.0,4232.949
1739917885.2541,2025-02-18 14:31:25.254,47,false,0.0,4249.231,4365.128,4090.128,4174.487,4229.615
1739917885.2619,2025-02-18 14:31:25.261,48,false,0.0,4268.718,4377.692,4101.154,4196.667,4238.333
1739917885.2697,2025-02-18 14:31:25.269,49,false,0.0,4282.436,4389.103,4105.897,4205.769,4245.256
1739917885.2775,2025-02-18 14:31:25.277,50,false,0.0,4264.487,4386.282,4098.974,4189.103,4238.59
1739917885.2853,2025-02-18 14:31:25.285,51,false,0.0,4250.128,4371.923,4094.615,4179.872,4236.795
1739917885.2931,2025-02-18 14:31:25.293,52,false,0.0,4255.641,4370.0,4094.615,4190.769,4243.077
1739917885.3009,2025-02-18 14:31:25.300,53,false,0.0,4257.82,4378.974,4097.051,4198.461,4241.667
1739917885.3088,2025-02-18 14:31:25.308,54,false,0.0,4255.897,4377.82,4103.59,4193.333,4237.051
1739917885.3166,2025-02-18 14:31:25.316,55,false,0.0,4255.256,4372.051,4108.205,4188.077,4236.667
1739917885.3244,2025-02-18 14:31:25.324,56,false,0.0,4250.897,4370.513,4109.487,4190.0,4235.769
1739917885.3322,2025-02-18 14:31:25.332,57,false,0.0,4251.282,4367.436,4114.103,4194.103,4237.436
1739917885.34,2025-02-18 14:31:25.340,58,false,0.0,4253.205,4375.256,4117.692,4196.282,4239.872
1739917885.3478,2025-02-18 14:31:25.347,59,false,0.0,4240.128,4394.744,4111.282,4194.872,4232.18
1739917885.3556,2025-02-18 14:31:25.355,60,false,0.0,4224.487,4387.949,4095.769,4185.385,4220.256
1739917885.3634,2025-02-18 14:31:25.363,61,false,0.0,4221.026,4358.974,4078.077,4169.744,4213.718
1739917885.3713,2025-02-18 14:31:25.371,62,false,0.0,4217.82,4356.539,4070.128,4163.333,4207.692
1739917885.3791,2025-02-18 14:31:25.379,63,false,0.0,4217.18,4371.795,4082.821,4173.974,4207.949
1739917885.3869,2025-02-18 14:31:25.386,64,false,0.0,4229.231,4368.333,4100.0,4186.154,4223.077
1739917885.3947,2025-02-18 14:31:25.394,65,false,0.0,4241.667,4367.692,4099.487,4183.974,4236.539
1739917885.4025,2025-02-18 14:31:25.402,66,false,0.0,4245.769,4383.077,4096.795,4174.744,4238.718
1739917885.4103,2025-02-18 14:31:25.410,67,false,0.0,4242.82,4380.769,4104.231,4169.487,4237.82
1739917885.4181,2025-02-18 14:31:25.418,68,false,0.0,4228.846,4363.461,4098.846,4167.308,4227.436
1739917885.4259,2025-02-18 14:31:25.425,69,false,0.0,4220.0,4360.0,4088.974,4172.436,4214.744
1739917885.4338,2025-02-18 14:31:25.433,70,false,0.0,4232.436,4368.461,4104.872,4185.385,4226.41
1739917885.4416,2025-02-18 14:31:25.441,71,false,0.0,4245.513,4386.282,4119.872,4190.128,4247.308
1739917885.4494,2025-02-18 14:31:25.449,72,false,0.0,4246.154,4398.461,4107.692,4183.718,4247.564
1739917885.4572,2025-02-18 14:31:25.457,73,false,0.0,4246.154,4376.154,4097.436,4177.692,4240.641
1739917885.465,2025-02-18 14:31:25.465,74,false,0.0,4243.59,4355.513,4101.154,4173.077,4239.487
1739917885.4728,2025-02-18 14:31:25.472,75,false,0.0,4236.41,4372.436,4101.539,4173.077,4236.026
1739917885.4806,2025-02-18 14:31:25.480,76,false,0.0,4235.513,4379.103,4099.103,4179.359,4232.436
1739917885.4884,2025-02-18 14:31:25.488,77,false,0.0,4244.103,4374.487,4102.308,4185.0,4235.385
1739917885.4963,2025-02-18 14:31:25.496,78,false,0.0,4257.82,4399.872,4110.128,4191.667,4243.461
1739917885.5041,2025-02-18 14:31:25.504,79,false,0.0,4258.333,4401.41,4108.077,4188.461,4244.615
1739917885.5119,2025-02-18 14:31:25.511,80,false,0.0,4240.128,4361.41,4091.923,4168.59,4232.308
1739917885.5197,2025-02-18 14:31:25.519,81,false,0.0,4243.205,4365.641,4094.359,4171.41,4233.846
1739917885.5275,2025-02-18 14:31:25.527,82,false,0.0,4269.103,4397.692,4114.744,4195.256,4253.974
1739917885.5353,2025-02-18 14:31:25.535,83,false,0.0,4268.974,4389.872,4110.513,4186.667,4251.539
1739917885.5431,2025-02-18 14:31:25.543,84,false,0.0,4260.385,4386.282,4103.974,4175.769,4241.539
1739917885.5509,2025-02-18 14:31:25.550,85,false,0.0,4276.539,4403.077,4121.41,4200.513,4257.949
1739917885.5588,2025-02-18 14:31:25.558,86,false,0.0,4277.82,4390.128,4116.41,4202.436,4260.897
1739917885.5666,2025-02-18 14:31:25.566,87,false,0.0,4260.0,4371.539,4096.539,4179.744,4241.795
1739917885.5744,2025-02-18 14:31:25.574,88,false,0.0,4260.641,4373.077,4107.051,4189.615,4242.051
1739917885.5822,2025-02-18 14:31:25.582,89,false,0.0,4260.128,4364.872,4111.282,4198.846,4241.154
1739917885.59,2025-02-18 14:31:25.590,90,false,0.0,4250.641,4359.615,4099.103,4185.256,4226.154
1739917885.5978,2025-02-18 14:31:25.597,91,false,0.0,4257.051,4373.205,4112.692,4190.0,4233.461
1739917885.6056,2025-02-18 14:31:25.605,92,false,0.0,4260.513,4378.333,4125.385,4197.18,4246.667
1739917885.6134,2025-02-18 14:31:25.613,93,false,0.0,4259.872,4376.667,4117.308,4191.026,4245.0
1739917885.6213,2025-02-18 14:31:25.621,94,false,0.0,4273.077,4375.513,4122.308,4194.103,4249.103
1739917885.6291,2025-02-18 14:31:25.629,95,false,0.0,4267.308,4365.641,4125.513,4187.18,4245.513
1739917885.6369,2025-02-18 14:31:25.636,96,false,0.0,4250.769,4371.539,4120.385,4177.564,4238.077
1739917885.6447,2025-02-18 14:31:25.644,97,false,0.0,4270.128,4391.154,4134.231,4198.846,4259.744
1739917885.6525,2025-02-18 14:31:25.652,98,false,0.0,4283.974,4378.59,4131.539,4204.744,4269.231
1739917885.6603,2025-02-18 14:31:25.660,99,false,0.0,4262.564,4358.077,4100.769,4177.051,4242.82
1739917885.6681,2025-02-18 14:31:25.668,100,false,0.0,4259.744,4372.18,4099.615,4175.769,4242.308
1739917885.6759,2025-02-18 14:31:25.675,101,false,0.0,4274.872,4375.769,4116.539,4191.667,4268.333
1739917885.6838,2025-02-18 14:31:25.683,102,false,0.0,4275.256,4353.077,4113.974,4191.795,4274.103
1739917885.6916,2025-02-18 14:31:25.691,103,false,0.0,4286.282,4369.103,4117.18,4200.641,4278.333
1739917885.6994,2025-02-18 14:31:25.699,104,false,0.0,4300.769,4407.949,4123.333,4207.308,4287.18
1739917885.7072,2025-02-18 14:31:25.707,105,false,0.0,4282.308,4392.692,4107.82,4189.615,4271.41
1739917885.715,2025-02-18 14:31:25.715,106,false,0.0,4258.974,4355.385,4097.564,4180.385,4253.077
1739917885.7228,2025-02-18 14:31:25.722,107,false,0.0,4262.18,4363.333,4105.0,4187.436,4259.744
1739917885.7306,2025-02-18 14:31:25.730,108,false,0.0,4272.436,4381.795,4110.513,4191.026,4269.487
1739917885.7384,2025-02-18 14:31:25.738,109,false,0.0,4273.974,4375.385,4115.256,4192.564,4265.513
1739917885.7463,2025-02-18 14:31:25.746,110,false,0.0,4267.949,4373.205,4116.667,4186.026,4256.667
1739917885.7541,2025-02-18 14:31:25.754,111,false,0.0,4260.641,4373.59,4106.795,4174.744,4252.82
1739917885.7619,2025-02-18 14:31:25.761,112,false,0.0,4262.82,4365.641,4101.154,4180.256,4256.795
1739917885.7697,2025-02-18 14:31:25.769,113,false,0.0,4271.41,4379.615,4109.359,4191.026,4263.205
1739917885.7775,2025-02-18 14:31:25.777,114,false,0.0,4274.615,4400.256,4115.0,4188.461,4264.615
1739917885.7853,2025-02-18 14:31:25.785,115,false,0.0,4268.59,4381.41,4106.41,4180.256,4258.333
1739917885.7931,2025-02-18 14:31:25.793,116,false,0.0,4255.128,4359.231,4094.487,4170.128,4253.59
1739917885.8009,2025-02-18 14:31:25.800,117,false,0.0,4247.436,4373.077,4092.308,4163.59,4261.667
1739917885.8088,2025-02-18 14:31:25.808,118,false,0.0,4254.103,4378.59,4092.051,4167.82,4271.282
1739917885.8166,2025-02-18 14:31:25.816,119,false,0.0,4264.487,4362.82,4091.795,4171.923,4271.667
1739917885.8244,2025-02-18 14:31:25.824,120,false,0.0,4270.256,4367.051,4103.59,4174.231,4275.897
1739917885.8322,2025-02-18 14:31:25.832,121,false,0.0,4266.795,4372.692,4110.256,4174.359,4276.923
1739917885.84,2025-02-18 14:31:25.840,122,false,0.0,4248.974,4352.949,4093.59,4159.359,4259.359
1739917885.8478,2025-02-18 14:31:25.847,123,false,0.0,4237.564,4348.333,4084.103,4153.077,4249.872
1739917885.8556,2025-02-18 14:31:25.855,124,false,0.0,4252.18,4365.897,4097.82,4179.103,4265.128
1739917885.8634,2025-02-18 14:31:25.863,125,false,0.0,4270.641,4365.0,4107.308,4199.103,4277.18
1739917885.8713,2025-02-18 14:31:25.871,126,false,0.0,4270.769,4357.564,4104.103,4187.692,4274.744
1739917885.8791,2025-02-18 14:31:25.879,127,false,0.0,4259.231,4360.385,4099.872,4173.718,4269.744
1739917885.8869,2025-02-18 14:31:25.886,0,false,0.0,4252.692,4351.795,4099.103,4174.487,4270.256
1739917885.8947,2025-02-18 14:31:25.894,1,false,0.0,4263.974,4350.641,4108.077,4183.974,4283.974
1739917885.9025,2025-02-18 14:31:25.902,2,false,0.0,4278.718,4371.154,4116.41,4189.872,4295.385
1739917885.9103,2025-02-18 14:31:25.910,3,false,0.0,4272.564,4370.128,4104.487,4180.128,4283.59
1739917885.9181,2025-02-18 14:31:25.918,4,false,0.0,4264.615,4361.282,4090.0,4168.974,4275.128
1739917885.9259,2025-02-18 14:31:25.925,5,false,0.0,4271.795,4385.0,4091.282,4171.667,4287.82
1739917885.9338,2025-02-18 14:31:25.933,6,false,0.0,4269.103,4388.077,4091.154,4174.615,4290.385
1739917885.9416,2025-02-18 14:31:25.941,7,false,0.0,4261.795,4352.436,4090.256,4177.308,4282.308
1739917885.9494,2025-02-18 14:31:25.949,8,false,0.0,4274.359,4355.513,4104.231,4188.077,4290.897
1739917885.9572,2025-02-18 14:31:25.957,9,false,0.0,4284.487,4390.641,4117.692,4192.308,4299.487
1739917885.965,2025-02-18 14:31:25.965,10,false,0.0,4277.692,4393.333,4116.154,4187.436,4289.615
1739917885.9728,2025-02-18 14:31:25.972,11,false,0.0,4271.41,4377.949,4107.051,4181.667,4279.744
1739917885.9806,2025-02-18 14:31:25.980,12,false,0.0,4261.795,4365.128,4093.974,4170.513,4274.487
1739917885.9884,2025-02-18 14:31:25.988,13,false,0.0,4248.461,4350.513,4084.103,4162.949,4264.359
1739917885.9963,2025-02-18 14:31:25.996,14,false,0.0,4250.513,4353.974,4085.385,4165.769,4260.769
1739917886.0041,2025-02-18 14:31:26.004,15,false,0.0,4260.256,4365.128,4089.615,4164.744,4265.513
1739917886.0119,2025-02-18 14:31:26.011,16,false,0.0,4260.897,4362.18,4093.205,4162.18,4262.692
1739917886.0197,2025-02-18 14:31:26.019,17,false,0.0,4255.769,4366.41,4097.18,4165.513,4258.846
1739917886.0275,2025-02-18 14:31:26.027,18,false,0.0,4250.897,4370.897,4094.231,4166.154,4266.41
1739917886.0353,2025-02-18 14:31:26.035,19,false,0.0,4253.333,4355.385,4094.359,4172.564,4275.256
1739917886.0431,2025-02-18 14:31:26.043,20,false,0.0,4263.974,4355.0,4106.539,4188.59,4277.82
1739917886.0509,2025-02-18 14:31:26.050,21,false,0.0,4267.949,4377.051,4109.487,4189.103,4276.154
1739917886.0588,2025-02-18 14:31:26.058,22,false,0.0,4258.718,4380.128,4098.59,4173.077,4266.795
1739917886.0666,2025-02-18 14:31:26.066,23,false,0.0,4244.615,4369.359,4095.256,4165.513,4257.18
1739917886.0744,2025-02-18 14:31:26.074,24,false,0.0,4238.846,4370.256,4101.026,4166.923,4262.949
1739917886.0822,2025-02-18 14:31:26.082,25,false,0.0,4248.59,4366.923,4104.744,4165.0,4272.564
1739917886.09,2025-02-18 14:31:26.090,26,false,0.0,4255.128,4347.949,4097.308,4158.333,4266.41
1739917886.0978,2025-02-18 14:31:26.097,27,false,0.0,4248.205,4340.0,4080.641,4153.461,4256.154
1739917886.1056,2025-02-18 14:31:26.105,28,false,0.0,4254.359,4363.205,4085.0,4161.41,4262.308
1739917886.1134,2025-02-18 14:31:26.113,29,false,0.0,4271.539,4386.282,4111.923,4177.436,4276.667
1739917886.1213,2025-02-18 14:31:26.121,30,false,0.0,4263.846,4366.795,4112.564,4177.949,4278.077
1739917886.1291,2025-02-18 14:31:26.129,31,false,0.0,4242.564,4339.487,4090.641,4166.667,4267.564
1739917886.1369,2025-02-18 14:31:26.136,32,false,0.0,4243.718,4360.513,4098.333,4174.744,4267.308
1739917886.1447,2025-02-18 14:31:26.144,33,false,0.0,4261.667,4388.461,4122.308,4198.59,4281.026
1739917886.1525,2025-02-18 14:31:26.152,34,false,0.0,4267.949,4373.077,4120.256,4200.513,4284.103
1739917886.1603,2025-02-18 14:31:26.160,35,false,0.0,4256.154,4362.051,4105.256,4178.718,4271.026
1739917886.1681,2025-02-18 14:31:26.168,36,false,0.0,4243.974,4376.282,4099.487,4164.872,4261.154
1739917886.1759,2025-02-18 14:31:26.175,37,false,0.0,4242.308,4365.769,4101.154,4163.461,4258.461
1739917886.1838,2025-02-18 14:31:26.183,38,false,0.0,4244.103,4352.18,4110.769,4170.128,4261.154
1739917886.1916,2025-02-18 14:31:26.191,39,false,0.0,4250.897,4379.615,4120.128,4189.103,4272.692
1739917886.1994,2025-02-18 14:31:26.199,40,false,0.0,4259.231,4395.769,4116.154,4195.513,4274.615
1739917886.2072,2025-02-18 14:31:26.207,41,false,0.0,4250.641,4372.949,4107.051,4175.256,4259.744
1739917886.215,2025-02-18 14:31:26.215,42,false,0.0,4236.282,4360.385,4099.744,4163.846,4254.744
1739917886.2228,2025-02-18 14:31:26.222,43,false,0.0,4237.436,4360.256,4092.821,4167.692,4261.923
1739917886.2306,2025-02-18 14:31:26.230,44,false,0.0,4241.923,4362.436,4097.82,4164.615,4262.436
1739917886.2384,2025-02-18 14:31:26.238,45,false,0.0,4246.539,4382.949,4114.872,4174.744,4264.359
1739917886.2463,2025-02-18 14:31:26.246,46,false,0.0,4256.154,4386.539,4119.872,4196.539,4266.923
1739917886.2541,2025-02-18 14:31:26.254,47,false,0.0,4246.667,4359.872,4110.897,4185.0,4255.128
1739917886.2619,2025-02-18 14:31:26.261,48,false,0.0,4224.231,4354.359,4110.0,4161.282,4245.256
1739917886.2697,2025-02-18 14:31:26.269,49,false,0.0,4224.359,4359.615,4113.718,4172.051,4251.026
1739917886.2775,2025-02-18 14:31:26.277,50,false,0.0,4236.282,4352.436,4106.282,4187.436,4255.897
1739917886.2853,2025-02-18 14:31:26.285,51,false,0.0,4241.923,4369.872,4100.897,4181.026,4258.846
1739917886.2931,2025-02-18 14:31:26.293,52,false,0.0,4252.564,4396.026,4111.539,4180.769,4268.974
1739917886.3009,2025-02-18 14:31:26.300,53,false,0.0,4256.667,4390.513,4116.539,4186.667,4275.128
1739917886.3088,2025-02-18 14:31:26.308,54,false,0.0,4243.077,4375.385,4100.897,4180.641,4270.128
1739917886.3166,2025-02-18 14:31:26.316,55,false,0.0,4235.513,4364.103,4088.718,4177.564,4261.154
1739917886.3244,2025-02-18 14:31:26.324,56,false,0.0,4238.333,4361.154,4094.487,4183.974,4255.0
1739917886.3322,2025-02-18 14:31:26.332,57,false,0.0,4237.308,4378.333,4100.385,4184.744,4256.667
1739917886.34,2025-02-18 14:31:26.340,58,false,0.0,4237.051,4382.564,4102.82,4179.359,4261.795
1739917886.3478,2025-02-18 14:31:26.347,59,false,0.0,4232.692,4366.282,4108.205,4175.0,4258.461
1739917886.3556,2025-02-18 14:31:26.355,60,false,0.0,4215.128,4362.692,4104.487,4172.82,4249.103
1739917886.3634,2025-02-18 14:31:26.363,61,false,0.0,4203.974,4360.897,4093.974,4175.641,4245.385
1739917886.3713,2025-02-18 14:31:26.371,62,false,0.0,4208.718,4361.923,4095.641,4180.256,4245.385
1739917886.3791,2025-02-18 14:31:26.379,63,false,0.0,4214.615,4376.282,4102.82,4183.718,4243.333
1739917886.3869,2025-02-18 14:31:26.386,64,false,0.0,4224.744,4366.923,4107.18,4192.82,4250.897
1739917886.3947,2025-02-18 14:31:26.394,65,false,0.0,4244.615,4359.487,4115.385,4204.359,4270.769
1739917886.4025,2025-02-18 14:31:26.402,66,false,0.0,4255.385,4392.18,4117.564,4205.769,4276.667
1739917886.4103,2025-02-18 14:31:26.410,67,false,0.0,4245.641,4393.205,4105.0,4193.59,4257.564
1739917886.4181,2025-02-18 14:31:26.418,68,false,0.0,4227.564,4356.923,4091.539,4171.923,4239.615
1739917886.4259,2025-02-18 14:31:26.425,69,false,0.0,4218.846,4361.923,4087.564,4157.949,4239.231
1739917886.4338,2025-02-18 14:31:26.433,70,false,0.0,4227.18,4371.539,4094.744,4171.026,4247.564
1739917886.4416,2025-02-18 14:31:26.441,71,false,0.0,4239.487,4352.18,4105.128,4193.974,4254.231
1739917886.4494,2025-02-18 14:31:26.449,72,false,0.0,4237.308,4363.718,4099.231,4195.641,4250.641
1739917886.4572,2025-02-18 14:31:26.457,73,false,0.0,4230.769,4390.256,4085.513,4187.949,4243.333
1739917886.465,2025-02-18 14:31:26.465,74,false,0.0,4238.846,4385.0,4092.179,4191.539,4249.487
1739917886.4728,2025-02-18 14:31:26.472,75,false,0.0,4247.18,4374.359,4107.82,4192.82,4255.769
1739917886.4806,2025-02-18 14:31:26.480,76,false,0.0,4236.154,4365.0,4103.205,4184.872,4241.539
1739917886.4884,2025-02-18 14:31:26.488,77,false,0.0,4220.769,4351.026,4083.846,4178.846,4223.846
1739917886.4963,2025-02-18 14:31:26.496,78,false,0.0,4217.308,4355.769,4068.59,4173.333,4221.282
1739917886.5041,2025-02-18 14:31:26.504,79,false,0.0,4220.385,4367.308,4065.513,4171.41,4227.18
1739917886.5119,2025-02-18 14:31:26.511,80,false,0.0,4226.539,4367.308,4075.385,4181.539,4235.897
1739917886.5197,2025-02-18 14:31:26.519,81,false,0.0,4230.897,4365.641,4086.41,4187.564,4240.128
1739917886.5275,2025-02-18 14:31:26.527,82,false,0.0,4223.718,4360.256,4087.949,4183.077,4231.795
1739917886.5353,2025-02-18 14:31:26.535,83,false,0.0,4219.359,4357.692,4087.949,4185.256,4227.564
1739917886.5431,2025-02-18 14:31:26.543,84,false,0.0,4231.026,4368.461,4094.359,4189.744,4239.615
1739917886.5509,2025-02-18 14:31:26.550,85,false,0.0,4238.077,4375.0,4103.461,4187.308,4248.59
1739917886.5588,2025-02-18 14:31:26.558,86,false,0.0,4230.385,4376.154,4109.744,4188.846,4245.0
1739917886.5666,2025-02-18 14:31:26.566,87,false,0.0,4221.923,4374.744,4105.385,4189.103,4238.974
1739917886.5744,2025-02-18 14:31:26.574,88,false,0.0,4218.846,4359.359,4096.795,4182.82,4233.718
1739917886.5822,2025-02-18 14:31:26.582,89,false,0.0,4225.385,4359.615,4105.513,4190.641,4236.923
1739917886.59,2025-02-18 14:31:26.590,90,false,0.0,4232.436,4383.846,4116.282,4201.026,4246.923
1739917886.5978,2025-02-18 14:31:26.597,91,false,0.0,4220.897,4379.359,4101.667,4185.641,4240.385
1739917886.6056,2025-02-18 14:31:26.605,92,false,0.0,4212.949,4366.154,4092.821,4172.308,4228.333
1739917886.6134,2025-02-18 14:31:26.613,93,false,0.0,4228.077,4390.641,4110.513,4184.872,4238.205
1739917886.6213,2025-02-18 14:31:26.621,94,false,0.0,4232.949,4394.615,4114.231,4193.077,4246.41
1739917886.6291,2025-02-18 14:31:26.629,95,false,0.0,4228.077,4366.154,4103.205,4191.667,4242.82
1739917886.6369,2025-02-18 14:31:26.636,96,false,0.0,4244.744,4380.897,4113.718,4202.436,4257.82
1739917886.6447,2025-02-18 14:31:26.644,97,false,0.0,4254.872,4408.333,4125.0,4208.59,4269.872
1739917886.6525,2025-02-18 14:31:26.652,98,false,0.0,4239.872,4387.564,4117.436,4198.974,4253.718
1739917886.6603,2025-02-18 14:31:26.660,99,false,0.0,4238.205,4367.82,4113.333,4194.615,4247.949
1739917886.6681,2025-02-18 14:31:26.668,100,false,0.0,4248.59,4371.282,4107.436,4193.077,4258.718
1739917886.6759,2025-02-18 14:31:26.675,101,false,0.0,4242.308,4368.59,4095.641,4184.359,4252.564
1739917886.6838,2025-02-18 14:31:26.683,102,false,0.0,4232.564,4375.769,4100.0,4184.231,4242.82
1739917886.6916,2025-02-18 14:31:26.691,103,false,0.0,4230.897,4386.282,4105.769,4188.718,4242.949
1739917886.6994,2025-02-18 14:31:26.699,104,false,0.0,4227.564,4377.436,4097.308,4181.026,4239.744
1739917886.7072,2025-02-18 14:31:26.707,105,false,0.0,4226.154,4377.051,4095.513,4177.308,4243.333
1739917886.715,2025-02-18 14:31:26.715,106,false,0.0,4231.539,4383.461,4098.205,4185.513,4258.974
1739917886.7228,2025-02-18 14:31:26.722,107,false,0.0,4239.615,4371.923,4092.692,4186.282,4267.18
1739917886.7306,2025-02-18 14:31:26.730,108,false,0.0,4243.59,4365.769,4090.513,4179.744,4260.0
1739917886.7384,2025-02-18 14:31:26.738,109,false,0.0,4238.718,4370.769,4093.718,4178.846,4247.82
1739917886.7463,2025-02-18 14:31:26.746,110,false,0.0,4237.051,4367.308,4100.513,4181.154,4248.846
1739917886.7541,2025-02-18 14:31:26.754,111,false,0.0,4244.359,4365.0,4110.0,4182.18,4261.154
1739917886.7619,2025-02-18 14:31:26.761,112,false,0.0,4244.103,4368.333,4108.333,4182.564,4258.59
1739917886.7697,2025-02-18 14:31:26.769,113,false,0.0,4237.18,4372.82,4103.077,4183.59,4250.385
1739917886.7775,2025-02-18 14:31:26.777,114,false,0.0,4236.795,4382.308,4108.974,4188.718,4256.282
1739917886.7853,2025-02-18 14:31:26.785,115,false,0.0,4238.205,4385.769,4111.154,4191.667,4252.949
1739917886.7931,2025-02-18 14:31:26.793,116,false,0.0,4240.769,4379.103,4108.461,4187.82,4242.051
1739917886.8009,2025-02-18 14:31:26.800,117,false,0.0,4243.59,4372.949,4109.231,4186.539,4247.692
1739917886.8088,2025-02-18 14:31:26.808,118,false,0.0,4234.487,4367.18,4099.744,4186.923,4247.436
1739917886.8166,2025-02-18 14:31:26.816,119,false,0.0,4223.59,4365.385,4086.41,4182.308,4233.333
1739917886.8244,2025-02-18 14:31:26.824,120,false,0.0,4226.795,4368.333,4087.821,4182.436,4236.026
1739917886.8322,2025-02-18 14:31:26.832,121,false,0.0,4234.615,4366.923,4095.128,4190.0,4247.564
1739917886.84,2025-02-18 14:31:26.840,122,false,0.0,4238.718,4368.333,4105.385,4191.026,4249.231
1739917886.8478,2025-02-18 14:31:26.847,123,false,0.0,4241.154,4368.59,4116.795,4187.436,4251.282
1739917886.8556,2025-02-18 14:31:26.855,124,false,0.0,4240.769,4358.205,4117.436,4190.897,4255.897
1739917886.8634,2025-02-18 14:31:26.863,125,false,0.0,4240.0,4356.667,4116.282,4196.026,4260.128
1739917886.8713,2025-02-18 14:31:26.871,126,false,0.0,4238.718,4365.128,4117.564,4192.564,4262.564
1739917886.8791,2025-02-18 14:31:26.879,127,false,0.0,4234.615,4366.923,4112.82,4183.974,4254.231
1739917886.8869,2025-02-18 14:31:26.886,0,false,0.0,4231.795,4372.18,4118.461,4179.103,4244.744
1739917886.8947,2025-02-18 14:31:26.894,1,false,0.0,4232.18,4377.949,4133.205,4184.231,4247.949
1739917886.9025,2025-02-18 14:31:26.902,2,false,0.0,4235.641,4374.744,4133.333,4196.026,4254.359
1739917886.9103,2025-02-18 14:31:26.910,3,false,0.0,4240.769,4378.205,4130.769,4201.154,4256.154
1739917886.9181,2025-02-18 14:31:26.918,4,false,0.0,4238.205,4382.308,4130.385,4195.0,4252.949
1739917886.9259,2025-02-18 14:31:26.925,5,false,0.0,4232.18,4374.872,4116.41,4187.692,4247.18
1739917886.9338,2025-02-18 14:31:26.933,6,false,0.0,4235.128,4369.231,4109.359,4185.769,4250.897
1739917886.9416,2025-02-18 14:31:26.941,7,false,0.0,4237.436,4358.461,4118.461,4185.513,4256.154
1739917886.9494,2025-02-18 14:31:26.949,8,false,0.0,4233.461,4342.564,4118.461,4184.487,4247.692
1739917886.9572,2025-02-18 14:31:26.957,9,false,0.0,4233.974,4351.795,4116.282,4184.872,4242.18
1739917886.965,2025-02-18 14:31:26.965,10,false,0.0,4233.718,4373.59,4123.077,4186.026,4245.256
1739917886.9728,2025-02-18 14:31:26.972,11,false,0.0,4222.692,4373.205,4119.359,4182.564,4235.128
1739917886.9806,2025-02-18 14:31:26.980,12,false,0.0,4207.436,4362.82,4105.513,4172.82,4216.41
1739917886.9884,2025-02-18 14:31:26.988,13,false,0.0,4198.333,4363.846,4097.308,4166.795,4211.539
1739917886.9963,2025-02-18 14:31:26.996,14,false,0.0,4202.308,4371.667,4096.923,4175.128,4224.359
1739917887.0041,2025-02-18 14:31:27.004,15,false,0.0,4217.308,4374.615,4104.872,4191.923,4243.205
1739917887.0119,2025-02-18 14:31:27.011,16,false,0.0,4228.846,4369.103,4112.949,4201.41,4250.513
1739917887.0197,2025-02-18 14:31:27.019,17,false,0.0,4230.897,4369.103,4116.795,4200.256,4249.103
1739917887.0275,2025-02-18 14:31:27.027,18,false,0.0,4231.282,4380.0,4125.128,4199.487,4258.205
1739917887.0353,2025-02-18 14:31:27.035,19,false,0.0,4230.256,4380.128,4124.872,4197.564,4262.82
1739917887.0431,2025-02-18 14:31:27.043,20,false,0.0,4220.128,4362.436,4107.692,4184.231,4246.923
1739917887.0509,2025-02-18 14:31:27.050,21,false,0.0,4208.974,4352.564,4103.333,4177.949,4242.308
1739917887.0588,2025-02-18 14:31:27.058,22,false,0.0,4211.667,4365.128,4111.539,4192.82,4253.461
1739917887.0666,2025-02-18 14:31:27.066,23,false,0.0,4214.359,4376.539,4099.744,4193.974,4241.667
1739917887.0744,2025-02-18 14:31:27.074,24,false,0.0,4198.974,4363.974,4082.051,4170.897,4220.256
1739917887.0822,2025-02-18 14:31:27.082,25,false,0.0,4189.487,4351.026,4085.128,4167.436,4226.41
1739917887.09,2025-02-18 14:31:27.090,26,false,0.0,4196.539,4361.667,4089.487,4179.103,4236.539
1739917887.0978,2025-02-18 14:31:27.097,27,false,0.0,4192.82,4369.103,4079.231,4170.641,4229.872
1739917887.1056,2025-02-18 14:31:27.105,28,false,0.0,4189.103,4357.949,4072.308,4166.923,4232.308
1739917887.1134,2025-02-18 14:31:27.113,29,false,0.0,4206.795,4355.513,4076.795,4185.513,4247.051
1739917887.1213,2025-02-18 14:31:27.121,30,false,0.0,4214.103,4364.487,4080.513,4191.41,4250.641
1739917887.1291,2025-02-18 14:31:27.129,31,false,0.0,4200.513,4357.051,4077.436,4178.077,4244.872
1739917887.1369,2025-02-18 14:31:27.136,32,false,0.0,4194.487,4338.846,4073.846,4167.308,4241.41
1739917887.1447,2025-02-18 14:31:27.144,33,false,0.0,4194.103,4342.18,4076.539,4168.077,4245.897
1739917887.1525,2025-02-18 14:31:27.152,34,false,0.0,4194.615,4362.949,4082.436,4182.18,4255.0
1739917887.1603,2025-02-18 14:31:27.160,35,false,0.0,4199.615,4363.077,4079.487,4185.385,4247.692
1739917887.1681,2025-02-18 14:31:27.168,36,false,0.0,4190.128,4343.205,4069.231,4164.487,4225.256
1739917887.1759,2025-02-18 14:31:27.175,37,false,0.0,4182.051,4346.282,4073.59,4161.539,4225.641
1739917887.1838,2025-02-18 14:31:27.183,38,false,0.0,4205.513,4376.795,4097.436,4184.487,4253.718
1739917887.1916,2025-02-18 14:31:27.191,39,false,0.0,4222.308,4389.744,4111.154,4188.846,4271.539
1739917887.1994,2025-02-18 14:31:27.199,40,false,0.0,4208.846,4368.846,4102.564,4180.385,4267.692
1739917887.2072,2025-02-18 14:31:27.207,41,false,0.0,4208.974,4354.872,4097.692,4186.923,4268.59
1739917887.215,2025-02-18 14:31:27.215,42,false,0.0,4228.333,4373.461,4107.308,4196.41,4288.077
1739917887.2228,2025-02-18 14:31:27.222,43,false,0.0,4232.436,4381.539,4110.897,4197.692,4301.923
1739917887.2306,2025-02-18 14:31:27.230,44,false,0.0,4220.641,4354.359,4104.359,4189.615,4286.795
1739917887.2384,2025-02-18 14:31:27.238,45,false,0.0,4206.667,4345.513,4102.051,4176.282,4265.128
1739917887.2463,2025-02-18 14:31:27.246,46,false,0.0,4197.949,4369.487,4104.487,4178.718,4262.18
1739917887.2541,2025-02-18 14:31:27.254,47,false,0.0,4203.461,4373.205,4107.308,4191.026,4267.18
1739917887.2619,2025-02-18 14:31:27.261,48,false,0.0,4218.846,4366.667,4111.923,4192.692,4283.59
1739917887.2697,2025-02-18 14:31:27.269,49,false,0.0,4235.769,4383.846,4111.41,4197.051,4317.308
1739917887.2775,2025-02-18 14:31:27.277,50,false,0.0,4251.154,4388.59,4106.539,4204.872,4337.949
1739917887.2853,2025-02-18 14:31:27.285,51,false,0.0,4261.154,4371.41,4115.897,4203.718,4348.205
1739917887.2931,2025-02-18 14:31:27.293,52,false,0.0,4275.769,4369.359,4132.949,4210.0,4384.487
1739917887.3009,2025-02-18 14:31:27.300,53,false,0.0,4297.82,4367.692,4131.923,4219.744,4420.769
1739917887.3088,2025-02-18 14:31:27.308,54,false,0.0,4302.692,4350.385,4123.974,4215.769,4418.718
1739917887.3166,2025-02-18 14:31:27.316,55,false,0.0,4285.0,4347.692,4127.564,4214.103,4402.564
1739917887.3244,2025-02-18 14:31:27.324,56,false,0.0,4269.615,4352.949,4126.795,4213.846,4390.128
1739917887.3322,2025-02-18 14:31:27.332,57,false,0.0,4264.744,4342.308,4119.231,4206.539,4379.103
1739917887.34,2025-02-18 14:31:27.340,58,false,0.0,4266.154,4344.359,4121.923,4214.615,4383.974
1739917887.3478,2025-02-18 14:31:27.347,59,false,0.0,4268.205,4368.974,4123.974,4224.359,4392.436
1739917887.3556,2025-02-18 14:31:27.355,60,false,0.0,4260.385,4371.539,4116.41,4210.769,4376.282
1739917887.3634,2025-02-18 14:31:27.363,61,false,0.0,4245.897,4350.128,4111.923,4204.487,4352.18
1739917887.3713,2025-02-18 14:31:27.371,62,false,0.0,4235.256,4346.026,4107.949,4211.795,4339.744
1739917887.3791,2025-02-18 14:31:27.379,63,false,0.0,4226.282,4348.974,4102.051,4204.872,4330.128
1739917887.3869,2025-02-18 14:31:27.386,64,false,0.0,4220.128,4341.154,4107.82,4198.974,4322.18
1739917887.3947,2025-02-18 14:31:27.394,65,false,0.0,4216.923,4352.692,4118.59,4200.513,4317.436
1739917887.4025,2025-02-18 14:31:27.402,66,false,0.0,4209.231,4372.949,4118.59,4192.051,4312.18
1739917887.4103,2025-02-18 14:31:27.410,67,false,0.0,4203.974,4358.846,4110.385,4189.744,4310.0
1739917887.4181,2025-02-18 14:31:27.418,68,false,0.0,4206.667,4340.385,4101.282,4198.333,4304.872
1739917887.4259,2025-02-18 14:31:27.425,69,false,0.0,4203.461,4346.923,4097.564,4196.282,4290.128
1739917887.4338,2025-02-18 14:31:27.433,70,false,0.0,4196.154,4347.308,4100.385,4193.718,4279.359
1739917887.4416,2025-02-18 14:31:27.441,71,false,0.0,4195.641,4344.103,4100.256,4199.487,4278.333
1739917887.4494,2025-02-18 14:31:27.449,72,false,0.0,4192.949,4350.0,4101.026,4200.256,4279.103
1739917887.4572,2025-02-18 14:31:27.457,73,false,0.0,4187.18,4346.667,4112.436,4201.154,4279.872
1739917887.465,2025-02-18 14:31:27.465,74,false,0.0,4189.872,4352.308,4123.846,4203.461,4276.026
1739917887.4728,2025-02-18 14:31:27.472,75,false,0.0,4190.513,4371.154,4121.923,4192.949,4264.615
1739917887.4806,2025-02-18 14:31:27.480,76,false,0.0,4181.154,4358.59,4109.615,4180.0,4257.82
1739917887.4884,2025-02-18 14:31:27.488,77,false,0.0,4176.923,4335.897,4098.205,4182.82,4257.692
1739917887.4963,2025-02-18 14:31:27.496,78,false,0.0,4183.205,4342.051,4097.692,4192.436,4253.333
1739917887.5041,2025-02-18 14:31:27.504,79,false,0.0,4190.769,4348.205,4105.769,4194.359,4253.333
1739917887.5119,2025-02-18 14:31:27.511,80,false,0.0,4196.795,4347.82,4113.461,4190.513,4265.641
1739917887.5197,2025-02-18 14:31:27.519,81,false,0.0,4196.154,4348.974,4116.282,4189.231,4268.59
1739917887.5275,2025-02-18 14:31:27.527,82,false,0.0,4186.923,4334.872,4108.974,4187.949,4252.308
1739917887.5353,2025-02-18 14:31:27.535,83,false,0.0,4181.41,4335.897,4097.18,4180.0,4240.769
1739917887.5431,2025-02-18 14:31:27.543,84,false,0.0,4183.59,4360.128,4097.308,4174.359,4243.846
1739917887.5509,2025-02-18 14:31:27.550,85,false,0.0,4186.026,4355.385,4108.718,4182.18,4249.615
1739917887.5588,2025-02-18 14:31:27.558,86,false,0.0,4190.513,4340.385,4116.026,4192.692,4256.154
1739917887.5666,2025-02-18 14:31:27.566,87,false,0.0,4191.539,4343.205,4107.949,4188.59,4254.615
1739917887.5744,2025-02-18 14:31:27.574,88,false,0.0,4179.615,4329.487,4085.385,4175.0,4236.41
1739917887.5822,2025-02-18 14:31:27.582,89,false,0.0,4174.359,4325.513,4073.718,4173.461,4229.231
1739917887.59,2025-02-18 14:31:27.590,90,false,0.0,4186.667,4349.615,4083.59,4181.41,4240.769
1739917887.5978,2025-02-18 14:31:27.597,91,false,0.0,4192.436,4344.103,4087.564,4179.872,4240.641
1739917887.6056,2025-02-18 14:31:27.605,92,false,0.0,4197.82,4336.923,4092.051,4184.487,4246.282
1739917887.6134,2025-02-18 14:31:27.613,93,false,0.0,4218.718,4366.41,4115.897,4205.0,4273.974
1739917887.6213,2025-02-18 14:31:27.621,94,false,0.0,4218.205,4363.846,4120.256,4202.564,4270.897
1739917887.6291,2025-02-18 14:31:27.629,95,false,0.0,4192.564,4341.41,4095.641,4178.59,4236.795
1739917887.6369,2025-02-18 14:31:27.636,96,false,0.0,4190.769,4357.308,4089.231,4176.539,4232.82
1739917887.6447,2025-02-18 14:31:27.644,97,false,0.0,4198.718,4353.846,4092.692,4182.949,4242.82
1739917887.6525,2025-02-18 14:31:27.652,98,false,0.0,4187.82,4325.513,4085.128,4180.769,4234.872
1739917887.6603,2025-02-18 14:31:27.660,99,false,0.0,4193.205,4340.513,4095.385,4194.615,4236.282
1739917887.6681,2025-02-18 14:31:27.668,100,false,0.0,4204.872,4358.461,4107.692,4199.231,4235.769
1739917887.6759,2025-02-18 14:31:27.675,101,false,0.0,4181.026,4343.718,4087.821,4168.718,4213.205
1739917887.6838,2025-02-18 14:31:27.683,102,false,0.0,4162.692,4340.0,4073.461,4155.385,4208.974
1739917887.6916,2025-02-18 14:31:27.691,103,false,0.0,4178.205,4333.205,4081.282,4170.641,4223.59
1739917887.6994,2025-02-18 14:31:27.699,104,false,0.0,4184.744,4315.385,4080.256,4169.103,4220.897
1739917887.7072,2025-02-18 14:31:27.707,105,false,0.0,4186.154,4336.795,4086.923,4167.051,4225.128
1739917887.715,2025-02-18 14:31:27.715,106,false,0.0,4202.308,4367.308,4108.333,4183.333,4245.128
1739917887.7228,2025-02-18 14:31:27.722,107,false,0.0,4197.692,4356.026,4102.949,4180.769,4238.59
1739917887.7306,2025-02-18 14:31:27.730,108,false,0.0,4178.59,4345.897,4085.0,4167.18,4216.795
1739917887.7384,2025-02-18 14:31:27.738,109,false,0.0,4185.256,4358.205,4094.231,4173.461,4215.513
1739917887.7463,2025-02-18 14:31:27.746,110,false,0.0,4188.59,4353.333,4101.026,4170.513,4215.385
1739917887.7541,2025-02-18 14:31:27.754,111,false,0.0,4173.718,4341.923,4095.513,4159.744,4210.0
1739917887.7619,2025-02-18 14:31:27.761,112,false,0.0,4190.256,4358.718,4116.923,4186.41,4223.846
1739917887.7697,2025-02-18 14:31:27.769,113,false,0.0,4221.667,4379.231,4134.615,4210.385,4231.154
1739917887.7775,2025-02-18 14:31:27.777,114,false,0.0,4209.359,4370.897,4105.897,4177.564,4203.205
1739917887.7853,2025-02-18 14:31:27.785,115,false,0.0,4182.564,4352.051,4084.359,4148.461,4181.026
1739917887.7931,2025-02-18 14:31:27.793,116,false,0.0,4184.872,4346.667,4097.436,4165.641,4189.359
1739917887.8009,2025-02-18 14:31:27.800,117,false,0.0,4187.18,4345.256,4090.0,4170.0,4189.872
1739917887.8088,2025-02-18 14:31:27.808,118,false,0.0,4175.385,4342.82,4068.077,4152.564,4177.308
1739917887.8166,2025-02-18 14:31:27.816,119,false,0.0,4176.282,4349.872,4078.205,4163.333,4182.436
1739917887.8244,2025-02-18 14:31:27.824,120,false,0.0,4184.744,4358.59,4090.641,4182.949,4194.231
1739917887.8322,2025-02-18 14:31:27.832,121,false,0.0,4181.667,4352.051,4078.59,4177.051,4188.461
1739917887.84,2025-02-18 14:31:27.840,122,false,0.0,4175.513,4335.385,4075.641,4168.59,4175.769
1739917887.8478,2025-02-18 14:31:27.847,123,false,0.0,4171.282,4325.897,4084.744,4167.564,4169.744
1739917887.8556,2025-02-18 14:31:27.855,124,false,0.0,4160.769,4335.0,4082.179,4162.18,4168.333
1739917887.8634,2025-02-18 14:31:27.863,125,false,0.0,4153.333,4358.333,4081.795,4164.872,4168.59
1739917887.8713,2025-02-18 14:31:27.871,126,false,0.0,4163.846,4373.59,4096.41,4176.795,4171.923
1739917887.8791,2025-02-18 14:31:27.879,127,false,0.0,4177.82,4367.564,4109.487,4178.461,4178.718
1739917887.8869,2025-02-18 14:31:27.886,0,false,0.0,4174.872,4356.026,4108.077,4173.718,4180.513
1739917887.8947,2025-02-18 14:31:27.894,1,false,0.0,4172.051,4357.692,4100.641,4181.923,4180.256
1739917887.9025,2025-02-18 14:31:27.902,2,false,0.0,4204.231,4380.256,4119.872,4215.513,4211.154
1739917887.9103,2025-02-18 14:31:27.910,3,false,0.0,4284.744,4440.128,4195.769,4289.231,4297.051
1739917887.9181,2025-02-18 14:31:27.918,4,false,0.0,4394.103,4540.641,4301.026,4390.769,4410.769
1739917887.9259,2025-02-18 14:31:27.925,5,false,0.0,4468.974,4618.205,4360.385,4450.513,4483.205
1739917887.9338,2025-02-18 14:31:27.933,6,false,0.0,4458.461,4604.744,4344.487,4426.923,4471.026
1739917887.9416,2025-02-18 14:31:27.941,7,false,0.0,4423.846,4556.41,4315.513,4388.974,4432.949
1739917887.9494,2025-02-18 14:31:27.949,8,false,0.0,4441.154,4571.154,4325.385,4400.256,4443.974
1739917887.9572,2025-02-18 14:31:27.957,9,false,0.0,4461.923,4609.103,4336.282,4412.308,4461.795
1739917887.965,2025-02-18 14:31:27.965,10,false,0.0,4446.923,4596.282,4329.615,4396.923,4446.41
1739917887.9728,2025-02-18 14:31:27.972,11,false,0.0,4455.385,4583.718,4350.897,4406.923,4455.385
1739917887.9806,2025-02-18 14:31:27.980,12,false,0.0,4480.385,4605.641,4376.667,4430.385,4483.333
1739917887.9884,2025-02-18 14:31:27.988,13,false,0.0,4466.41,4604.103,4360.0,4419.872,4473.461
1739917887.9963,2025-02-18 14:31:27.996,14,false,0.0,4456.026,4590.385,4351.923,4414.872,4466.154
1739917888.0041,2025-02-18 14:31:28.004,15,false,0.0,4476.795,4607.82,4372.564,4431.026,4484.103
1739917888.0119,2025-02-18 14:31:28.011,16,false,0.0,4479.487,4610.385,4363.846,4419.231,4474.487
1739917888.0197,2025-02-18 14:31:28.019,17,false,0.0,4480.897,4587.949,4340.0,4396.539,4459.231
1739917888.0275,2025-02-18 14:31:28.027,18,false,0.0,4508.846,4589.487,4337.564,4392.949,4475.897
1739917888.0353,2025-02-18 14:31:28.035,19,false,0.0,4515.256,4587.436,4327.82,4377.692,4478.846
1739917888.0431,2025-02-18 14:31:28.043,20,false,0.0,4500.897,4560.769,4313.077,4355.256,4459.487
1739917888.0509,2025-02-18 14:31:28.050,21,false,0.0,4505.256,4559.872,4313.205,4349.615,4453.461
1739917888.0588,2025-02-18 14:31:28.058,22,false,0.0,4504.744,4575.513,4309.872,4347.564,4454.359
1739917888.0666,2025-02-18 14:31:28.066,23,false,0.0,4495.897,4576.41,4309.872,4356.667,4457.692
1739917888.0744,2025-02-18 14:31:28.074,24,false,0.0,4504.359,4586.41,4313.077,4373.205,4466.539
1739917888.0822,2025-02-18 14:31:28.082,25,false,0.0,4506.154,4587.82,4295.641,4366.282,4463.333
1739917888.09,2025-02-18 14:31:28.090,26,false,0.0,4505.256,4568.718,4299.744,4370.769,4466.539
1739917888.0978,2025-02-18 14:31:28.097,27,false,0.0,4544.487,4598.077,4354.231,4420.0,4504.231
1739917888.1056,2025-02-18 14:31:28.105,28,false,0.0,4599.615,4668.846,4399.744,4465.256,4552.564
1739917888.1134,2025-02-18 14:31:28.113,29,false,0.0,4623.974,4695.0,4413.974,4480.897,4580.513
1739917888.1213,2025-02-18 14:31:28.121,30,false,0.0,4618.461,4679.744,4418.205,4480.256,4580.641
1739917888.1291,2025-02-18 14:31:28.129,31,false,0.0,4598.59,4666.026,4406.539,4465.513,4564.487
1739917888.1369,2025-02-18 14:31:28.136,32,false,0.0,4587.564,4663.718,4398.59,4462.18,4555.513
1739917888.1447,2025-02-18 14:31:28.144,33,false,0.0,4595.128,4687.436,4412.436,4475.128,4552.692
1739917888.1525,2025-02-18 14:31:28.152,34,false,0.0,4596.026,4707.82,4413.077,4468.333,4543.59
1739917888.1603,2025-02-18 14:31:28.160,35,false,0.0,4586.41,4682.692,4398.333,4456.154,4541.667
1739917888.1681,2025-02-18 14:31:28.168,36,false,0.0,4581.539,4658.333,4393.461,4463.333,4546.923
1739917888.1759,2025-02-18 14:31:28.175,37,false,0.0,4571.667,4662.051,4385.641,4464.103,4541.282
1739917888.1838,2025-02-18 14:31:28.183,38,false,0.0,4557.051,4646.923,4373.718,4453.077,4527.692
1739917888.1916,2025-02-18 14:31:28.191,39,false,0.0,4550.128,4626.923,4372.051,4445.256,4513.718
1739917888.1994,2025-02-18 14:31:28.199,40,false,0.0,4549.744,4640.0,4371.539,4440.385,4509.359
1739917888.2072,2025-02-18 14:31:28.207,41,false,0.0,4561.923,4653.461,4374.615,4447.564,4529.744
1739917888.215,2025-02-18 14:31:28.215,42,false,0.0,4579.231,4650.641,4382.949,4456.41,4552.308
1739917888.2228,2025-02-18 14:31:28.222,43,false,0.0,4572.051,4647.051,4377.051,4443.718,4547.436
1739917888.2306,2025-02-18 14:31:28.230,44,false,0.0,4547.436,4630.256,4366.026,4428.461,4528.077
1739917888.2384,2025-02-18 14:31:28.238,45,false,0.0,4532.051,4618.077,4366.41,4420.513,4506.795
1739917888.2463,2025-02-18 14:31:28.246,46,false,0.0,4524.487,4635.385,4364.487,4406.026,4487.692
1739917888.2541,2025-02-18 14:31:28.254,47,false,0.0,4517.82,4636.41,4358.461,4400.0,4482.949
1739917888.2619,2025-02-18 14:31:28.261,48,false,0.0,4511.026,4607.308,4356.539,4406.026,4485.769
1739917888.2697,2025-02-18 14:31:28.269,49,false,0.0,4508.846,4604.615,4352.949,4406.667,4486.026
1739917888.2775,2025-02-18 14:31:28.277,50,false,0.0,4514.872,4620.769,4350.256,4407.436,4485.513
1739917888.2853,2025-02-18 14:31:28.285,51,false,0.0,4508.974,4608.333,4345.385,4404.359,4474.615
1739917888.2931,2025-02-18 14:31:28.293,52,false,0.0,4491.026,4589.744,4329.744,4390.641,4462.564
1739917888.3009,2025-02-18 14:31:28.300,53,false,0.0,4494.615,4592.949,4324.231,4388.461,4473.077
1739917888.3088,2025-02-18 14:31:28.308,54,false,0.0,4505.0,4597.308,4335.0,4392.82,4482.436
1739917888.3166,2025-02-18 14:31:28.316,55,false,0.0,4491.154,4593.846,4334.231,4383.077,4469.103
1739917888.3244,2025-02-18 14:31:28.324,56,false,0.0,4485.769,4597.82,4330.128,4380.769,4463.461
1739917888.3322,2025-02-18 14:31:28.332,57,false,0.0,4499.103,4611.923,4343.59,4393.077,4474.103
1739917888.34,2025-02-18 14:31:28.340,58,false,0.0,4489.487,4608.846,4342.692,4389.231,4472.949
1739917888.3478,2025-02-18 14:31:28.347,59,false,0.0,4465.897,4576.41,4312.949,4369.744,4456.795
1739917888.3556,2025-02-18 14:31:28.355,60,false,0.0,4462.692,4563.59,4297.436,4363.205,4445.385
1739917888.3634,2025-02-18 14:31:28.363,61,false,0.0,4469.359,4585.769,4306.795,4374.744,4448.461
1739917888.3713,2025-02-18 14:31:28.371,62,false,0.0,4473.205,4582.564,4308.59,4385.256,4455.897
1739917888.3791,2025-02-18 14:31:28.379,63,false,0.0,4477.18,4561.282,4301.282,4381.923,4453.974
1739917888.3869,2025-02-18 14:31:28.386,64,false,0.0,4471.539,4567.308,4296.795,4373.461,4448.077
1739917888.3947,2025-02-18 14:31:28.394,65,false,0.0,4458.205,4557.949,4287.692,4371.282,4445.897
1739917888.4025,2025-02-18 14:31:28.402,66,false,0.0,4448.974,4520.513,4276.923,4370.0,4438.461
1739917888.4103,2025-02-18 14:31:28.410,67,false,0.0,4433.59,4510.897,4268.718,4362.692,4421.923
1739917888.4181,2025-02-18 14:31:28.418,68,false,0.0,4415.256,4521.026,4257.051,4351.41,4407.308
1739917888.4259,2025-02-18 14:31:28.425,69,false,0.0,4419.487,4536.923,4255.897,4343.205,4406.026
1739917888.4338,2025-02-18 14:31:28.433,70,false,0.0,4431.41,4562.436,4265.513,4338.974,4410.256
1739917888.4416,2025-02-18 14:31:28.441,71,false,0.0,4419.359,4548.333,4257.692,4332.564,4400.641
1739917888.4494,2025-02-18 14:31:28.449,72,false,0.0,4405.256,4513.077,4248.718,4330.256,4388.461
1739917888.4572,2025-02-18 14:31:28.457,73,false,0.0,4411.282,4526.282,4263.59,4337.692,4395.513
1739917888.465,2025-02-18 14:31:28.465,74,false,0.0,4413.718,4539.615,4268.59,4338.333,4400.256
1739917888.4728,2025-02-18 14:31:28.472,75,false,0.0,4408.59,4520.0,4255.385,4332.18,4391.154
1739917888.4806,2025-02-18 14:31:28.480,76,false,0.0,4411.923,4517.308,4251.154,4333.974,4394.872
1739917888.4884,2025-02-18 14:31:28.488,77,false,0.0,4405.128,4505.0,4238.59,4327.051,4394.359
1739917888.4963,2025-02-18 14:31:28.496,78,false,0.0,4383.846,4473.846,4215.128,4309.872,4365.128
1739917888.5041,2025-02-18 14:31:28.504,79,false,0.0,4379.103,4490.385,4218.718,4311.539,4353.846
1739917888.5119,2025-02-18 14:31:28.511,80,false,0.0,4387.949,4518.718,4234.872,4320.0,4375.769
1739917888.5197,2025-02-18 14:31:28.519,81,false,0.0,4380.641,4503.461,4234.359,4311.154,4375.385
1739917888.5275,2025-02-18 14:31:28.527,82,false,0.0,4358.333,4490.641,4231.795,4300.769,4347.82
1739917888.5353,2025-02-18 14:31:28.535,83,false,0.0,4342.18,4488.974,4229.744,4293.974,4334.231
1739917888.5431,2025-02-18 14:31:28.543,84,false,0.0,4346.154,4481.026,4224.744,4284.615,4337.051
1739917888.5509,2025-02-18 14:31:28.550,85,false,0.0,4361.154,4487.564,4226.667,4287.564,4343.974
1739917888.5588,2025-02-18 14:31:28.558,86,false,0.0,4363.333,4487.308,4220.641,4294.359,4351.539
1739917888.5666,2025-02-18 14:31:28.566,87,false,0.0,4356.282,4477.949,4207.051,4290.256,4353.718
1739917888.5744,2025-02-18 14:31:28.574,88,false,0.0,4357.436,4493.974,4209.487,4290.0,4352.051
1739917888.5822,2025-02-18 14:31:28.582,89,false,0.0,4353.333,4488.974,4207.949,4288.59,4345.641
1739917888.59,2025-02-18 14:31:28.590,90,false,0.0,4341.667,4450.385,4194.615,4275.897,4337.692
1739917888.5978,2025-02-18 14:31:28.597,91,false,0.0,4345.769,4461.154,4201.923,4276.154,4344.359
1739917888.6056,2025-02-18 14:31:28.605,92,false,0.0,4352.051,4496.026,4213.59,4283.974,4350.385
1739917888.6134,2025-02-18 14:31:28.613,93,false,0.0,4340.0,4478.974,4206.282,4277.692,4334.359
1739917888.6213,2025-02-18 14:31:28.621,94,false,0.0,4334.615,4457.949,4206.539,4278.59,4325.897
1739917888.6291,2025-02-18 14:31:28.629,95,false,0.0,4335.897,4465.128,4203.205,4281.923,4330.0
1739917888.6369,2025-02-18 14:31:28.636,96,false,0.0,4319.487,4459.231,4177.308,4261.539,4317.051
1739917888.6447,2025-02-18 14:31:28.644,97,false,0.0,4310.769,4460.385,4173.205,4252.82,4309.872
1739917888.6525,2025-02-18 14:31:28.652,98,false,0.0,4320.385,4479.487,4186.667,4265.897,4317.308
1739917888.6603,2025-02-18 14:31:28.660,99,false,0.0,4312.436,4466.667,4170.769,4253.333,4301.795
1739917888.6681,2025-02-18 14:31:28.668,100,false,0.0,4304.231,4441.539,4161.923,4239.487,4291.41
1739917888.6759,2025-02-18 14:31:28.675,101,false,0.0,4320.0,4447.436,4185.513,4260.0,4315.128
1739917888.6838,2025-02-18 14:31:28.683,102,false,0.0,4314.231,4444.872,4182.564,4266.282,4315.769
1739917888.6916,2025-02-18 14:31:28.691,103,false,0.0,4290.385,4426.154,4154.615,4251.154,4291.026
1739917888.6994,2025-02-18 14:31:28.699,104,false,0.0,4303.461,4440.256,4156.41,4260.0,4297.18
1739917888.7072,2025-02-18 14:31:28.707,105,false,0.0,4317.308,4458.846,4165.385,4265.513,4304.359
1739917888.715,2025-02-18 14:31:28.715,106,false,0.0,4289.615,4438.205,4147.692,4246.41,4281.539
1739917888.7228,2025-02-18 14:31:28.722,107,false,0.0,4279.103,4423.077,4136.667,4247.18,4278.59
1739917888.7306,2025-02-18 14:31:28.730,108,false,0.0,4302.051,4439.487,4149.615,4261.282,4298.974
1739917888.7384,2025-02-18 14:31:28.738,109,false,0.0,4297.82,4451.282,4158.333,4251.923,4294.744
1739917888.7463,2025-02-18 14:31:28.746,110,false,0.0,4277.564,4449.359,4156.282,4244.872,4280.385
1739917888.7541,2025-02-18 14:31:28.754,111,false,0.0,4283.077,4441.41,4156.026,4251.667,4282.308
1739917888.7619,2025-02-18 14:31:28.761,112,false,0.0,4284.487,4424.744,4153.846,4244.872,4281.026
1739917888.7697,2025-02-18 14:31:28.769,113,false,0.0,4268.205,4412.436,4146.026,4236.667,4276.026
1739917888.7775,2025-02-18 14:31:28.777,114,false,0.0,4270.0,4413.846,4140.256,4240.0,4280.897
1739917888.7853,2025-02-18 14:31:28.785,115,false,0.0,4276.795,4423.333,4136.026,4229.615,4277.692
1739917888.7931,2025-02-18 14:31:28.793,116,false,0.0,4261.923,4431.154,4129.231,4215.513,4266.923
1739917888.8009,2025-02-18 14:31:28.800,117,false,0.0,4254.231,4417.949,4127.051,4222.308,4272.692
1739917888.8088,2025-02-18 14:31:28.808,118,false,0.0,4261.154,4399.872,4128.846,4223.461,4275.769
1739917888.8166,2025-02-18 14:31:28.816,119,false,0.0,4253.59,4409.615,4127.692,4211.923,4261.41
1739917888.8244,2025-02-18 14:31:28.824,120,false,0.0,4246.539,4414.872,4130.513,4221.923,4262.692
1739917888.8322,2025-02-18 14:31:28.832,121,false,0.0,4254.615,4394.103,4135.256,4233.846,4271.795
1739917888.84,2025-02-18 14:31:28.840,122,false,0.0,4242.949,4390.128,4124.872,4211.026,4251.154
1739917888.8478,2025-02-18 14:31:28.847,123,false,0.0,4219.744,4398.718,4109.872,4192.82,4231.41
1739917888.8556,2025-02-18 14:31:28.855,124,false,0.0,4232.692,4394.487,4113.333,4210.0,4246.026
1739917888.8634,2025-02-18 14:31:28.863,125,false,0.0,4260.385,4401.539,4125.641,4222.051,4264.744
1739917888.8713,2025-02-18 14:31:28.871,126,false,0.0,4260.897,4403.333,4130.256,4216.539,4273.846
1739917888.8791,2025-02-18 14:31:28.879,127,false,0.0,4254.359,4383.461,4126.923,4219.103,4280.769
1739917888.8869,2025-02-18 14:31:28.886,0,false,0.0,4251.41,4394.487,4113.974,4213.333,4265.641
1739917888.8947,2025-02-18 14:31:28.894,1,false,0.0,4232.051,4416.154,4097.564,4189.487,4239.872
1739917888.9025,2025-02-18 14:31:28.902,2,false,0.0,4221.026,4388.846,4096.154,4188.718,4242.308
1739917888.9103,2025-02-18 14:31:28.910,3,false,0.0,4240.641,4373.077,4109.103,4212.564,4255.513
1739917888.9181,2025-02-18 14:31:28.918,4,false,0.0,4252.692,4399.359,4116.667,4213.333,4253.59
1739917888.9259,2025-02-18 14:31:28.925,5,false,0.0,4242.692,4391.154,4113.846,4194.872,4256.282
1739917888.9338,2025-02-18 14:31:28.933,6,false,0.0,4242.692,4367.564,4112.436,4195.128,4263.461
1739917888.9416,2025-02-18 14:31:28.941,7,false,0.0,4250.385,4395.513,4117.308,4203.205,4255.385
1739917888.9494,2025-02-18 14:31:28.949,8,false,0.0,4242.051,4415.513,4116.539,4193.59,4240.641
1739917888.9572,2025-02-18 14:31:28.957,9,false,0.0,4232.436,4385.385,4105.897,4185.0,4230.897
1739917888.965,2025-02-18 14:31:28.965,10,false,0.0,4243.205,4371.154,4105.0,4197.308,4233.846
1739917888.9728,2025-02-18 14:31:28.972,11,false,0.0,4259.231,4383.718,4118.333,4210.256,4251.539
1739917888.9806,2025-02-18 14:31:28.980,12,false,0.0,4256.282,4381.154,4119.231,4203.59,4253.59
1739917888.9884,2025-02-18 14:31:28.988,13,false,0.0,4242.949,4383.974,4106.282,4194.359,4236.41
1739917888.9963,2025-02-18 14:31:28.996,14,false,0.0,4241.282,4396.026,4103.461,4196.795,4238.077
1739917889.0041,2025-02-18 14:31:29.004,15,false,0.0,4241.026,4381.795,4105.769,4196.026,4242.308
1739917889.0119,2025-02-18 14:31:29.011,16,false,0.0,4230.0,4371.795,4104.231,4192.051,4224.744
1739917889.0197,2025-02-18 14:31:29.019,17,false,0.0,4227.82,4388.461,4110.385,4196.539,4226.41
1739917889.0275,2025-02-18 14:31:29.027,18,false,0.0,4232.692,4381.154,4112.436,4194.487,4241.282
1739917889.0353,2025-02-18 14:31:29.035,19,false,0.0,4222.692,4360.256,4097.949,4181.923,4224.615
1739917889.0431,2025-02-18 14:31:29.043,20,false,0.0,4213.718,4372.564,4090.385,4182.949,4213.205
1739917889.0509,2025-02-18 14:31:29.050,21,false,0.0,4217.82,4372.692,4095.769,4191.026,4233.59
1739917889.0588,2025-02-18 14:31:29.058,22,false,0.0,4217.18,4345.769,4096.41,4188.333,4240.256
1739917889.0666,2025-02-18 14:31:29.066,23,false,0.0,4216.41,4358.077,4098.077,4187.051,4232.564
1739917889.0744,2025-02-18 14:31:29.074,24,false,0.0,4219.487,4389.103,4102.949,4188.59,4233.077
1739917889.0822,2025-02-18 14:31:29.082,25,false,0.0,4207.692,4376.667,4098.205,4182.692,4224.103
1739917889.09,2025-02-18 14:31:29.090,26,false,0.0,4192.692,4352.308,4090.897,4180.385,4216.41
1739917889.0978,2025-02-18 14:31:29.097,27,false,0.0,4192.564,4353.205,4090.513,4185.128,4222.949
1739917889.1056,2025-02-18 14:31:29.105,28,false,0.0,4193.333,4365.513,4097.564,4186.923,4216.41
1739917889.1134,2025-02-18 14:31:29.113,29,false,0.0,4193.205,4375.385,4110.385,4187.564,4207.308
1739917889.1213,2025-02-18 14:31:29.121,30,false,0.0,4196.795,4365.769,4107.692,4183.846,4213.974
1739917889.1291,2025-02-18 14:31:29.129,31,false,0.0,4192.692,4342.308,4087.949,4171.795,4207.692
1739917889.1369,2025-02-18 14:31:29.136,32,false,0.0,4190.256,4342.051,4090.897,4166.282,4198.333
1739917889.1447,2025-02-18 14:31:29.144,33,false,0.0,4204.744,4362.436,4114.615,4177.18,4220.128
1739917889.1525,2025-02-18 14:31:29.152,34,false,0.0,4214.103,4375.385,4115.128,4190.0,4236.41
1739917889.1603,2025-02-18 14:31:29.160,35,false,0.0,4202.82,4375.897,4096.795,4186.795,4214.615
1739917889.1681,2025-02-18 14:31:29.168,36,false,0.0,4191.282,4361.923,4089.487,4173.077,4197.436
1739917889.1759,2025-02-18 14:31:29.175,37,false,0.0,4193.461,4344.744,4089.872,4171.154,4209.615
1739917889.1838,2025-02-18 14:31:29.183,38,false,0.0,4196.795,4343.461,4087.821,4175.385,4217.82
1739917889.1916,2025-02-18 14:31:29.191,39,false,0.0,4192.308,4342.18,4085.385,4164.103,4204.872
1739917889.1994,2025-02-18 14:31:29.199,40,false,0.0,4189.744,4335.641,4090.385,4156.282,4193.333
1739917889.2072,2025-02-18 14:31:29.207,41,false,0.0,4192.949,4342.949,4104.359,4171.667,4196.41
1739917889.215,2025-02-18 14:31:29.215,42,false,0.0,4189.359,4350.0,4105.769,4181.154,4197.436
1739917889.2228,2025-02-18 14:31:29.222,43,false,0.0,4179.359,4340.513,4086.154,4169.359,4186.026
1739917889.2306,2025-02-18 14:31:29.230,44,false,0.0,4179.103,4335.897,4076.41,4158.846,4181.41
1739917889.2384,2025-02-18 14:31:29.238,45,false,0.0,4187.436,4344.487,4090.128,4160.385,4195.128
1739917889.2463,2025-02-18 14:31:29.246,46,false,0.0,4193.077,4348.077,4101.667,4172.051,4208.205
1739917889.2541,2025-02-18 14:31:29.254,47,false,0.0,4192.18,4332.82,4095.513,4181.795,4201.154
1739917889.2619,2025-02-18 14:31:29.261,48,false,0.0,4180.897,4313.077,4079.744,4168.846,4180.513
1739917889.2697,2025-02-18 14:31:29.269,49,false,0.0,4169.359,4324.487,4073.846,4152.949,4170.897
1739917889.2775,2025-02-18 14:31:29.277,50,false,0.0,4178.333,4350.256,4087.308,4167.82,4186.41
1739917889.2853,2025-02-18 14:31:29.285,51,false,0.0,4194.487,4342.564,4095.641,4186.154,4206.41
1739917889.2931,2025-02-18 14:31:29.293,52,false,0.0,4194.103,4330.128,4083.333,4180.256,4205.897
1739917889.3009,2025-02-18 14:31:29.300,53,false,0.0,4190.897,4345.641,4077.564,4176.282,4199.615
1739917889.3088,2025-02-18 14:31:29.308,54,false,0.0,4194.487,4339.487,4083.974,4178.718,4205.256
1739917889.3166,2025-02-18 14:31:29.316,55,false,0.0,4188.461,4312.308,4077.564,4167.692,4206.282
1739917889.3244,2025-02-18 14:31:29.324,56,false,0.0,4183.077,4323.974,4069.872,4165.641,4198.846
1739917889.3322,2025-02-18 14:31:29.332,57,false,0.0,4195.897,4346.667,4080.385,4180.641,4203.077
1739917889.34,2025-02-18 14:31:29.340,58,false,0.0,4203.205,4332.949,4087.436,4176.539,4211.282
1739917889.3478,2025-02-18 14:31:29.347,59,false,0.0,4193.205,4316.795,4080.897,4160.385,4207.051
1739917889.3556,2025-02-18 14:31:29.355,60,false,0.0,4193.461,4319.103,4081.923,4166.923,4204.487
1739917889.3634,2025-02-18 14:31:29.363,61,false,0.0,4206.026,4322.692,4089.744,4175.897,4210.0
1739917889.3713,2025-02-18 14:31:29.371,62,false,0.0,4202.82,4330.0,4087.179,4163.846,4205.385
1739917889.3791,2025-02-18 14:31:29.379,63,false,0.0,4186.539,4333.718,4077.821,4156.923,4193.974
1739917889.3869,2025-02-18 14:31:29.386,64,false,0.0,4183.718,4325.641,4074.872,4168.718,4195.897
1739917889.3947,2025-02-18 14:31:29.394,65,false,0.0,4193.846,4330.385,4077.179,4174.615,4202.692
1739917889.4025,2025-02-18 14:31:29.402,66,false,0.0,4197.436,4343.846,4076.026,4163.59,4198.718
1739917889.4103,2025-02-18 14:31:29.410,67,false,0.0,4195.0,4332.564,4074.359,4155.0,4197.82
1739917889.4181,2025-02-18 14:31:29.418,68,false,0.0,4195.641,4312.18,4077.821,4164.103,4205.641
1739917889.4259,2025-02-18 14:31:29.425,69,false,0.0,4192.82,4314.744,4073.461,4173.846,4200.641
1739917889.4338,2025-02-18 14:31:29.433,70,false,0.0,4186.41,4325.769,4061.026,4165.256,4187.82
1739917889.4416,2025-02-18 14:31:29.441,71,false,0.0,4187.308,4323.205,4062.436,4157.436,4191.282
1739917889.4494,2025-02-18 14:31:29.449,72,false,0.0,4186.282,4311.539,4067.436,4164.231,4194.487
1739917889.4572,2025-02-18 14:31:29.457,73,false,0.0,4180.0,4305.897,4054.487,4163.846,4184.231
1739917889.465,2025-02-18 14:31:29.465,74,false,0.0,4186.795,4318.718,4047.179,4155.641,4187.82
1739917889.4728,2025-02-18 14:31:29.472,75,false,0.0,4194.744,4332.564,4054.615,4155.128,4198.974
1739917889.4806,2025-02-18 14:31:29.480,76,false,0.0,4179.231,4318.205,4046.282,4148.077,4186.795
1739917889.4884,2025-02-18 14:31:29.488,77,false,0.0,4165.128,4296.154,4031.667,4135.385,4175.385
1739917889.4963,2025-02-18 14:31:29.496,78,false,0.0,4178.205,4303.205,4040.897,4145.641,4190.128
1739917889.5041,2025-02-18 14:31:29.504,79,false,0.0,4194.744,4319.487,4058.205,4164.231,4203.077
1739917889.5119,2025-02-18 14:31:29.511,80,false,0.0,4189.872,4317.308,4060.897,4159.487,4199.487
1739917889.5197,2025-02-18 14:31:29.519,81,false,0.0,4174.103,4313.718,4053.077,4148.718,4192.82
1739917889.5275,2025-02-18 14:31:29.527,82,false,0.0,4167.051,4315.385,4042.821,4152.18,4184.872
1739917889.5353,2025-02-18 14:31:29.535,83,false,0.0,4165.256,4305.385,4035.0,4150.0,4177.82
1739917889.5431,2025-02-18 14:31:29.543,84,false,0.0,4154.359,4294.359,4031.154,4137.18,4177.692
1739917889.5509,2025-02-18 14:31:29.550,85,false,0.0,4151.923,4302.308,4036.539,4140.641,4181.154
1739917889.5588,2025-02-18 14:31:29.558,86,false,0.0,4172.308,4316.154,4053.461,4161.539,4188.59
1739917889.5666,2025-02-18 14:31:29.566,87,false,0.0,4180.256,4315.256,4058.59,4167.18,4199.231
1739917889.5744,2025-02-18 14:31:29.574,88,false,0.0,4163.846,4302.692,4039.872,4153.974,4209.103
1739917889.5822,2025-02-18 14:31:29.582,89,false,0.0,4164.103,4293.846,4031.282,4156.282,4222.436
1739917889.59,2025-02-18 14:31:29.590,90,false,0.0,4178.718,4293.333,4044.231,4176.667,4236.026
1739917889.5978,2025-02-18 14:31:29.597,91,false,0.0,4176.282,4291.539,4046.539,4181.923,4243.718
1739917889.6056,2025-02-18 14:31:29.605,92,false,0.0,4172.051,4287.436,4034.231,4170.256,4251.154
1739917889.6134,2025-02-18 14:31:29.613,93,false,0.0,4174.744,4292.18,4031.282,4165.897,4252.051
1739917889.6213,2025-02-18 14:31:29.621,94,false,0.0,4164.744,4297.82,4032.436,4165.256,4237.949
1739917889.6291,2025-02-18 14:31:29.629,95,false,0.0,4151.795,4285.256,4020.769,4154.744,4224.359
1739917889.6369,2025-02-18 14:31:29.636,96,false,0.0,4147.051,4267.82,4012.308,4145.769,4218.461
1739917889.6447,2025-02-18 14:31:29.644,97,false,0.0,4141.539,4272.949,4026.41,4149.487,4216.795
1739917889.6525,2025-02-18 14:31:29.652,98,false,0.0,4147.949,4292.436,4044.744,4157.18,4229.615
1739917889.6603,2025-02-18 14:31:29.660,99,false,0.0,4170.385,4300.513,4046.923,4162.949,4246.795
1739917889.6681,2025-02-18 14:31:29.668,100,false,0.0,4176.539,4295.769,4047.179,4167.051,4242.949
1739917889.6759,2025-02-18 14:31:29.675,101,false,0.0,4163.077,4294.359,4050.128,4161.282,4232.18
1739917889.6838,2025-02-18 14:31:29.683,102,false,0.0,4159.615,4299.744,4044.744,4151.923,4233.205
1739917889.6916,2025-02-18 14:31:29.691,103,false,0.0,4166.539,4300.0,4044.487,4156.539,4230.385
1739917889.6994,2025-02-18 14:31:29.699,104,false,0.0,4167.308,4294.359,4052.821,4161.667,4221.154
1739917889.7072,2025-02-18 14:31:29.707,105,false,0.0,4165.385,4298.846,4051.282,4151.923,4223.077
1739917889.715,2025-02-18 14:31:29.715,106,false,0.0,4168.846,4312.051,4048.846,4153.846,4230.128
1739917889.7228,2025-02-18 14:31:29.722,107,false,0.0,4173.974,4308.974,4052.692,4172.436,4227.436
1739917889.7306,2025-02-18 14:31:29.730,108,false,0.0,4170.256,4287.82,4039.615,4170.769,4217.308
1739917889.7384,2025-02-18 14:31:29.738,109,false,0.0,4157.949,4281.923,4023.333,4151.539,4208.974
1739917889.7463,2025-02-18 14:31:29.746,110,false,0.0,4155.256,4302.308,4038.205,4150.128,4211.41
1739917889.7541,2025-02-18 14:31:29.754,111,false,0.0,4164.231,4312.308,4057.179,4155.897,4218.846
1739917889.7619,2025-02-18 14:31:29.761,112,false,0.0,4160.128,4293.59,4046.795,4144.744,4211.795
1739917889.7697,2025-02-18 14:31:29.769,113,false,0.0,4147.18,4283.59,4038.077,4134.103,4199.359
1739917889.7775,2025-02-18 14:31:29.777,114,false,0.0,4152.051,4296.282,4052.051,4143.461,4206.539
1739917889.7853,2025-02-18 14:31:29.785,115,false,0.0,4160.0,4292.564,4056.282,4158.718,4216.795
1739917889.7931,2025-02-18 14:31:29.793,116,false,0.0,4152.18,4276.026,4042.308,4161.539,4207.949
1739917889.8009,2025-02-18 14:31:29.800,117,false,0.0,4148.718,4282.18,4040.256,4155.641,4202.308
1739917889.8088,2025-02-18 14:31:29.808,118,false,0.0,4150.769,4287.82,4045.897,4148.846,4207.564
1739917889.8166,2025-02-18 14:31:29.816,119,false,0.0,4138.718,4273.077,4036.795,4141.795,4196.795
1739917889.8244,2025-02-18 14:31:29.824,120,false,0.0,4128.974,4271.154,4027.692,4138.205,4177.308
1739917889.8322,2025-02-18 14:31:29.832,121,false,0.0,4135.128,4279.744,4032.692,4140.128,4177.692
1739917889.84,2025-02-18 14:31:29.840,122,false,0.0,4141.795,4279.872,4041.026,4141.667,4191.923
1739917889.8478,2025-02-18 14:31:29.847,123,false,0.0,4147.308,4291.41,4047.308,4141.923,4200.897
1739917889.8556,2025-02-18 14:31:29.855,124,false,0.0,4151.41,4297.308,4045.769,4140.641,4197.436
1739917889.8634,2025-02-18 14:31:29.863,125,false,0.0,4141.539,4270.641,4032.051,4131.41,4178.461
1739917889.8713,2025-02-18 14:31:29.871,126,false,0.0,4125.385,4255.256,4022.692,4119.487,4154.872
1739917889.8791,2025-02-18 14:31:29.879,127,false,0.0,4117.308,4269.103,4026.41,4119.231,4148.59
1739917889.8869,2025-02-18 14:31:29.886,0,false,0.0,4122.308,4276.923,4038.333,4132.692,4165.256
1739917889.8947,2025-02-18 14:31:29.894,1,false,0.0,4140.385,4283.718,4056.154,4148.846,4186.923
1739917889.9025,2025-02-18 14:31:29.902,2,false,0.0,4150.385,4293.59,4059.615,4154.103,4189.872
1739917889.9103,2025-02-18 14:31:29.910,3,false,0.0,4137.436,4286.667,4041.026,4146.026,4174.103
1739917889.9181,2025-02-18 14:31:29.918,4,false,0.0,4123.59,4279.872,4035.128,4138.333,4161.41
1739917889.9259,2025-02-18 14:31:29.925,5,false,0.0,4120.769,4278.333,4045.897,4136.539,4158.718
1739917889.9338,2025-02-18 14:31:29.933,6,false,0.0,4117.18,4264.487,4041.795,4132.308,4158.461
1739917889.9416,2025-02-18 14:31:29.941,7,false,0.0,4115.769,4260.385,4029.744,4127.564,4157.436
1739917889.9494,2025-02-18 14:31:29.949,8,false,0.0,4116.154,4270.0,4027.949,4129.872,4152.051
1739917889.9572,2025-02-18 14:31:29.957,9,false,0.0,4115.897,4272.949,4033.205,4138.205,4148.59
1739917889.965,2025-02-18 14:31:29.965,10,false,0.0,4126.41,4287.564,4048.718,4146.795,4161.026
1739917889.9728,2025-02-18 14:31:29.972,11,false,0.0,4135.256,4301.026,4060.897,4149.487,4174.103
1739917889.9806,2025-02-18 14:31:29.980,12,false,0.0,4122.436,4274.231,4045.641,4146.667,4162.308
1739917889.9884,2025-02-18 14:31:29.988,13,false,0.0,4107.436,4250.641,4023.333,4143.461,4140.0
1739917889.9963,2025-02-18 14:31:29.996,14,false,0.0,4106.923,4273.205,4022.436,4139.744,4133.59
1739917890.0041,2025-02-18 14:31:30.004,15,false,0.0,4113.077,4298.974,4035.128,4140.0,4141.795
1739917890.0119,2025-02-18 14:31:30.011,16,false,0.0,4122.051,4297.308,4045.0,4146.41,4150.513
1739917890.0197,2025-02-18 14:31:30.019,17,false,0.0,4125.385,4284.359,4042.436,4144.487,4148.974
1739917890.0275,2025-02-18 14:31:30.027,18,false,0.0,4120.256,4278.974,4030.769,4135.641,4140.128
1739917890.0353,2025-02-18 14:31:30.035,19,false,0.0,4121.539,4289.615,4026.539,4135.385,4137.436
1739917890.0431,2025-02-18 14:31:30.043,20,false,0.0,4120.641,4292.051,4023.077,4134.615,4139.872
1739917890.0509,2025-02-18 14:31:30.050,21,false,0.0,4105.256,4271.539,4009.103,4126.539,4135.385
1739917890.0588,2025-02-18 14:31:30.058,22,false,0.0,4103.333,4262.051,4007.436,4127.436,4132.436
1739917890.0666,2025-02-18 14:31:30.066,23,false,0.0,4123.077,4270.641,4023.846,4136.026,4141.923
1739917890.0744,2025-02-18 14:31:30.074,24,false,0.0,4132.436,4280.897,4032.051,4141.026,4151.795
1739917890.0822,2025-02-18 14:31:30.082,25,false,0.0,4127.051,4298.974,4030.641,4146.41,4151.923
1739917890.09,2025-02-18 14:31:30.090,26,false,0.0,4124.231,4298.718,4026.923,4148.974,4147.18
1739917890.0978,2025-02-18 14:31:30.097,27,false,0.0,4118.718,4267.949,4016.154,4141.539,4135.385
1739917890.1056,2025-02-18 14:31:30.105,28,false,0.0,4111.41,4265.256,4011.539,4130.256,4118.718
1739917890.1134,2025-02-18 14:31:30.113,29,false,0.0,4118.333,4288.461,4020.513,4120.0,4116.41
1739917890.1213,2025-02-18 14:31:30.121,30,false,0.0,4126.282,4275.897,4022.436,4114.615,4125.897
1739917890.1291,2025-02-18 14:31:30.129,31,false,0.0,4113.846,4253.333,4015.256,4117.949,4121.539
1739917890.1369,2025-02-18 14:31:30.136,32,false,0.0,4101.154,4266.026,4014.872,4121.282,4107.436
1739917890.1447,2025-02-18 14:31:30.144,33,false,0.0,4111.539,4285.641,4019.103,4122.051,4107.82
1739917890.1525,2025-02-18 14:31:30.152,34,false,0.0,4123.333,4285.769,4020.513,4125.897,4117.82
1739917890.1603,2025-02-18 14:31:30.160,35,false,0.0,4116.539,4265.897,4014.615,4123.718,4120.897
1739917890.1681,2025-02-18 14:31:30.168,36,false,0.0,4106.923,4241.667,4001.026,4112.051,4116.667
1739917890.1759,2025-02-18 14:31:30.175,37,false,0.0,4108.333,4251.923,3999.615,4109.615,4110.256
1739917890.1838,2025-02-18 14:31:30.183,38,false,0.0,4120.897,4288.461,4021.539,4125.513,4114.487
1739917890.1916,2025-02-18 14:31:30.191,39,false,0.0,4133.205,4297.308,4036.539,4139.359,4129.231
1739917890.1994,2025-02-18 14:31:30.199,40,false,0.0,4122.82,4277.436,4024.231,4130.897,4127.692
1739917890.2072,2025-02-18 14:31:30.207,41,false,0.0,4105.256,4267.308,4013.974,4117.051,4113.718
1739917890.215,2025-02-18 14:31:30.215,42,false,0.0,4117.18,4274.359,4024.744,4127.692,4120.769
1739917890.2228,2025-02-18 14:31:30.222,43,false,0.0,4132.692,4277.051,4027.436,4144.103,4133.974
1739917890.2306,2025-02-18 14:31:30.230,44,false,0.0,4118.59,4267.949,4012.821,4134.487,4126.923
1739917890.2384,2025-02-18 14:31:30.238,45,false,0.0,4111.026,4271.795,4013.718,4125.256,4126.795
1739917890.2463,2025-02-18 14:31:30.246,46,false,0.0,4130.0,4286.026,4031.282,4141.667,4144.231
1739917890.2541,2025-02-18 14:31:30.254,47,false,0.0,4141.026,4275.128,4035.385,4153.974,4149.487
1739917890.2619,2025-02-18 14:31:30.261,48,false,0.0,4135.641,4265.256,4027.692,4146.667,4143.205
1739917890.2697,2025-02-18 14:31:30.269,49,false,0.0,4132.564,4289.103,4026.282,4139.615,4144.231
1739917890.2775,2025-02-18 14:31:30.277,50,false,0.0,4135.128,4293.333,4025.513,4134.231,4147.18
1739917890.2853,2025-02-18 14:31:30.285,51,false,0.0,4135.385,4270.0,4019.615,4126.41,4147.18
1739917890.2931,2025-02-18 14:31:30.293,52,false,0.0,4130.897,4278.974,4017.692,4128.077,4148.461
1739917890.3009,2025-02-18 14:31:30.300,53,false,0.0,4136.539,4297.051,4026.539,4136.539,4151.667
1739917890.3088,2025-02-18 14:31:30.308,54,false,0.0,4153.205,4288.974,4034.231,4137.18,4157.18
1739917890.3166,2025-02-18 14:31:30.316,55,false,0.0,4151.026,4290.641,4027.308,4131.795,4160.897
1739917890.3244,2025-02-18 14:31:30.324,56,false,0.0,4140.897,4296.282,4023.718,4134.231,4167.564
1739917890.3322,2025-02-18 14:31:30.332,57,false,0.0,4162.564,4286.923,4040.897,4148.846,4188.077
1739917890.34,2025-02-18 14:31:30.340,58,false,0.0,4192.051,4294.744,4053.077,4157.692,4208.974
1739917890.3478,2025-02-18 14:31:30.347,59,false,0.0,4197.308,4308.205,4047.564,4148.846,4219.359
1739917890.3556,2025-02-18 14:31:30.355,60,false,0.0,4205.641,4297.18,4043.205,4138.846,4236.026
1739917890.3634,2025-02-18 14:31:30.363,61,false,0.0,4228.718,4289.359,4033.718,4136.282,4259.231
1739917890.3713,2025-02-18 14:31:30.371,62,false,0.0,4251.026,4293.846,4019.231,4132.564,4277.308
1739917890.3791,2025-02-18 14:31:30.379,63,false,0.0,4279.231,4296.41,4029.359,4134.487,4302.82
1739917890.3869,2025-02-18 14:31:30.386,64,false,0.0,4308.59,4304.872,4043.59,4136.026,4330.256
1739917890.3947,2025-02-18 14:31:30.394,65,false,0.0,4322.692,4302.82,4026.923,4114.487,4336.795
1739917890.4025,2025-02-18 14:31:30.402,66,false,0.0,4338.205,4289.615,4012.179,4094.231,4341.41
1739917890.4103,2025-02-18 14:31:30.410,67,false,0.0,4369.359,4307.308,4027.051,4106.539,4362.051
1739917890.4181,2025-02-18 14:31:30.418,68,false,0.0,4397.308,4334.872,4044.872,4121.923,4375.897
1739917890.4259,2025-02-18 14:31:30.425,69,false,0.0,4405.385,4323.846,4053.59,4120.897,4377.18
1739917890.4338,2025-02-18 14:31:30.433,70,false,0.0,4397.82,4306.026,4059.359,4126.795,4379.487
1739917890.4416,2025-02-18 14:31:30.441,71,false,0.0,4391.026,4310.513,4057.821,4136.667,4374.744
1739917890.4494,2025-02-18 14:31:30.449,72,false,0.0,4390.897,4308.974,4054.103,4135.897,4363.461
1739917890.4572,2025-02-18 14:31:30.457,73,false,0.0,4383.333,4301.41,4055.641,4135.641,4358.59
1739917890.465,2025-02-18 14:31:30.465,74,false,0.0,4369.744,4307.308,4058.077,4137.692,4351.026
1739917890.4728,2025-02-18 14:31:30.472,75,false,0.0,4360.897,4314.231,4060.256,4135.897,4337.436
1739917890.4806,2025-02-18 14:31:30.480,76,false,0.0,4344.103,4314.872,4060.641,4134.103,4329.103
1739917890.4884,2025-02-18 14:31:30.488,77,false,0.0,4319.103,4312.308,4053.461,4128.333,4320.385
1739917890.4963,2025-02-18 14:31:30.496,78,false,0.0,4306.667,4298.077,4042.949,4121.154,4302.82
1739917890.5041,2025-02-18 14:31:30.504,79,false,0.0,4297.949,4286.539,4037.179,4121.667,4286.026
1739917890.5119,2025-02-18 14:31:30.511,80,false,0.0,4280.385,4298.718,4035.0,4116.41,4273.461
1739917890.5197,2025-02-18 14:31:30.519,81,false,0.0,4268.077,4309.744,4030.641,4098.718,4258.333
1739917890.5275,2025-02-18 14:31:30.527,82,false,0.0,4264.103,4301.923,4028.718,4092.436,4243.205
1739917890.5353,2025-02-18 14:31:30.535,83,false,0.0,4257.18,4305.897,4035.128,4101.154,4231.923
1739917890.5431,2025-02-18 14:31:30.543,84,false,0.0,4243.718,4318.59,4037.564,4102.308,4220.769
1739917890.5509,2025-02-18 14:31:30.550,85,false,0.0,4230.897,4308.205,4032.949,4100.513,4215.0
1739917890.5588,2025-02-18 14:31:30.558,86,false,0.0,4234.359,4297.564,4043.59,4113.718,4225.0
1739917890.5666,2025-02-18 14:31:30.566,87,false,0.0,4240.897,4300.641,4055.641,4126.026,4230.0
1739917890.5744,2025-02-18 14:31:30.574,88,false,0.0,4218.59,4283.846,4035.385,4114.359,4202.82
1739917890.5822,2025-02-18 14:31:30.582,89,false,0.0,4192.564,4272.051,4016.026,4099.744,4175.256
1739917890.59,2025-02-18 14:31:30.590,90,false,0.0,4199.359,4304.744,4028.846,4104.872,4183.846
1739917890.5978,2025-02-18 14:31:30.597,91,false,0.0,4203.461,4320.897,4028.974,4104.231,4191.539
1739917890.6056,2025-02-18 14:31:30.605,92,false,0.0,4178.333,4285.897,4003.718,4082.692,4167.436
1739917890.6134,2025-02-18 14:31:30.613,93,false,0.0,4156.41,4270.897,3995.897,4068.974,4143.846
1739917890.6213,2025-02-18 14:31:30.621,94,false,0.0,4152.308,4291.923,4004.103,4074.744,4138.718
1739917890.6291,2025-02-18 14:31:30.629,95,false,0.0,4155.385,4292.436,4009.231,4084.615,4136.154
1739917890.6369,2025-02-18 14:31:30.636,96,false,0.0,4158.461,4278.461,4016.795,4091.667,4136.795
1739917890.6447,2025-02-18 14:31:30.644,97,false,0.0,4150.513,4281.282,4015.256,4092.179,4141.282
1739917890.6525,2025-02-18 14:31:30.652,98,false,0.0,4137.051,4283.205,4001.923,4084.487,4135.256
1739917890.6603,2025-02-18 14:31:30.660,99,false,0.0,4132.82,4276.154,4002.692,4079.872,4123.461
1739917890.6681,2025-02-18 14:31:30.668,100,false,0.0,4137.436,4280.0,4019.103,4087.051,4127.18
1739917890.6759,2025-02-18 14:31:30.675,101,false,0.0,4152.436,4295.128,4035.769,4101.026,4145.513
1739917890.6838,2025-02-18 14:31:30.683,102,false,0.0,4165.513,4305.256,4046.795,4106.282,4150.513
1739917890.6916,2025-02-18 14:31:30.691,103,false,0.0,4146.923,4299.872,4039.872,4095.513,4129.615
1739917890.6994,2025-02-18 14:31:30.699,104,false,0.0,4116.795,4281.154,4021.795,4083.846,4106.41
1739917890.7072,2025-02-18 14:31:30.707,105,false,0.0,4114.744,4265.256,4016.026,4079.231,4100.385
1739917890.715,2025-02-18 14:31:30.715,106,false,0.0,4127.82,4263.846,4017.949,4080.385,4106.667
1739917890.7228,2025-02-18 14:31:30.722,107,false,0.0,4136.667,4273.205,4020.897,4097.436,4117.949
1739917890.7306,2025-02-18 14:31:30.730,108,false,0.0,4142.692,4285.769,4035.641,4116.026,4125.513
1739917890.7384,2025-02-18 14:31:30.738,109,false,0.0,4139.872,4297.308,4049.615,4111.282,4125.0
1739917890.7463,2025-02-18 14:31:30.746,110,false,0.0,4133.205,4300.897,4042.821,4102.308,4121.923
1739917890.7541,2025-02-18 14:31:30.754,111,false,0.0,4131.282,4286.667,4030.513,4103.461,4117.82
1739917890.7619,2025-02-18 14:31:30.761,112,false,0.0,4126.923,4267.051,4030.641,4101.154,4117.18
1739917890.7697,2025-02-18 14:31:30.769,113,false,0.0,4123.59,4268.718,4028.333,4102.051,4121.667
1739917890.7775,2025-02-18 14:31:30.777,114,false,0.0,4120.385,4280.897,4010.385,4100.641,4110.128
1739917890.7853,2025-02-18 14:31:30.785,115,false,0.0,4109.359,4283.461,4000.769,4086.667,4090.769
1739917890.7931,2025-02-18 14:31:30.793,116,false,0.0,4114.744,4297.82,4021.41,4091.667,4103.846
1739917890.8009,2025-02-18 14:31:30.800,117,false,0.0,4133.718,4314.744,4039.231,4107.436,4122.564
1739917890.8088,2025-02-18 14:31:30.808,118,false,0.0,4117.436,4292.82,4023.205,4087.179,4099.872
1739917890.8166,2025-02-18 14:31:30.816,119,false,0.0,4089.231,4269.615,4008.333,4070.128,4081.667
1739917890.8244,2025-02-18 14:31:30.824,120,false,0.0,4107.692,4289.744,4022.692,4098.461,4110.513
1739917890.8322,2025-02-18 14:31:30.832,121,false,0.0,4135.641,4299.744,4034.231,4118.205,4137.051
1739917890.84,2025-02-18 14:31:30.840,122,false,0.0,4134.487,4280.385,4030.0,4113.718,4135.769
1739917890.8478,2025-02-18 14:31:30.847,123,false,0.0,4144.872,4290.385,4037.179,4125.256,4140.897
1739917890.8556,2025-02-18 14:31:30.855,124,false,0.0,4161.41,4317.436,4047.564,4130.641,4146.539
1739917890.8634,2025-02-18 14:31:30.863,125,false,0.0,4140.513,4309.744,4034.359,4107.564,4131.026
1739917890.8713,2025-02-18 14:31:30.871,126,false,0.0,4116.667,4290.256,4012.821,4096.282,4119.487
1739917890.8791,2025-02-18 14:31:30.879,127,false,0.0,4123.59,4285.513,4005.385,4103.59,4123.333
1739917890.8869,2025-02-18 14:31:30.886,0,false,0.0,4127.692,4282.308,4008.718,4103.974,4122.308
1739917890.8947,2025-02-18 14:31:30.894,1,false,0.0,4125.769,4287.82,4023.205,4108.205,4122.308
1739917890.9025,2025-02-18 14:31:30.902,2,false,0.0,4133.718,4300.128,4040.641,4115.385,4127.82
1739917890.9103,2025-02-18 14:31:30.910,3,false,0.0,4126.667,4293.718,4035.385,4103.461,4120.641
1739917890.9181,2025-02-18 14:31:30.918,4,false,0.0,4116.795,4286.795,4020.769,4095.385,4117.82
1739917890.9259,2025-02-18 14:31:30.925,5,false,0.0,4136.667,4298.333,4025.128,4111.667,4137.949
1739917890.9338,2025-02-18 14:31:30.933,6,false,0.0,4150.769,4295.769,4026.026,4116.795,4148.333
1739917890.9416,2025-02-18 14:31:30.941,7,false,0.0,4136.154,4282.564,4010.897,4104.231,4136.667
1739917890.9494,2025-02-18 14:31:30.949,8,false,0.0,4130.128,4295.769,4016.282,4106.923,4132.308
1739917890.9572,2025-02-18 14:31:30.957,9,false,0.0,4137.564,4310.385,4041.795,4117.692,4140.897
1739917890.965,2025-02-18 14:31:30.965,10,false,0.0,4142.692,4302.82,4052.949,4122.949,4152.308
1739917890.9728,2025-02-18 14:31:30.972,11,false,0.0,4146.795,4301.026,4048.846,4128.205,4155.256
1739917890.9806,2025-02-18 14:31:30.980,12,false,0.0,4133.077,4301.282,4036.539,4116.539,4135.769
1739917890.9884,2025-02-18 14:31:30.988,13,false,0.0,4115.128,4293.718,4022.949,4096.667,4121.539
1739917890.9963,2025-02-18 14:31:30.996,14,false,0.0,4131.282,4300.256,4026.923,4107.18,4141.923
1739917891.0041,2025-02-18 14:31:31.004,15,false,0.0,4145.256,4297.82,4032.308,4123.846,4156.282
1739917891.0119,2025-02-18 14:31:31.011,16,false,0.0,4125.641,4273.974,4018.59,4115.128,4139.744
1739917891.0197,2025-02-18 14:31:31.019,17,false,0.0,4121.795,4282.436,4016.282,4111.923,4130.513
1739917891.0275,2025-02-18 14:31:31.027,18,false,0.0,4135.0,4304.615,4029.103,4111.026,4133.718
1739917891.0353,2025-02-18 14:31:31.035,19,false,0.0,4124.231,4282.692,4023.974,4089.231,4126.923
1739917891.0431,2025-02-18 14:31:31.043,20,false,0.0,4119.359,4267.949,4020.769,4088.846,4128.205
1739917891.0509,2025-02-18 14:31:31.050,21,false,0.0,4142.564,4299.359,4042.179,4123.333,4148.077
1739917891.0588,2025-02-18 14:31:31.058,22,false,0.0,4154.872,4316.795,4053.205,4135.897,4160.0
1739917891.0666,2025-02-18 14:31:31.066,23,false,0.0,4143.205,4300.513,4042.308,4118.333,4151.667
1739917891.0744,2025-02-18 14:31:31.074,24,false,0.0,4128.59,4281.795,4035.256,4110.256,4137.82
1739917891.0822,2025-02-18 14:31:31.082,25,false,0.0,4123.974,4270.256,4032.949,4115.385,4131.282
1739917891.09,2025-02-18 14:31:31.090,26,false,0.0,4127.436,4277.18,4031.154,4116.923,4127.82
1739917891.0978,2025-02-18 14:31:31.097,27,false,0.0,4125.256,4297.82,4038.077,4115.128,4124.872
1739917891.1056,2025-02-18 14:31:31.105,28,false,0.0,4122.436,4300.0,4045.897,4121.539,4134.744
1739917891.1134,2025-02-18 14:31:31.113,29,false,0.0,4132.308,4286.026,4042.051,4131.795,4146.923
1739917891.1213,2025-02-18 14:31:31.121,30,false,0.0,4131.795,4277.051,4030.256,4124.872,4134.487
1739917891.1291,2025-02-18 14:31:31.129,31,false,0.0,4114.487,4263.974,4020.128,4104.872,4115.897
1739917891.1369,2025-02-18 14:31:31.136,32,false,0.0,4111.539,4246.667,4017.564,4097.436,4119.872
1739917891.1447,2025-02-18 14:31:31.144,33,false,0.0,4121.667,4260.385,4022.436,4104.872,4130.513
1739917891.1525,2025-02-18 14:31:31.152,34,false,0.0,4128.846,4306.282,4029.231,4112.18,4135.128
1739917891.1603,2025-02-18 14:31:31.160,35,false,0.0,4136.41,4318.333,4031.154,4108.077,4141.539
1739917891.1681,2025-02-18 14:31:31.168,36,false,0.0,4135.641,4282.692,4027.692,4096.154,4143.461
1739917891.1759,2025-02-18 14:31:31.175,37,false,0.0,4129.359,4276.923,4028.461,4100.385,4143.333
1739917891.1838,2025-02-18 14:31:31.183,38,false,0.0,4139.231,4305.385,4037.051,4120.769,4153.718
1739917891.1916,2025-02-18 14:31:31.191,39,false,0.0,4156.795,4300.256,4042.308,4126.795,4171.282
1739917891.1994,2025-02-18 14:31:31.199,40,false,0.0,4175.128,4290.385,4043.59,4121.41,4195.641
1739917891.2072,2025-02-18 14:31:31.207,41,false,0.0,4203.205,4313.974,4047.436,4123.59,4227.564
1739917891.215,2025-02-18 14:31:31.215,42,false,0.0,4224.872,4314.615,4047.821,4120.513,4253.846
1739917891.2228,2025-02-18 14:31:31.222,43,false,0.0,4237.308,4293.461,4043.333,4111.667,4276.154
1739917891.2306,2025-02-18 14:31:31.230,44,false,0.0,4264.231,4305.641,4041.282,4112.18,4303.333
1739917891.2384,2025-02-18 14:31:31.238,45,false,0.0,4292.18,4319.359,4037.692,4108.333,4323.974
1739917891.2463,2025-02-18 14:31:31.246,46,false,0.0,4306.026,4306.795,4032.308,4095.128,4340.641
1739917891.2541,2025-02-18 14:31:31.254,47,false,0.0,4327.949,4302.18,4034.359,4097.18,4368.205
1739917891.2619,2025-02-18 14:31:31.261,48,false,0.0,4355.513,4302.436,4038.333,4115.0,4394.103
1739917891.2697,2025-02-18 14:31:31.269,49,false,0.0,4371.026,4298.974,4035.385,4124.487,4407.051
1739917891.2775,2025-02-18 14:31:31.277,50,false,0.0,4387.18,4315.385,4033.59,4120.513,4418.59
1739917891.2853,2025-02-18 14:31:31.285,51,false,0.0,4398.333,4327.949,4035.256,4112.436,4425.641
1739917891.2931,2025-02-18 14:31:31.293,52,false,0.0,4385.769,4304.487,4033.333,4109.359,4418.974
1739917891.3009,2025-02-18 14:31:31.300,53,false,0.0,4375.897,4284.103,4034.103,4115.513,4410.0
1739917891.3088,2025-02-18 14:31:31.308,54,false,0.0,4379.744,4298.205,4040.256,4118.333,4400.641
1739917891.3166,2025-02-18 14:31:31.316,55,false,0.0,4361.154,4316.539,4042.308,4109.487,4380.513
1739917891.3244,2025-02-18 14:31:31.324,56,false,0.0,4330.769,4315.385,4044.872,4109.615,4364.231
1739917891.3322,2025-02-18 14:31:31.332,57,false,0.0,4327.949,4307.564,4053.461,4125.256,4360.769
1739917891.34,2025-02-18 14:31:31.340,58,false,0.0,4328.077,4307.308,4054.872,4131.667,4346.154
1739917891.3478,2025-02-18 14:31:31.347,59,false,0.0,4303.846,4311.795,4049.359,4127.18,4319.872
1739917891.3556,2025-02-18 14:31:31.355,60,false,0.0,4276.795,4305.385,4044.744,4125.769,4304.487
1739917891.3634,2025-02-18 14:31:31.363,61,false,0.0,4256.282,4289.231,4035.513,4122.82,4293.461
1739917891.3713,2025-02-18 14:31:31.371,62,false,0.0,4246.154,4290.641,4035.513,4127.949,4280.513
1739917891.3791,2025-02-18 14:31:31.379,63,false,0.0,4251.667,4307.436,4052.179,4143.205,4274.487
1739917891.3869,2025-02-18 14:31:31.386,64,false,0.0,4239.744,4306.41,4053.205,4133.59,4258.718
1739917891.3947,2025-02-18 14:31:31.394,65,false,0.0,4209.103,4293.333,4040.256,4112.18,4232.949
1739917891.4025,2025-02-18 14:31:31.402,66,false,0.0,4204.744,4295.256,4046.539,4123.205,4227.564
1739917891.4103,2025-02-18 14:31:31.410,67,false,0.0,4210.385,4302.051,4054.231,4137.692,4228.077
1739917891.4181,2025-02-18 14:31:31.418,68,false,0.0,4192.18,4300.256,4045.385,4125.256,4206.923
1739917891.4259,2025-02-18 14:31:31.425,69,false,0.0,4172.692,4292.308,4041.026,4115.128,4184.872
1739917891.4338,2025-02-18 14:31:31.433,70,false,0.0,4157.051,4278.59,4039.359,4110.513,4171.026
1739917891.4416,2025-02-18 14:31:31.441,71,false,0.0,4141.026,4274.744,4037.051,4101.667,4159.103
1739917891.4494,2025-02-18 14:31:31.449,72,false,0.0,4145.769,4288.077,4046.539,4105.0,4161.41
1739917891.4572,2025-02-18 14:31:31.457,73,false,0.0,4153.077,4295.641,4050.256,4112.051,4163.846
1739917891.465,2025-02-18 14:31:31.465,74,false,0.0,4139.615,4295.128,4043.205,4112.564,4148.718
1739917891.4728,2025-02-18 14:31:31.472,75,false,0.0,4131.154,4295.385,4043.205,4118.59,4139.231
1739917891.4806,2025-02-18 14:31:31.480,76,false,0.0,4126.923,4286.41,4036.795,4116.154,4135.641
1739917891.4884,2025-02-18 14:31:31.488,77,false,0.0,4109.359,4276.41,4025.0,4103.205,4118.718
1739917891.4963,2025-02-18 14:31:31.496,78,false,0.0,4098.333,4277.051,4032.179,4103.974,4111.41
1739917891.5041,2025-02-18 14:31:31.504,79,false,0.0,4100.897,4281.539,4035.385,4110.128,4122.949
1739917891.5119,2025-02-18 14:31:31.511,80,false,0.0,4102.051,4291.667,4022.564,4108.077,4121.282
1739917891.5197,2025-02-18 14:31:31.519,81,false,0.0,4100.0,4294.615,4021.41,4108.077,4107.949
1739917891.5275,2025-02-18 14:31:31.527,82,false,0.0,4095.128,4277.436,4022.308,4108.461,4108.461
1739917891.5353,2025-02-18 14:31:31.535,83,false,0.0,4100.769,4276.667,4019.744,4112.82,4121.154
1739917891.5431,2025-02-18 14:31:31.543,84,false,0.0,4118.333,4299.231,4040.256,4123.333,4132.308
1739917891.5509,2025-02-18 14:31:31.550,85,false,0.0,4111.41,4297.18,4057.179,4118.59,4131.026
1739917891.5588,2025-02-18 14:31:31.558,86,false,0.0,4089.744,4279.872,4043.205,4109.359,4118.077
1739917891.5666,2025-02-18 14:31:31.566,87,false,0.0,4097.436,4286.154,4038.205,4121.282,4115.0
1739917891.5744,2025-02-18 14:31:31.574,88,false,0.0,4105.256,4289.103,4042.692,4125.897,4119.872
1739917891.5822,2025-02-18 14:31:31.582,89,false,0.0,4084.359,4271.026,4021.923,4105.128,4108.974
1739917891.59,2025-02-18 14:31:31.590,90,false,0.0,4078.59,4275.769,4012.692,4095.897,4102.436
1739917891.5978,2025-02-18 14:31:31.597,91,false,0.0,4097.949,4310.513,4039.103,4112.18,4122.82
1739917891.6056,2025-02-18 14:31:31.605,92,false,0.0,4104.872,4317.051,4048.333,4127.051,4134.231
1739917891.6134,2025-02-18 14:31:31.613,93,false,0.0,4099.615,4285.256,4028.461,4124.744,4121.154
1739917891.6213,2025-02-18 14:31:31.621,94,false,0.0,4097.949,4276.41,4020.128,4116.539,4118.461
1739917891.6291,2025-02-18 14:31:31.629,95,false,0.0,4098.846,4297.692,4024.359,4117.308,4124.615
1739917891.6369,2025-02-18 14:31:31.636,96,false,0.0,4105.385,4305.256,4029.872,4121.282,4122.308
1739917891.6447,2025-02-18 14:31:31.644,97,false,0.0,4116.154,4312.308,4045.897,4122.308,4132.308
1739917891.6525,2025-02-18 14:31:31.652,98,false,0.0,4117.564,4325.641,4057.179,4127.18,4143.59
1739917891.6603,2025-02-18 14:31:31.660,99,false,0.0,4105.513,4303.718,4044.359,4127.436,4119.615
1739917891.6681,2025-02-18 14:31:31.668,100,false,0.0,4095.769,4280.256,4031.539,4117.18,4091.41
1739917891.6759,2025-02-18 14:31:31.675,101,false,0.0,4104.744,4308.846,4037.564,4116.539,4098.59
1739917891.6838,2025-02-18 14:31:31.683,102,false,0.0,4117.18,4330.513,4042.308,4119.103,4113.077
1739917891.6916,2025-02-18 14:31:31.691,103,false,0.0,4115.769,4312.564,4037.308,4108.718,4116.923
1739917891.6994,2025-02-18 14:31:31.699,104,false,0.0,4120.0,4315.641,4040.385,4111.41,4128.974
1739917891.7072,2025-02-18 14:31:31.707,105,false,0.0,4133.333,4333.974,4053.718,4130.769,4141.41
1739917891.715,2025-02-18 14:31:31.715,106,false,0.0,4129.872,4326.539,4059.359,4133.333,4139.487
1739917891.7228,2025-02-18 14:31:31.722,107,false,0.0,4122.692,4321.667,4052.179,4127.692,4135.513
1739917891.7306,2025-02-18 14:31:31.730,108,false,0.0,4130.769,4323.205,4045.769,4130.128,4136.539
1739917891.7384,2025-02-18 14:31:31.738,109,false,0.0,4131.539,4307.18,4047.692,4124.487,4139.359
1739917891.7463,2025-02-18 14:31:31.746,110,false,0.0,4127.308,4303.333,4051.41,4120.513,4143.461
1739917891.7541,2025-02-18 14:31:31.754,111,false,0.0,4132.82,4311.539,4050.897,4127.949,4140.128
1739917891.7619,2025-02-18 14:31:31.761,112,false,0.0,4125.385,4301.667,4046.667,4123.077,4129.487
1739917891.7697,2025-02-18 14:31:31.769,113,false,0.0,4114.231,4310.385,4043.077,4116.923,4129.359
1739917891.7775,2025-02-18 14:31:31.777,114,false,0.0,4134.615,4343.205,4051.154,4133.077,4141.923
1739917891.7853,2025-02-18 14:31:31.785,115,false,0.0,4153.846,4333.461,4066.539,4143.205,4150.256
1739917891.7931,2025-02-18 14:31:31.793,116,false,0.0,4141.026,4304.872,4066.41,4134.359,4148.59
1739917891.8009,2025-02-18 14:31:31.800,117,false,0.0,4133.461,4323.974,4057.308,4132.692,4147.308
1739917891.8088,2025-02-18 14:31:31.808,118,false,0.0,4138.461,4340.897,4062.564,4136.795,4153.59
1739917891.8166,2025-02-18 14:31:31.816,119,false,0.0,4129.103,4309.231,4066.282,4133.461,4164.487
1739917891.8244,2025-02-18 14:31:31.824,120,false,0.0,4124.872,4293.846,4055.256,4131.154,4179.359
1739917891.8322,2025-02-18 14:31:31.832,121,false,0.0,4136.282,4318.077,4051.795,4130.128,4198.461
1739917891.84,2025-02-18 14:31:31.840,122,false,0.0,4133.333,4323.59,4052.692,4125.385,4213.718
1739917891.8478,2025-02-18 14:31:31.847,123,false,0.0,4121.795,4307.051,4041.154,4123.077,4221.539
1739917891.8556,2025-02-18 14:31:31.855,124,false,0.0,4118.846,4305.128,4032.692,4121.154,4229.231
1739917891.8634,2025-02-18 14:31:31.863,125,false,0.0,4113.974,4309.231,4036.41,4121.795,4240.256
1739917891.8713,2025-02-18 14:31:31.871,126,false,0.0,4117.949,4308.974,4046.41,4134.744,4255.641
1739917891.8791,2025-02-18 14:31:31.879,127,false,0.0,4130.641,4310.256,4057.821,4141.282,4266.41
1739917891.8869,2025-02-18 14:31:31.886,0,false,0.0,4118.59,4305.256,4052.436,4122.308,4257.82
1739917891.8947,2025-02-18 14:31:31.894,1,false,0.0,4106.026,4308.333,4039.103,4108.718,4253.461
1739917891.9025,2025-02-18 14:31:31.902,2,false,0.0,4129.487,4331.923,4052.051,4126.282,4281.154
1739917891.9103,2025-02-18 14:31:31.910,3,false,0.0,4142.308,4334.487,4067.821,4148.59,4302.051
1739917891.9181,2025-02-18 14:31:31.918,4,false,0.0,4123.205,4312.436,4055.897,4149.872,4286.026
1739917891.9259,2025-02-18 14:31:31.925,5,false,0.0,4116.154,4312.82,4046.41,4134.615,4270.513
1739917891.9338,2025-02-18 14:31:31.933,6,false,0.0,4114.359,4312.564,4047.692,4116.539,4269.872
1739917891.9416,2025-02-18 14:31:31.941,7,false,0.0,4107.949,4289.872,4046.282,4118.718,4267.564
1739917891.9494,2025-02-18 14:31:31.949,8,false,0.0,4130.256,4303.846,4062.564,4145.0,4277.051
1739917891.9572,2025-02-18 14:31:31.957,9,false,0.0,4155.256,4343.59,4085.128,4156.667,4295.0
1739917891.965,2025-02-18 14:31:31.965,10,false,0.0,4142.436,4334.487,4077.436,4141.795,4292.949
1739917891.9728,2025-02-18 14:31:31.972,11,false,0.0,4127.692,4310.256,4060.128,4133.846,4280.641
1739917891.9806,2025-02-18 14:31:31.980,12,false,0.0,4131.539,4323.461,4056.667,4135.256,4274.872
1739917891.9884,2025-02-18 14:31:31.988,13,false,0.0,4130.0,4325.897,4052.179,4127.051,4264.872
1739917891.9963,2025-02-18 14:31:31.996,14,false,0.0,4130.0,4302.82,4052.821,4126.41,4258.974
1739917892.0041,2025-02-18 14:31:32.004,15,false,0.0,4143.718,4309.103,4068.077,4143.846,4274.872
1739917892.0119,2025-02-18 14:31:32.011,16,false,0.0,4158.846,4338.846,4077.692,4157.692,4293.077
1739917892.0197,2025-02-18 14:31:32.019,17,false,0.0,4168.718,4344.744,4074.615,4161.026,4292.051
1739917892.0275,2025-02-18 14:31:32.027,18,false,0.0,4168.333,4326.539,4072.564,4162.436,4282.436
1739917892.0353,2025-02-18 14:31:32.035,19,false,0.0,4162.82,4313.846,4076.154,4162.308,4276.026
1739917892.0431,2025-02-18 14:31:32.043,20,false,0.0,4168.718,4325.897,4079.744,4163.077,4268.718
1739917892.0509,2025-02-18 14:31:32.050,21,false,0.0,4172.82,4345.256,4073.461,4160.256,4259.103
1739917892.0588,2025-02-18 14:31:32.058,22,false,0.0,4155.0,4334.744,4058.205,4140.641,4243.974
1739917892.0666,2025-02-18 14:31:32.066,23,false,0.0,4130.385,4304.615,4045.385,4116.667,4215.256
1739917892.0744,2025-02-18 14:31:32.074,24,false,0.0,4118.333,4295.769,4038.59,4112.564,4187.308
1739917892.0822,2025-02-18 14:31:32.082,25,false,0.0,4120.769,4305.385,4038.974,4123.59,4183.333
1739917892.09,2025-02-18 14:31:32.090,26,false,0.0,4136.026,4315.513,4051.539,4132.051,4196.026
1739917892.0978,2025-02-18 14:31:32.097,27,false,0.0,4152.692,4327.949,4068.846,4136.154,4208.333
1739917892.1056,2025-02-18 14:31:32.105,28,false,0.0,4155.513,4329.487,4076.026,4139.231,4216.282
1739917892.1134,2025-02-18 14:31:32.113,29,false,0.0,4150.385,4310.897,4070.513,4138.59,4210.0
1739917892.1213,2025-02-18 14:31:32.121,30,false,0.0,4150.513,4298.718,4058.59,4135.0,4191.795
1739917892.1291,2025-02-18 14:31:32.129,31,false,0.0,4151.795,4310.897,4047.949,4131.795,4184.487
1739917892.1369,2025-02-18 14:31:32.136,32,false,0.0,4150.385,4333.718,4049.744,4134.103,4192.436
1739917892.1447,2025-02-18 14:31:32.144,33,false,0.0,4160.0,4343.205,4071.026,4148.846,4206.026
1739917892.1525,2025-02-18 14:31:32.152,34,false,0.0,4175.256,4327.564,4091.282,4162.692,4212.949
1739917892.1603,2025-02-18 14:31:32.160,35,false,0.0,4168.333,4308.718,4081.026,4152.18,4194.615
1739917892.1681,2025-02-18 14:31:32.168,36,false,0.0,4150.128,4309.872,4060.513,4132.308,4170.769
1739917892.1759,2025-02-18 14:31:32.175,37,false,0.0,4153.974,4317.18,4066.282,4136.667,4182.051
1739917892.1838,2025-02-18 14:31:32.183,38,false,0.0,4166.41,4319.359,4076.923,4152.692,4200.513
1739917892.1916,2025-02-18 14:31:32.191,39,false,0.0,4163.974,4322.051,4066.923,4153.333,4187.18
1739917892.1994,2025-02-18 14:31:32.199,40,false,0.0,4162.82,4319.872,4060.128,4147.82,4170.385
1739917892.2072,2025-02-18 14:31:32.207,41,false,0.0,4167.308,4317.308,4063.461,4144.487,4168.846
1739917892.215,2025-02-18 14:31:32.215,42,false,0.0,4162.18,4323.461,4059.103,4134.872,4163.974
1739917892.2228,2025-02-18 14:31:32.222,43,false,0.0,4157.436,4324.359,4056.923,4127.051,4164.103
1739917892.2306,2025-02-18 14:31:32.230,44,false,0.0,4163.846,4318.461,4067.308,4128.718,4173.974
1739917892.2384,2025-02-18 14:31:32.238,45,false,0.0,4173.077,4322.436,4080.385,4133.077,4176.154
1739917892.2463,2025-02-18 14:31:32.246,46,false,0.0,4180.769,4330.897,4092.308,4141.667,4176.154
1739917892.2541,2025-02-18 14:31:32.254,47,false,0.0,4182.051,4332.564,4095.385,4150.641,4178.077
1739917892.2619,2025-02-18 14:31:32.261,48,false,0.0,4175.256,4327.692,4084.103,4147.692,4171.923
1739917892.2697,2025-02-18 14:31:32.269,49,false,0.0,4173.333,4324.744,4075.0,4141.667,4168.718
1739917892.2775,2025-02-18 14:31:32.277,50,false,0.0,4173.718,4330.897,4077.051,4141.026,4170.256
1739917892.2853,2025-02-18 14:31:32.285,51,false,0.0,4162.564,4326.282,4077.436,4133.461,4158.718
1739917892.2931,2025-02-18 14:31:32.293,52,false,0.0,4152.564,4302.692,4072.179,4124.487,4146.41
1739917892.3009,2025-02-18 14:31:32.300,53,false,0.0,4160.513,4302.436,4070.641,4129.744,4152.18
1739917892.3088,2025-02-18 14:31:32.308,54,false,0.0,4174.103,4330.513,4076.154,4135.897,4164.487
1739917892.3166,2025-02-18 14:31:32.316,55,false,0.0,4178.205,4342.436,4082.821,4132.436,4172.436
1739917892.3244,2025-02-18 14:31:32.324,56,false,0.0,4178.846,4338.461,4085.769,4135.897,4178.333
1739917892.3322,2025-02-18 14:31:32.332,57,false,0.0,4180.128,4328.846,4083.077,4146.154,4180.256
1739917892.34,2025-02-18 14:31:32.340,58,false,0.0,4171.667,4306.41,4071.923,4143.59,4176.154
1739917892.3478,2025-02-18 14:31:32.347,59,false,0.0,4157.308,4308.205,4059.359,4133.59,4172.436
1739917892.3556,2025-02-18 14:31:32.355,60,false,0.0,4152.949,4333.974,4058.59,4133.077,4173.59
1739917892.3634,2025-02-18 14:31:32.363,61,false,0.0,4155.513,4316.923,4064.487,4138.077,4176.923
1739917892.3713,2025-02-18 14:31:32.371,62,false,0.0,4159.615,4284.744,4069.103,4141.923,4182.308
1739917892.3791,2025-02-18 14:31:32.379,63,false,0.0,4170.385,4312.18,4073.333,4140.128,4190.641
1739917892.3869,2025-02-18 14:31:32.386,64,false,0.0,4172.051,4348.59,4065.897,4126.154,4189.103
1739917892.3947,2025-02-18 14:31:32.394,65,false,0.0,4163.461,4338.718,4051.41,4117.564,4181.282
1739917892.4025,2025-02-18 14:31:32.402,66,false,0.0,4173.59,4331.026,4055.641,4132.051,4194.615
1739917892.4103,2025-02-18 14:31:32.410,67,false,0.0,4186.41,4335.897,4062.179,4143.333,4215.128
1739917892.4181,2025-02-18 14:31:32.418,68,false,0.0,4175.641,4321.795,4053.333,4139.359,4214.744
1739917892.4259,2025-02-18 14:31:32.425,69,false,0.0,4177.051,4319.487,4058.461,4148.59,4219.615
1739917892.4338,2025-02-18 14:31:32.433,70,false,0.0,4192.82,4335.641,4068.718,4159.103,4232.051
1739917892.4416,2025-02-18 14:31:32.441,71,false,0.0,4179.231,4319.872,4053.333,4143.974,4215.385
1739917892.4494,2025-02-18 14:31:32.449,72,false,0.0,4163.205,4292.18,4047.821,4136.539,4202.18
1739917892.4572,2025-02-18 14:31:32.457,73,false,0.0,4175.769,4306.795,4064.103,4150.897,4226.282
1739917892.465,2025-02-18 14:31:32.465,74,false,0.0,4179.103,4334.744,4057.692,4149.359,4236.667
1739917892.4728,2025-02-18 14:31:32.472,75,false,0.0,4170.0,4328.974,4042.436,4138.077,4220.641
1739917892.4806,2025-02-18 14:31:32.480,76,false,0.0,4171.539,4307.436,4048.718,4143.846,4220.128
1739917892.4884,2025-02-18 14:31:32.488,77,false,0.0,4165.897,4307.692,4054.359,4146.923,4222.564
1739917892.4963,2025-02-18 14:31:32.496,78,false,0.0,4159.359,4327.692,4059.359,4143.333,4214.231
1739917892.5041,2025-02-18 14:31:32.504,79,false,0.0,4176.154,4335.0,4075.897,4158.846,4224.744
1739917892.5119,2025-02-18 14:31:32.511,80,false,0.0,4193.59,4325.0,4081.026,4180.128,4248.077
1739917892.5197,2025-02-18 14:31:32.519,81,false,0.0,4195.0,4323.205,4077.308,4181.923,4253.205
1739917892.5275,2025-02-18 14:31:32.527,82,false,0.0,4188.59,4319.103,4080.769,4172.436,4238.846
1739917892.5353,2025-02-18 14:31:32.535,83,false,0.0,4175.769,4299.103,4079.615,4165.0,4220.128
1739917892.5431,2025-02-18 14:31:32.543,84,false,0.0,4172.308,4299.231,4080.641,4165.385,4216.539
1739917892.5509,2025-02-18 14:31:32.550,85,false,0.0,4186.282,4326.41,4093.461,4176.154,4228.846
1739917892.5588,2025-02-18 14:31:32.558,86,false,0.0,4195.256,4341.154,4098.59,4182.82,4232.692
1739917892.5666,2025-02-18 14:31:32.566,87,false,0.0,4188.846,4337.436,4092.564,4168.846,4222.436
1739917892.5744,2025-02-18 14:31:32.574,88,false,0.0,4177.436,4326.282,4084.103,4147.564,4209.231
1739917892.5822,2025-02-18 14:31:32.582,89,false,0.0,4175.897,4313.077,4073.59,4143.718,4198.205
1739917892.59,2025-02-18 14:31:32.590,90,false,0.0,4193.846,4314.872,4074.615,4156.41,4199.615
1739917892.5978,2025-02-18 14:31:32.597,91,false,0.0,4207.051,4326.282,4084.231,4166.026,4212.564
1739917892.6056,2025-02-18 14:31:32.605,92,false,0.0,4198.59,4330.641,4080.513,4166.539,4218.846
1739917892.6134,2025-02-18 14:31:32.613,93,false,0.0,4192.692,4330.897,4072.436,4163.461,4213.718
1739917892.6213,2025-02-18 14:31:32.621,94,false,0.0,4193.846,4321.41,4073.846,4159.872,4202.949
1739917892.6291,2025-02-18 14:31:32.629,95,false,0.0,4189.744,4310.897,4079.231,4160.128,4193.846
1739917892.6369,2025-02-18 14:31:32.636,96,false,0.0,4187.564,4322.949,4085.0,4156.795,4190.641
1739917892.6447,2025-02-18 14:31:32.644,97,false,0.0,4180.641,4332.051,4082.692,4140.769,4181.795
1739917892.6525,2025-02-18 14:31:32.652,98,false,0.0,4170.128,4321.41,4077.692,4135.641,4172.051
1739917892.6603,2025-02-18 14:31:32.660,99,false,0.0,4183.718,4324.872,4090.641,4155.897,4182.051
1739917892.6681,2025-02-18 14:31:32.668,100,false,0.0,4205.513,4337.692,4099.487,4168.461,4190.897
1739917892.6759,2025-02-18 14:31:32.675,101,false,0.0,4200.385,4337.949,4081.154,4156.539,4170.513
1739917892.6838,2025-02-18 14:31:32.683,102,false,0.0,4184.359,4346.795,4073.461,4147.051,4144.103
1739917892.6916,2025-02-18 14:31:32.691,103,false,0.0,4177.051,4356.539,4088.077,4150.897,4131.026
1739917892.6994,2025-02-18 14:31:32.699,104,false,0.0,4170.0,4340.641,4080.897,4147.692,4113.461
1739917892.7072,2025-02-18 14:31:32.707,105,false,0.0,4155.769,4326.795,4055.128,4131.795,4085.769
1739917892.715,2025-02-18 14:31:32.715,106,false,0.0,4136.795,4336.539,4048.59,4125.0,4065.897
1739917892.7228,2025-02-18 14:31:32.722,107,false,0.0,4122.564,4340.256,4048.59,4132.564,4057.051
1739917892.7306,2025-02-18 14:31:32.730,108,false,0.0,4111.41,4325.128,4031.923,4130.769,4040.897
1739917892.7384,2025-02-18 14:31:32.738,109,false,0.0,4097.436,4317.82,4023.333,4121.667,4016.667
1739917892.7463,2025-02-18 14:31:32.746,110,false,0.0,4089.615,4323.718,4035.128,4126.026,3999.615
1739917892.7541,2025-02-18 14:31:32.754,111,false,0.0,4075.256,4316.923,4033.461,4124.231,3974.359
1739917892.7619,2025-02-18 14:31:32.761,112,false,0.0,4041.539,4310.128,4017.949,4108.718,3938.59
1739917892.7697,2025-02-18 14:31:32.769,113,false,0.0,4025.641,4331.282,4021.282,4108.974,3925.128
1739917892.7775,2025-02-18 14:31:32.777,114,false,0.0,4021.795,4338.461,4028.461,4109.615,3913.846
1739917892.7853,2025-02-18 14:31:32.785,115,false,0.0,3987.179,4306.795,4021.282,4091.282,3876.026
1739917892.7931,2025-02-18 14:31:32.793,116,false,0.0,3964.744,4301.539,4028.846,4095.0,3861.795
1739917892.8009,2025-02-18 14:31:32.800,117,false,0.0,3978.59,4330.769,4043.077,4121.282,3876.026
1739917892.8088,2025-02-18 14:31:32.808,118,false,0.0,3963.59,4325.769,4028.59,4121.667,3854.487
1739917892.8166,2025-02-18 14:31:32.816,119,false,0.0,3934.615,4301.41,4015.0,4110.385,3824.231
1739917892.8244,2025-02-18 14:31:32.824,120,false,0.0,3946.667,4306.667,4031.41,4118.205,3836.539
1739917892.8322,2025-02-18 14:31:32.832,121,false,0.0,3952.051,4311.282,4041.539,4125.128,3848.077
1739917892.84,2025-02-18 14:31:32.840,122,false,0.0,3930.513,4297.051,4025.256,4122.949,3835.513
1739917892.8478,2025-02-18 14:31:32.847,123,false,0.0,3928.846,4298.846,4007.436,4124.103,3831.539
1739917892.8556,2025-02-18 14:31:32.855,124,false,0.0,3930.641,4315.513,4003.333,4122.051,3830.0
1739917892.8634,2025-02-18 14:31:32.863,125,false,0.0,3918.718,4320.385,4010.256,4116.539,3819.487
1739917892.8713,2025-02-18 14:31:32.871,126,false,0.0,3922.179,4315.128,4019.487,4118.205,3815.641
1739917892.8791,2025-02-18 14:31:32.879,127,false,0.0,3924.615,4312.308,4023.333,4124.103,3816.41
1739917892.8869,2025-02-18 14:31:32.886,0,false,0.0,3910.385,4317.308,4026.026,4125.128,3818.077
1739917892.8947,2025-02-18 14:31:32.894,1,false,0.0,3909.231,4321.539,4028.077,4118.205,3821.923
1739917892.9025,2025-02-18 14:31:32.902,2,false,0.0,3912.179,4306.923,4023.718,4110.769,3817.051
1739917892.9103,2025-02-18 14:31:32.910,3,false,0.0,3902.051,4288.461,4022.308,4115.513,3814.103
1739917892.9181,2025-02-18 14:31:32.918,4,false,0.0,3907.949,4302.692,4034.487,4128.59,3834.359
1739917892.9259,2025-02-18 14:31:32.925,5,false,0.0,3930.513,4330.897,4049.487,4135.0,3860.641
1739917892.9338,2025-02-18 14:31:32.933,6,false,0.0,3941.539,4328.718,4055.256,4133.974,3873.461
1739917892.9416,2025-02-18 14:31:32.941,7,false,0.0,3947.564,4313.333,4054.615,4135.513,3886.539
1739917892.9494,2025-02-18 14:31:32.949,8,false,0.0,3952.308,4315.0,4047.949,4139.744,3897.692
1739917892.9572,2025-02-18 14:31:32.957,9,false,0.0,3946.41,4320.385,4036.026,4135.641,3889.615
1739917892.965,2025-02-18 14:31:32.965,10,false,0.0,3948.077,4325.513,4035.897,4127.436,3884.872
1739917892.9728,2025-02-18 14:31:32.972,11,false,0.0,3958.718,4329.487,4046.41,4130.641,3899.872
1739917892.9806,2025-02-18 14:31:32.980,12,false,0.0,3948.077,4310.769,4037.564,4130.0,3899.744
1739917892.9884,2025-02-18 14:31:32.988,13,false,0.0,3931.539,4288.461,4017.564,4115.385,3885.513
1739917892.9963,2025-02-18 14:31:32.996,14,false,0.0,3946.667,4296.41,4020.385,4116.667,3898.974
1739917893.0041,2025-02-18 14:31:33.004,15,false,0.0,3968.59,4309.487,4029.744,4130.513,3915.513
1739917893.0119,2025-02-18 14:31:33.011,16,false,0.0,3966.923,4310.128,4026.154,4124.615,3904.872
1739917893.0197,2025-02-18 14:31:33.019,17,false,0.0,3966.282,4318.718,4028.846,4120.256,3909.744
1739917893.0275,2025-02-18 14:31:33.027,18,false,0.0,3976.282,4325.641,4030.513,4133.205,3932.308
1739917893.0353,2025-02-18 14:31:33.035,19,false,0.0,3975.256,4318.077,4018.077,4134.103,3926.795
1739917893.0431,2025-02-18 14:31:33.043,20,false,0.0,3972.564,4315.256,4016.667,4131.026,3916.026
1739917893.0509,2025-02-18 14:31:33.050,21,false,0.0,3979.872,4312.692,4023.461,4139.744,3925.256
1739917893.0588,2025-02-18 14:31:33.058,22,false,0.0,3979.872,4300.769,4018.718,4135.641,3927.051
1739917893.0666,2025-02-18 14:31:33.066,23,false,0.0,3973.846,4301.282,4018.974,4121.667,3924.872
1739917893.0744,2025-02-18 14:31:33.074,24,false,0.0,3974.744,4311.026,4023.205,4118.333,3933.59
1739917893.0822,2025-02-18 14:31:33.082,25,false,0.0,3981.41,4311.795,4020.0,4122.18,3941.795
1739917893.09,2025-02-18 14:31:33.090,26,false,0.0,4001.539,4325.256,4034.872,4137.051,3956.795
1739917893.0978,2025-02-18 14:31:33.097,27,false,0.0,4024.872,4349.103,4058.333,4148.077,3972.692
1739917893.1056,2025-02-18 14:31:33.105,28,false,0.0,4018.077,4340.385,4049.615,4128.077,3962.949
1739917893.1134,2025-02-18 14:31:33.113,29,false,0.0,4000.641,4320.0,4035.128,4111.154,3948.974
1739917893.1213,2025-02-18 14:31:33.121,30,false,0.0,4012.564,4335.256,4051.923,4126.282,3962.051
1739917893.1291,2025-02-18 14:31:33.129,31,false,0.0,4035.513,4347.949,4066.539,4136.026,3992.564
1739917893.1369,2025-02-18 14:31:33.136,32,false,0.0,4059.359,4326.539,4056.41,4132.18,4034.231
1739917893.1447,2025-02-18 14:31:33.144,33,false,0.0,4112.949,4323.718,4055.769,4144.103,4088.205
1739917893.1525,2025-02-18 14:31:33.152,34,false,0.0,4177.692,4348.974,4077.308,4164.231,4146.795
1739917893.1603,2025-02-18 14:31:33.160,35,false,0.0,4217.564,4348.59,4092.821,4172.18,4207.949
1739917893.1681,2025-02-18 14:31:33.168,36,false,0.0,4251.539,4329.744,4090.769,4167.18,4260.385
1739917893.1759,2025-02-18 14:31:33.175,37,false,0.0,4298.333,4329.231,4088.461,4161.41,4301.795
1739917893.1838,2025-02-18 14:31:33.183,38,false,0.0,4344.359,4337.949,4093.59,4168.333,4353.333
1739917893.1916,2025-02-18 14:31:33.191,39,false,0.0,4387.692,4345.897,4096.667,4173.59,4408.718
1739917893.1994,2025-02-18 14:31:33.199,40,false,0.0,4426.795,4350.0,4095.641,4164.615,4446.923
1739917893.2072,2025-02-18 14:31:33.207,41,false,0.0,4458.077,4340.513,4096.923,4168.461,4482.82
1739917893.215,2025-02-18 14:31:33.215,42,false,0.0,4493.974,4334.872,4104.103,4186.282,4521.795
1739917893.2228,2025-02-18 14:31:33.222,43,false,0.0,4525.0,4341.154,4113.461,4184.872,4545.385
1739917893.2306,2025-02-18 14:31:33.230,44,false,0.0,4528.718,4338.333,4114.744,4175.769,4559.615
1739917893.2384,2025-02-18 14:31:33.238,45,false,0.0,4528.846,4344.744,4106.154,4183.59,4573.59
1739917893.2463,2025-02-18 14:31:33.246,46,false,0.0,4543.077,4367.82,4100.256,4190.641,4576.795
1739917893.2541,2025-02-18 14:31:33.254,47,false,0.0,4540.128,4355.256,4101.282,4184.744,4573.077
1739917893.2619,2025-02-18 14:31:33.261,48,false,0.0,4523.59,4323.461,4109.487,4184.231,4579.744
1739917893.2697,2025-02-18 14:31:33.269,49,false,0.0,4532.692,4339.359,4124.744,4201.026,4594.615
1739917893.2775,2025-02-18 14:31:33.277,50,false,0.0,4548.077,4363.333,4126.795,4218.077,4597.18
1739917893.2853,2025-02-18 14:31:33.285,51,false,0.0,4531.154,4343.974,4108.59,4210.897,4579.615
1739917893.2931,2025-02-18 14:31:33.293,52,false,0.0,4506.026,4333.718,4101.539,4197.051,4562.308
1739917893.3009,2025-02-18 14:31:33.300,53,false,0.0,4500.513,4348.333,4108.333,4204.615,4555.385
1739917893.3088,2025-02-18 14:31:33.308,54,false,0.0,4495.256,4340.769,4098.718,4206.154,4540.897
1739917893.3166,2025-02-18 14:31:33.316,55,false,0.0,4478.077,4328.461,4084.744,4186.026,4524.487
1739917893.3244,2025-02-18 14:31:33.324,56,false,0.0,4465.128,4338.718,4090.769,4186.282,4526.667
1739917893.3322,2025-02-18 14:31:33.332,57,false,0.0,4460.513,4346.154,4101.41,4208.333,4527.18
1739917893.34,2025-02-18 14:31:33.340,58,false,0.0,4453.205,4346.539,4105.897,4213.846,4508.718
1739917893.3478,2025-02-18 14:31:33.347,59,false,0.0,4433.846,4340.769,4107.051,4207.949,4490.769
1739917893.3556,2025-02-18 14:31:33.355,60,false,0.0,4405.128,4315.128,4097.692,4203.59,4473.974
1739917893.3634,2025-02-18 14:31:33.363,61,false,0.0,4385.897,4310.513,4090.0,4194.872,4451.539
1739917893.3713,2025-02-18 14:31:33.371,62,false,0.0,4382.82,4345.769,4099.103,4193.333,4443.077
1739917893.3791,2025-02-18 14:31:33.379,63,false,0.0,4377.949,4350.513,4108.846,4201.154,4448.333
1739917893.3869,2025-02-18 14:31:33.386,64,false,0.0,4370.0,4324.744,4110.128,4203.718,4443.974
1739917893.3947,2025-02-18 14:31:33.394,65,false,0.0,4367.564,4340.0,4111.282,4204.615,4427.82
1739917893.4025,2025-02-18 14:31:33.402,66,false,0.0,4357.18,4358.461,4108.718,4202.051,4408.077
1739917893.4103,2025-02-18 14:31:33.410,67,false,0.0,4338.461,4325.256,4104.231,4190.641,4393.205
1739917893.4181,2025-02-18 14:31:33.418,68,false,0.0,4328.59,4304.103,4104.103,4187.949,4386.795
1739917893.4259,2025-02-18 14:31:33.425,69,false,0.0,4318.974,4322.308,4102.82,4193.59,4373.333
1739917893.4338,2025-02-18 14:31:33.433,70,false,0.0,4301.539,4325.0,4101.923,4187.051,4353.333
1739917893.4416,2025-02-18 14:31:33.441,71,false,0.0,4289.872,4315.256,4099.872,4176.539,4344.487
1739917893.4494,2025-02-18 14:31:33.449,72,false,0.0,4282.564,4317.18,4087.692,4174.359,4337.692
1739917893.4572,2025-02-18 14:31:33.457,73,false,0.0,4276.154,4316.154,4081.026,4174.231,4329.744
1739917893.465,2025-02-18 14:31:33.465,74,false,0.0,4278.59,4322.18,4087.308,4175.385,4336.923
1739917893.4728,2025-02-18 14:31:33.472,75,false,0.0,4277.692,4330.897,4081.026,4174.487,4341.282
1739917893.4806,2025-02-18 14:31:33.480,76,false,0.0,4268.59,4315.0,4069.103,4171.667,4326.539
1739917893.4884,2025-02-18 14:31:33.488,77,false,0.0,4271.154,4309.487,4083.077,4183.333,4324.615
1739917893.4963,2025-02-18 14:31:33.496,78,false,0.0,4281.026,4329.872,4106.667,4203.333,4343.333
1739917893.5041,2025-02-18 14:31:33.504,79,false,0.0,4280.897,4325.641,4108.205,4206.539,4350.256
1739917893.5119,2025-02-18 14:31:33.511,80,false,0.0,4276.795,4315.769,4097.564,4200.256,4339.487
1739917893.5197,2025-02-18 14:31:33.519,81,false,0.0,4273.59,4341.923,4096.923,4197.18,4326.923
1739917893.5275,2025-02-18 14:31:33.527,82,false,0.0,4268.077,4354.231,4103.205,4185.385,4320.385
1739917893.5353,2025-02-18 14:31:33.535,83,false,0.0,4264.615,4334.103,4100.641,4171.795,4321.539
1739917893.5431,2025-02-18 14:31:33.543,84,false,0.0,4262.051,4322.308,4089.615,4177.436,4321.667
1739917893.5509,2025-02-18 14:31:33.550,85,false,0.0,4258.077,4311.026,4086.154,4191.41,4315.0
1739917893.5588,2025-02-18 14:31:33.558,86,false,0.0,4256.026,4304.487,4090.513,4198.59,4312.692
1739917893.5666,2025-02-18 14:31:33.566,87,false,0.0,4252.949,4327.564,4088.205,4204.103,4316.41
1739917893.5744,2025-02-18 14:31:33.574,88,false,0.0,4245.128,4335.128,4077.179,4201.41,4311.154
1739917893.5822,2025-02-18 14:31:33.582,89,false,0.0,4240.513,4314.487,4069.359,4186.154,4297.82
1739917893.59,2025-02-18 14:31:33.590,90,false,0.0,4248.974,4324.615,4081.41,4183.846,4300.0
1739917893.5978,2025-02-18 14:31:33.597,91,false,0.0,4262.308,4341.282,4106.282,4201.282,4317.82
1739917893.6056,2025-02-18 14:31:33.605,92,false,0.0,4257.564,4316.41,4106.539,4204.359,4314.359
1739917893.6134,2025-02-18 14:31:33.613,93,false,0.0,4241.41,4304.615,4087.564,4185.769,4290.897
1739917893.6213,2025-02-18 14:31:33.621,94,false,0.0,4243.077,4330.385,4092.564,4179.359,4293.205
1739917893.6291,2025-02-18 14:31:33.629,95,false,0.0,4249.103,4337.436,4104.487,4191.923,4311.154
1739917893.6369,2025-02-18 14:31:33.636,96,false,0.0,4239.744,4325.897,4096.41,4198.974,4307.308
1739917893.6447,2025-02-18 14:31:33.644,97,false,0.0,4243.59,4330.769,4105.897,4198.205,4307.051
1739917893.6525,2025-02-18 14:31:33.652,98,false,0.0,4258.718,4333.205,4129.231,4201.41,4320.641
1739917893.6603,2025-02-18 14:31:33.660,99,false,0.0,4247.436,4321.539,4116.41,4202.051,4309.103
1739917893.6681,2025-02-18 14:31:33.668,100,false,0.0,4233.461,4321.41,4094.744,4195.513,4293.077
1739917893.6759,2025-02-18 14:31:33.675,101,false,0.0,4244.744,4332.436,4105.256,4192.308,4310.513
1739917893.6838,2025-02-18 14:31:33.683,102,false,0.0,4248.974,4334.744,4115.128,4196.282,4328.205
1739917893.6916,2025-02-18 14:31:33.691,103,false,0.0,4243.718,4328.846,4111.154,4202.051,4324.744
1739917893.6994,2025-02-18 14:31:33.699,104,false,0.0,4254.103,4326.667,4117.564,4203.333,4326.026
1739917893.7072,2025-02-18 14:31:33.707,105,false,0.0,4260.0,4331.282,4124.744,4197.949,4335.0
1739917893.715,2025-02-18 14:31:33.715,106,false,0.0,4247.308,4339.103,4118.205,4189.615,4339.103
1739917893.7228,2025-02-18 14:31:33.722,107,false,0.0,4235.128,4343.333,4107.308,4180.513,4336.41
1739917893.7306,2025-02-18 14:31:33.730,108,false,0.0,4228.461,4341.026,4101.282,4173.461,4330.256
1739917893.7384,2025-02-18 14:31:33.738,109,false,0.0,4230.0,4338.205,4109.231,4176.539,4338.461
1739917893.7463,2025-02-18 14:31:33.746,110,false,0.0,4235.641,4337.051,4119.359,4185.641,4357.949
1739917893.7541,2025-02-18 14:31:33.754,111,false,0.0,4224.487,4330.897,4104.487,4183.846,4358.205
1739917893.7619,2025-02-18 14:31:33.761,112,false,0.0,4215.0,4326.795,4085.769,4177.18,4352.18
1739917893.7697,2025-02-18 14:31:33.769,113,false,0.0,4237.692,4343.333,4098.974,4189.359,4376.026
1739917893.7775,2025-02-18 14:31:33.777,114,false,0.0,4263.718,4365.513,4121.795,4212.051,4408.718
1739917893.7853,2025-02-18 14:31:33.785,115,false,0.0,4262.18,4361.026,4123.59,4215.513,4414.359
1739917893.7931,2025-02-18 14:31:33.793,116,false,0.0,4252.436,4347.949,4113.974,4202.564,4400.641
1739917893.8009,2025-02-18 14:31:33.800,117,false,0.0,4246.282,4355.769,4105.385,4193.718,4385.385
1739917893.8088,2025-02-18 14:31:33.808,118,false,0.0,4233.59,4357.051,4099.231,4182.308,4371.539
1739917893.8166,2025-02-18 14:31:33.816,119,false,0.0,4226.026,4339.487,4099.103,4165.897,4366.282
1739917893.8244,2025-02-18 14:31:33.824,120,false,0.0,4243.333,4347.436,4107.18,4171.539,4384.872
1739917893.8322,2025-02-18 14:31:33.832,121,false,0.0,4275.128,4381.795,4121.41,4198.077,4423.333
1739917893.84,2025-02-18 14:31:33.840,122,false,0.0,4291.539,4387.564,4134.231,4210.769,4449.103
1739917893.8478,2025-02-18 14:31:33.847,123,false,0.0,4285.256,4365.128,4137.308,4209.231,4445.385
1739917893.8556,2025-02-18 14:31:33.855,124,false,0.0,4279.359,4363.718,4135.256,4212.18,4436.154
1739917893.8634,2025-02-18 14:31:33.863,125,false,0.0,4280.897,4373.205,4132.949,4210.128,4432.308
1739917893.8713,2025-02-18 14:31:33.871,126,false,0.0,4268.718,4345.0,4126.282,4202.436,4417.18
1739917893.8791,2025-02-18 14:31:33.879,127,false,0.0,4250.128,4311.923,4118.718,4209.487,4403.077
1739917893.8869,2025-02-18 14:31:33.886,0,false,0.0,4250.256,4330.513,4111.539,4216.282,4406.667
1739917893.8947,2025-02-18 14:31:33.894,1,false,0.0,4246.795,4345.0,4095.128,4195.897,4398.077
1739917893.9025,2025-02-18 14:31:33.902,2,false,0.0,4226.154,4310.128,4082.949,4178.205,4374.487
1739917893.9103,2025-02-18 14:31:33.910,3,false,0.0,4233.077,4308.718,4096.539,4196.026,4380.513
1739917893.9181,2025-02-18 14:31:33.918,4,false,0.0,4260.641,4353.846,4112.051,4211.795,4395.897
1739917893.9259,2025-02-18 14:31:33.925,5,false,0.0,4245.0,4350.513,4101.026,4190.256,4369.103
1739917893.9338,2025-02-18 14:31:33.933,6,false,0.0,4208.974,4318.205,4087.308,4169.103,4335.641
1739917893.9416,2025-02-18 14:31:33.941,7,false,0.0,4208.974,4325.897,4092.821,4177.949,4334.615
1739917893.9494,2025-02-18 14:31:33.949,8,false,0.0,4218.718,4339.359,4104.103,4188.718,4333.077
1739917893.9572,2025-02-18 14:31:33.957,9,false,0.0,4218.59,4345.128,4118.077,4189.615,4329.103
1739917893.965,2025-02-18 14:31:33.965,10,false,0.0,4232.564,4361.282,4133.974,4195.256,4344.231
1739917893.9728,2025-02-18 14:31:33.972,11,false,0.0,4241.026,4347.436,4134.744,4197.564,4345.256
1739917893.9806,2025-02-18 14:31:33.980,12,false,0.0,4226.539,4315.256,4125.897,4194.103,4322.308
1739917893.9884,2025-02-18 14:31:33.988,13,false,0.0,4218.59,4326.154,4126.795,4201.41,4314.359
1739917893.9963,2025-02-18 14:31:33.996,14,false,0.0,4224.359,4356.667,4132.949,4212.82,4320.128
1739917894.0041,2025-02-18 14:31:34.004,15,false,0.0,4228.333,4365.769,4137.82,4211.795,4317.82
1739917894.0119,2025-02-18 14:31:34.011,16,false,0.0,4225.513,4356.667,4140.128,4204.744,4309.231
1739917894.0197,2025-02-18 14:31:34.019,17,false,0.0,4208.846,4333.205,4127.82,4198.846,4291.41
1739917894.0275,2025-02-18 14:31:34.027,18,false,0.0,4192.692,4324.231,4106.282,4191.923,4270.641
1739917894.0353,2025-02-18 14:31:34.035,19,false,0.0,4199.231,4342.949,4096.923,4186.282,4268.974
1739917894.0431,2025-02-18 14:31:34.043,20,false,0.0,4213.205,4348.974,4100.769,4189.359,4284.103
1739917894.0509,2025-02-18 14:31:34.050,21,false,0.0,4222.82,4351.282,4105.256,4202.18,4298.461
1739917894.0588,2025-02-18 14:31:34.058,22,false,0.0,4231.154,4368.718,4101.154,4207.436,4297.692
1739917894.0666,2025-02-18 14:31:34.066,23,false,0.0,4224.872,4352.051,4089.231,4193.718,4279.744
1739917894.0744,2025-02-18 14:31:34.074,24,false,0.0,4216.154,4317.692,4087.949,4186.667,4274.103
1739917894.0822,2025-02-18 14:31:34.082,25,false,0.0,4228.077,4329.487,4097.436,4200.128,4287.692
1739917894.09,2025-02-18 14:31:34.090,26,false,0.0,4230.769,4344.359,4092.308,4203.974,4279.487
1739917894.0978,2025-02-18 14:31:34.097,27,false,0.0,4210.897,4327.436,4083.077,4192.18,4255.897
1739917894.1056,2025-02-18 14:31:34.105,28,false,0.0,4207.308,4327.308,4091.026,4189.487,4260.128
1739917894.1134,2025-02-18 14:31:34.113,29,false,0.0,4218.205,4336.41,4089.744,4188.718,4270.769
1739917894.1213,2025-02-18 14:31:34.121,30,false,0.0,4216.795,4326.154,4071.923,4179.615,4259.231
1739917894.1291,2025-02-18 14:31:34.129,31,false,0.0,4218.333,4327.18,4071.923,4179.359,4252.949
1739917894.1369,2025-02-18 14:31:34.136,32,false,0.0,4228.59,4342.82,4085.769,4185.513,4261.026
1739917894.1447,2025-02-18 14:31:34.144,33,false,0.0,4227.692,4350.128,4086.923,4184.615,4263.205
1739917894.1525,2025-02-18 14:31:34.152,34,false,0.0,4216.539,4348.846,4075.641,4179.615,4257.051
1739917894.1603,2025-02-18 14:31:34.160,35,false,0.0,4210.0,4333.974,4060.769,4172.308,4245.641
1739917894.1681,2025-02-18 14:31:34.168,36,false,0.0,4215.897,4322.436,4061.026,4171.41,4237.82
1739917894.1759,2025-02-18 14:31:34.175,37,false,0.0,4226.539,4332.692,4078.077,4179.103,4241.154
1739917894.1838,2025-02-18 14:31:34.183,38,false,0.0,4221.41,4332.308,4077.436,4174.359,4239.103
1739917894.1916,2025-02-18 14:31:34.191,39,false,0.0,4211.795,4326.923,4065.897,4167.051,4232.051
1739917894.1994,2025-02-18 14:31:34.199,40,false,0.0,4222.692,4349.744,4080.513,4180.385,4237.18
1739917894.2072,2025-02-18 14:31:34.207,41,false,0.0,4231.41,4360.769,4098.974,4187.051,4236.667
1739917894.215,2025-02-18 14:31:34.215,42,false,0.0,4216.923,4341.795,4096.539,4175.769,4221.923
1739917894.2228,2025-02-18 14:31:34.222,43,false,0.0,4209.359,4338.718,4092.949,4176.026,4218.846
1739917894.2306,2025-02-18 14:31:34.230,44,false,0.0,4221.026,4345.385,4089.487,4181.282,4225.128
1739917894.2384,2025-02-18 14:31:34.238,45,false,0.0,4222.82,4343.333,4083.461,4175.128,4219.359
1739917894.2463,2025-02-18 14:31:34.246,46,false,0.0,4206.667,4348.205,4086.795,4172.692,4207.18
1739917894.2541,2025-02-18 14:31:34.254,47,false,0.0,4200.641,4346.282,4090.513,4177.436,4205.769
1739917894.2619,2025-02-18 14:31:34.261,48,false,0.0,4217.18,4337.82,4087.949,4185.641,4217.949
1739917894.2697,2025-02-18 14:31:34.269,49,false,0.0,4225.385,4341.923,4083.974,4192.051,4220.897
1739917894.2775,2025-02-18 14:31:34.277,50,false,0.0,4210.897,4336.41,4073.846,4179.615,4200.513
1739917894.2853,2025-02-18 14:31:34.285,51,false,0.0,4204.744,4329.359,4071.282,4161.795,4188.59
1739917894.2931,2025-02-18 14:31:34.293,52,false,0.0,4208.077,4348.59,4082.564,4160.0,4198.077
1739917894.3009,2025-02-18 14:31:34.300,53,false,0.0,4200.897,4350.128,4084.744,4159.487,4197.949
1739917894.3088,2025-02-18 14:31:34.308,54,false,0.0,4203.974,4321.923,4085.641,4159.615,4193.974
1739917894.3166,2025-02-18 14:31:34.316,55,false,0.0,4215.256,4324.103,4098.59,4169.103,4202.82
1739917894.3244,2025-02-18 14:31:34.324,56,false,0.0,4201.923,4348.461,4102.051,4168.333,4203.461
1739917894.3322,2025-02-18 14:31:34.332,57,false,0.0,4189.359,4346.026,4100.0,4163.974,4196.41
1739917894.34,2025-02-18 14:31:34.340,58,false,0.0,4197.692,4332.18,4102.692,4172.18,4194.615
1739917894.3478,2025-02-18 14:31:34.347,59,false,0.0,4193.974,4333.205,4091.923,4168.974,4183.59
1739917894.3556,2025-02-18 14:31:34.355,60,false,0.0,4190.256,4338.077,4085.0,4157.564,4176.667
1739917894.3634,2025-02-18 14:31:34.363,61,false,0.0,4208.461,4337.051,4100.385,4164.872,4195.0
1739917894.3713,2025-02-18 14:31:34.371,62,false,0.0,4209.103,4334.487,4098.974,4169.615,4205.0
1739917894.3791,2025-02-18 14:31:34.379,63,false,0.0,4190.897,4336.923,4078.461,4161.154,4192.18
1739917894.3869,2025-02-18 14:31:34.386,64,false,0.0,4199.103,4345.769,4079.103,4166.795,4194.231
1739917894.3947,2025-02-18 14:31:34.394,65,false,0.0,4216.539,4353.718,4084.615,4173.974,4208.846
1739917894.4025,2025-02-18 14:31:34.402,66,false,0.0,4209.359,4355.385,4071.795,4160.256,4204.231
1739917894.4103,2025-02-18 14:31:34.410,67,false,0.0,4200.513,4358.974,4068.333,4154.872,4198.59
1739917894.4181,2025-02-18 14:31:34.418,68,false,0.0,4208.974,4364.615,4077.179,4169.615,4213.59
1739917894.4259,2025-02-18 14:31:34.425,69,false,0.0,4217.308,4356.154,4072.692,4173.718,4221.41
1739917894.4338,2025-02-18 14:31:34.433,70,false,0.0,4218.077,4344.487,4067.692,4168.077,4212.308
1739917894.4416,2025-02-18 14:31:34.441,71,false,0.0,4219.359,4353.461,4078.974,4174.744,4212.949
1739917894.4494,2025-02-18 14:31:34.449,72,false,0.0,4219.744,4360.513,4088.59,4180.256,4220.128
1739917894.4572,2025-02-18 14:31:34.457,73,false,0.0,4216.539,4347.18,4088.333,4178.205,4220.769
1739917894.465,2025-02-18 14:31:34.465,74,false,0.0,4217.18,4341.282,4087.179,4185.769,4229.103
1739917894.4728,2025-02-18 14:31:34.472,75,false,0.0,4221.667,4345.128,4083.461,4191.667,4237.949
1739917894.4806,2025-02-18 14:31:34.480,76,false,0.0,4222.82,4347.82,4080.897,4184.487,4235.513
1739917894.4884,2025-02-18 14:31:34.488,77,false,0.0,4221.795,4363.461,4083.974,4186.154,4242.18
1739917894.4963,2025-02-18 14:31:34.496,78,false,0.0,4218.718,4370.897,4081.154,4192.564,4254.744
1739917894.5041,2025-02-18 14:31:34.504,79,false,0.0,4215.641,4348.461,4074.872,4184.359,4257.051
1739917894.5119,2025-02-18 14:31:34.511,80,false,0.0,4218.718,4336.667,4074.744,4176.282,4266.282
1739917894.5197,2025-02-18 14:31:34.519,81,false,0.0,4216.667,4350.256,4071.923,4172.436,4278.718
1739917894.5275,2025-02-18 14:31:34.527,82,false,0.0,4207.051,4358.59,4073.461,4164.359,4278.461
1739917894.5353,2025-02-18 14:31:34.535,83,false,0.0,4208.846,4355.769,4088.077,4165.385,4285.385
1739917894.5431,2025-02-18 14:31:34.543,84,false,0.0,4206.923,4341.41,4084.231,4165.769,4295.513
1739917894.5509,2025-02-18 14:31:34.550,85,false,0.0,4188.59,4323.846,4063.461,4153.718,4295.385
1739917894.5588,2025-02-18 14:31:34.558,86,false,0.0,4194.359,4333.205,4071.795,4160.256,4319.359
1739917894.5666,2025-02-18 14:31:34.566,87,false,0.0,4220.897,4352.308,4092.179,4177.692,4357.18
1739917894.5744,2025-02-18 14:31:34.574,88,false,0.0,4215.385,4346.539,4088.846,4166.539,4359.615
1739917894.5822,2025-02-18 14:31:34.582,89,false,0.0,4197.436,4342.564,4088.59,4155.256,4357.051
1739917894.59,2025-02-18 14:31:34.590,90,false,0.0,4204.359,4357.436,4097.051,4169.231,4379.615
1739917894.5978,2025-02-18 14:31:34.597,91,false,0.0,4208.846,4360.256,4085.641,4172.436,4387.308
1739917894.6056,2025-02-18 14:31:34.605,92,false,0.0,4201.154,4352.308,4073.461,4160.897,4378.333
1739917894.6134,2025-02-18 14:31:34.613,93,false,0.0,4200.513,4354.744,4075.128,4158.974,4384.872
1739917894.6213,2025-02-18 14:31:34.621,94,false,0.0,4200.128,4360.513,4067.949,4159.359,4394.103
1739917894.6291,2025-02-18 14:31:34.629,95,false,0.0,4198.974,4362.949,4061.154,4157.82,4395.769
1739917894.6369,2025-02-18 14:31:34.636,96,false,0.0,4200.513,4357.82,4069.487,4156.282,4401.923
1739917894.6447,2025-02-18 14:31:34.644,97,false,0.0,4200.0,4344.231,4076.41,4150.769,4414.487
1739917894.6525,2025-02-18 14:31:34.652,98,false,0.0,4212.436,4345.385,4083.205,4152.949,4435.769
1739917894.6603,2025-02-18 14:31:34.660,99,false,0.0,4235.0,4360.513,4088.461,4161.795,4456.539
1739917894.6681,2025-02-18 14:31:34.668,100,false,0.0,4240.0,4356.795,4079.487,4161.41,4460.513
1739917894.6759,2025-02-18 14:31:34.675,101,false,0.0,4240.897,4347.82,4080.769,4161.154,4464.103
1739917894.6838,2025-02-18 14:31:34.683,102,false,0.0,4255.769,4359.744,4102.051,4165.128,4481.41
1739917894.6916,2025-02-18 14:31:34.691,103,false,0.0,4266.154,4370.256,4108.59,4165.897,4494.615
1739917894.6994,2025-02-18 14:31:34.699,104,false,0.0,4266.026,4368.59,4099.615,4173.333,4491.539
1739917894.7072,2025-02-18 14:31:34.707,105,false,0.0,4258.077,4363.718,4092.821,4179.231,4475.256
1739917894.715,2025-02-18 14:31:34.715,106,false,0.0,4244.231,4347.18,4082.821,4169.872,4459.744
1739917894.7228,2025-02-18 14:31:34.722,107,false,0.0,4240.0,4335.641,4075.769,4166.154,4456.795
1739917894.7306,2025-02-18 14:31:34.730,108,false,0.0,4236.667,4347.564,4076.154,4167.051,4447.82
1739917894.7384,2025-02-18 14:31:34.738,109,false,0.0,4227.308,4354.744,4079.744,4160.0,4430.0
1739917894.7463,2025-02-18 14:31:34.746,110,false,0.0,4240.641,4354.103,4100.0,4169.359,4436.41
1739917894.7541,2025-02-18 14:31:34.754,111,false,0.0,4264.103,4368.846,4120.128,4186.795,4455.0
1739917894.7619,2025-02-18 14:31:34.761,112,false,0.0,4260.128,4378.461,4108.461,4176.667,4446.026
1739917894.7697,2025-02-18 14:31:34.769,113,false,0.0,4243.846,4360.769,4091.923,4156.795,4421.667
1739917894.7775,2025-02-18 14:31:34.777,114,false,0.0,4235.128,4330.769,4096.923,4150.513,4407.308
1739917894.7853,2025-02-18 14:31:34.785,115,false,0.0,4239.231,4324.487,4107.564,4155.769,4406.282
1739917894.7931,2025-02-18 14:31:34.793,116,false,0.0,4258.59,4369.744,4115.769,4170.769,4412.308
1739917894.8009,2025-02-18 14:31:34.800,117,false,0.0,4255.897,4408.205,4110.128,4168.846,4398.59
1739917894.8088,2025-02-18 14:31:34.808,118,false,0.0,4226.026,4373.205,4093.846,4146.539,4369.103
1739917894.8166,2025-02-18 14:31:34.816,119,false,0.0,4227.051,4343.205,4100.513,4153.461,4369.231
1739917894.8244,2025-02-18 14:31:34.824,120,false,0.0,4247.949,4373.461,4114.231,4176.795,4381.667
1739917894.8322,2025-02-18 14:31:34.832,121,false,0.0,4237.308,4370.256,4101.667,4166.795,4361.026
1739917894.84,2025-02-18 14:31:34.840,122,false,0.0,4223.333,4331.282,4094.487,4155.385,4341.154
1739917894.8478,2025-02-18 14:31:34.847,123,false,0.0,4231.41,4344.615,4102.692,4165.769,4348.718
1739917894.8556,2025-02-18 14:31:34.855,124,false,0.0,4232.18,4361.667,4095.385,4158.59,4342.308
1739917894.8634,2025-02-18 14:31:34.863,125,false,0.0,4225.897,4338.59,4093.077,4144.744,4321.282
1739917894.8713,2025-02-18 14:31:34.871,126,false,0.0,4235.385,4345.0,4115.256,4161.795,4326.539
1739917894.8791,2025-02-18 14:31:34.879,127,false,0.0,4253.846,4367.436,4126.795,4182.949,4342.82
1739917894.8869,2025-02-18 14:31:34.886,0,false,0.0,4261.282,4360.385,4118.974,4181.667,4332.18
1739917894.8947,2025-02-18 14:31:34.894,1,false,0.0,4257.308,4373.461,4115.769,4177.308,4314.744
1739917894.9025,2025-02-18 14:31:34.902,2,false,0.0,4265.513,4393.333,4117.692,4180.256,4326.923
1739917894.9103,2025-02-18 14:31:34.910,3,false,0.0,4287.82,4366.923,4112.949,4180.128,4347.692
1739917894.9181,2025-02-18 14:31:34.918,4,false,0.0,4290.769,4350.0,4101.154,4173.077,4338.718
1739917894.9259,2025-02-18 14:31:34.925,5,false,0.0,4272.18,4359.615,4090.256,4161.923,4312.82
1739917894.9338,2025-02-18 14:31:34.933,6,false,0.0,4265.385,4343.59,4090.256,4156.154,4303.59
1739917894.9416,2025-02-18 14:31:34.941,7,false,0.0,4277.308,4350.0,4104.487,4169.359,4313.077
1739917894.9494,2025-02-18 14:31:34.949,8,false,0.0,4291.282,4399.359,4121.41,4191.282,4320.769
1739917894.9572,2025-02-18 14:31:34.957,9,false,0.0,4289.872,4395.641,4121.026,4192.82,4309.615
1739917894.965,2025-02-18 14:31:34.965,10,false,0.0,4271.539,4347.308,4105.0,4176.667,4284.615
1739917894.9728,2025-02-18 14:31:34.972,11,false,0.0,4262.051,4344.872,4100.769,4170.641,4271.41
1739917894.9806,2025-02-18 14:31:34.980,12,false,0.0,4269.231,4367.308,4111.667,4176.282,4275.641
1739917894.9884,2025-02-18 14:31:34.988,13,false,0.0,4272.82,4372.436,4117.18,4180.256,4282.82
1739917894.9963,2025-02-18 14:31:34.996,14,false,0.0,4275.385,4378.59,4115.769,4183.333,4289.487
1739917895.0041,2025-02-18 14:31:35.004,15,false,0.0,4279.359,4384.487,4107.18,4183.974,4288.718
1739917895.0119,2025-02-18 14:31:35.011,16,false,0.0,4268.461,4381.154,4092.051,4178.846,4273.59
1739917895.0197,2025-02-18 14:31:35.019,17,false,0.0,4254.872,4374.615,4091.41,4174.103,4265.641
1739917895.0275,2025-02-18 14:31:35.027,18,false,0.0,4252.18,4363.333,4099.487,4165.897,4268.077
1739917895.0353,2025-02-18 14:31:35.035,19,false,0.0,4247.436,4362.436,4091.154,4157.308,4259.615
1739917895.0431,2025-02-18 14:31:35.043,20,false,0.0,4252.82,4373.077,4091.282,4169.231,4259.872
1739917895.0509,2025-02-18 14:31:35.050,21,false,0.0,4278.333,4368.205,4115.769,4188.974,4284.359
1739917895.0588,2025-02-18 14:31:35.058,22,false,0.0,4285.641,4361.282,4125.641,4182.692,4290.256
1739917895.0666,2025-02-18 14:31:35.066,23,false,0.0,4266.41,4370.513,4113.974,4165.641,4268.974
1739917895.0744,2025-02-18 14:31:35.074,24,false,0.0,4261.539,4370.897,4109.744,4169.359,4265.513
1739917895.0822,2025-02-18 14:31:35.082,25,false,0.0,4274.615,4361.667,4112.308,4180.769,4277.18
1739917895.09,2025-02-18 14:31:35.090,26,false,0.0,4281.923,4365.897,4116.923,4182.051,4276.539
1739917895.0978,2025-02-18 14:31:35.097,27,false,0.0,4281.282,4380.641,4126.795,4180.128,4274.231
1739917895.1056,2025-02-18 14:31:35.105,28,false,0.0,4267.436,4387.308,4124.103,4176.667,4268.205
1739917895.1134,2025-02-18 14:31:35.113,29,false,0.0,4242.436,4370.385,4104.872,4171.923,4243.205
1739917895.1213,2025-02-18 14:31:35.121,30,false,0.0,4231.795,4347.564,4089.359,4169.872,4219.103
1739917895.1291,2025-02-18 14:31:35.129,31,false,0.0,4229.103,4350.641,4080.769,4162.051,4209.359
1739917895.1369,2025-02-18 14:31:35.136,32,false,0.0,4210.0,4357.18,4078.974,4151.795,4200.897
1739917895.1447,2025-02-18 14:31:35.144,33,false,0.0,4196.026,4348.59,4088.077,4159.359,4198.974
1739917895.1525,2025-02-18 14:31:35.152,34,false,0.0,4205.897,4350.641,4093.205,4173.59,4210.0
1739917895.1603,2025-02-18 14:31:35.160,35,false,0.0,4213.077,4353.461,4092.821,4170.897,4221.154
1739917895.1681,2025-02-18 14:31:35.168,36,false,0.0,4210.897,4347.308,4105.128,4165.128,4230.0
1739917895.1759,2025-02-18 14:31:35.175,37,false,0.0,4210.128,4353.59,4111.154,4166.667,4233.205
1739917895.1838,2025-02-18 14:31:35.183,38,false,0.0,4197.18,4345.128,4091.923,4161.282,4222.564
1739917895.1916,2025-02-18 14:31:35.191,39,false,0.0,4182.82,4316.154,4083.974,4159.103,4220.897
1739917895.1994,2025-02-18 14:31:35.199,40,false,0.0,4194.744,4322.692,4100.385,4171.923,4243.205
1739917895.2072,2025-02-18 14:31:35.207,41,false,0.0,4210.385,4355.769,4105.641,4178.461,4256.026
1739917895.215,2025-02-18 14:31:35.215,42,false,0.0,4208.077,4370.256,4104.487,4176.667,4249.231
1739917895.2228,2025-02-18 14:31:35.222,43,false,0.0,4207.308,4367.436,4117.18,4181.667,4252.18
1739917895.2306,2025-02-18 14:31:35.230,44,false,0.0,4210.897,4351.795,4118.974,4178.974,4259.744
1739917895.2384,2025-02-18 14:31:35.238,45,false,0.0,4210.513,4345.641,4108.59,4166.795,4256.539
1739917895.2463,2025-02-18 14:31:35.246,46,false,0.0,4213.718,4361.026,4112.308,4169.615,4256.923
1739917895.2541,2025-02-18 14:31:35.254,47,false,0.0,4209.231,4352.692,4113.59,4176.795,4254.359
1739917895.2619,2025-02-18 14:31:35.261,48,false,0.0,4194.744,4341.795,4101.026,4174.103,4237.564
1739917895.2697,2025-02-18 14:31:35.269,49,false,0.0,4195.769,4371.539,4095.385,4178.846,4232.564
1739917895.2775,2025-02-18 14:31:35.277,50,false,0.0,4204.103,4375.769,4090.641,4187.18,4240.897
1739917895.2853,2025-02-18 14:31:35.285,51,false,0.0,4202.949,4351.667,4081.795,4184.487,4239.744
1739917895.2931,2025-02-18 14:31:35.293,52,false,0.0,4207.436,4370.0,4088.59,4180.897,4240.128
1739917895.3009,2025-02-18 14:31:35.300,53,false,0.0,4210.897,4375.897,4098.461,4177.18,4242.564
1739917895.3088,2025-02-18 14:31:35.308,54,false,0.0,4203.718,4345.256,4096.41,4172.18,4229.872
1739917895.3166,2025-02-18 14:31:35.316,55,false,0.0,4211.923,4361.923,4099.615,4181.923,4225.128
1739917895.3244,2025-02-18 14:31:35.324,56,false,0.0,4224.872,4388.718,4100.0,4192.82,4231.923
1739917895.3322,2025-02-18 14:31:35.332,57,false,0.0,4213.718,4366.154,4085.769,4181.282,4216.923
1739917895.34,2025-02-18 14:31:35.340,58,false,0.0,4205.897,4356.539,4084.487,4167.692,4200.641
1739917895.3478,2025-02-18 14:31:35.347,59,false,0.0,4213.461,4361.154,4097.564,4169.744,4209.231
1739917895.3556,2025-02-18 14:31:35.355,60,false,0.0,4209.359,4348.077,4098.461,4178.077,4210.385
1739917895.3634,2025-02-18 14:31:35.363,61,false,0.0,4207.18,4358.205,4092.692,4189.744,4199.359
1739917895.3713,2025-02-18 14:31:35.371,62,false,0.0,4221.026,4371.41,4091.539,4196.41,4201.026
1739917895.3791,2025-02-18 14:31:35.379,63,false,0.0,4225.897,4358.205,4094.359,4192.308,4201.282
1739917895.3869,2025-02-18 14:31:35.386,64,false,0.0,4224.359,4373.205,4106.026,4192.564,4194.231
1739917895.3947,2025-02-18 14:31:35.394,65,false,0.0,4227.949,4390.0,4114.744,4195.0,4195.641
1739917895.4025,2025-02-18 14:31:35.402,66,false,0.0,4217.564,4354.487,4103.974,4186.923,4192.436
1739917895.4103,2025-02-18 14:31:35.410,67,false,0.0,4201.41,4339.744,4090.128,4181.667,4178.461
1739917895.4181,2025-02-18 14:31:35.418,68,false,0.0,4206.795,4371.41,4089.487,4185.897,4173.59
1739917895.4259,2025-02-18 14:31:35.425,69,false,0.0,4220.0,4376.282,4093.59,4188.59,4176.539
1739917895.4338,2025-02-18 14:31:35.433,70,false,0.0,4219.231,4362.436,4097.949,4189.231,4173.205
1739917895.4416,2025-02-18 14:31:35.441,71,false,0.0,4211.026,4366.539,4101.41,4183.205,4168.59
1739917895.4494,2025-02-18 14:31:35.449,72,false,0.0,4209.359,4366.41,4101.539,4173.974,4169.615
1739917895.4572,2025-02-18 14:31:35.457,73,false,0.0,4215.513,4368.59,4102.436,4180.641,4171.282
1739917895.465,2025-02-18 14:31:35.465,74,false,0.0,4217.436,4384.615,4102.051,4186.282,4163.333
1739917895.4728,2025-02-18 14:31:35.472,75,false,0.0,4213.205,4382.051,4095.769,4169.744,4152.82
1739917895.4806,2025-02-18 14:31:35.480,76,false,0.0,4220.128,4369.359,4096.282,4163.974,4163.333
1739917895.4884,2025-02-18 14:31:35.488,77,false,0.0,4230.513,4374.872,4107.051,4181.154,4183.205
1739917895.4963,2025-02-18 14:31:35.496,78,false,0.0,4221.154,4374.872,4109.103,4186.154,4174.359
1739917895.5041,2025-02-18 14:31:35.504,79,false,0.0,4212.564,4362.564,4102.564,4179.487,4153.846
1739917895.5119,2025-02-18 14:31:35.511,80,false,0.0,4225.128,4363.846,4101.667,4179.359,4159.359
1739917895.5197,2025-02-18 14:31:35.519,81,false,0.0,4228.846,4366.923,4098.333,4175.128,4166.026
1739917895.5275,2025-02-18 14:31:35.527,82,false,0.0,4213.59,4354.744,4090.256,4171.282,4152.308
1739917895.5353,2025-02-18 14:31:35.535,83,false,0.0,4207.564,4340.256,4089.615,4176.026,4149.359
1739917895.5431,2025-02-18 14:31:35.543,84,false,0.0,4207.82,4331.41,4086.41,4171.282,4155.769
1739917895.5509,2025-02-18 14:31:35.550,85,false,0.0,4200.897,4333.333,4079.872,4163.846,4145.0
1739917895.5588,2025-02-18 14:31:35.558,86,false,0.0,4202.564,4339.872,4091.41,4171.41,4140.513
1739917895.5666,2025-02-18 14:31:35.566,87,false,0.0,4208.846,4334.359,4103.846,4172.308,4151.282
1739917895.5744,2025-02-18 14:31:35.574,88,false,0.0,4201.282,4345.897,4097.18,4162.18,4148.205
1739917895.5822,2025-02-18 14:31:35.582,89,false,0.0,4200.0,4382.949,4100.256,4170.897,4148.59
1739917895.59,2025-02-18 14:31:35.590,90,false,0.0,4213.59,4377.82,4113.077,4185.897,4165.513
1739917895.5978,2025-02-18 14:31:35.597,91,false,0.0,4213.59,4341.539,4105.769,4177.949,4161.154
1739917895.6056,2025-02-18 14:31:35.605,92,false,0.0,4206.282,4355.769,4096.923,4167.949,4144.231
1739917895.6134,2025-02-18 14:31:35.613,93,false,0.0,4213.077,4381.923,4100.128,4172.18,4145.769
1739917895.6213,2025-02-18 14:31:35.621,94,false,0.0,4211.41,4365.513,4092.564,4167.18,4140.513
1739917895.6291,2025-02-18 14:31:35.629,95,false,0.0,4196.026,4358.461,4084.231,4153.846,4126.41
1739917895.6369,2025-02-18 14:31:35.636,96,false,0.0,4199.487,4365.385,4088.974,4159.744,4133.205
1739917895.6447,2025-02-18 14:31:35.644,97,false,0.0,4217.308,4355.0,4092.051,4177.949,4146.539
1739917895.6525,2025-02-18 14:31:35.652,98,false,0.0,4224.103,4361.026,4096.795,4183.333,4152.949
1739917895.6603,2025-02-18 14:31:35.660,99,false,0.0,4227.18,4371.282,4106.282,4178.333,4161.026
1739917895.6681,2025-02-18 14:31:35.668,100,false,0.0,4233.59,4353.59,4108.718,4177.564,4160.385
1739917895.6759,2025-02-18 14:31:35.675,101,false,0.0,4231.923,4351.923,4111.154,4178.974,4155.0
1739917895.6838,2025-02-18 14:31:35.683,102,false,0.0,4221.539,4366.41,4111.026,4174.872,4153.846
1739917895.6916,2025-02-18 14:31:35.691,103,false,0.0,4216.539,4363.718,4099.744,4171.667,4147.436
1739917895.6994,2025-02-18 14:31:35.699,104,false,0.0,4226.539,4371.539,4100.641,4180.897,4151.795
1739917895.7072,2025-02-18 14:31:35.707,105,false,0.0,4241.282,4375.641,4115.769,4193.974,4170.385
1739917895.715,2025-02-18 14:31:35.715,106,false,0.0,4245.128,4352.308,4119.359,4195.0,4172.82
1739917895.7228,2025-02-18 14:31:35.722,107,false,0.0,4244.744,4355.256,4118.461,4190.385,4173.974
1739917895.7306,2025-02-18 14:31:35.730,108,false,0.0,4243.718,4369.359,4118.846,4189.231,4188.333
1739917895.7384,2025-02-18 14:31:35.738,109,false,0.0,4234.359,4345.513,4111.667,4181.923,4188.59
1739917895.7463,2025-02-18 14:31:35.746,110,false,0.0,4232.949,4346.282,4115.513,4172.18,4196.282
1739917895.7541,2025-02-18 14:31:35.754,111,false,0.0,4242.82,4382.564,4125.897,4175.0,4231.154
1739917895.7619,2025-02-18 14:31:35.761,112,false,0.0,4234.487,4375.128,4114.103,4178.333,4242.82
1739917895.7697,2025-02-18 14:31:35.769,113,false,0.0,4219.487,4351.41,4101.282,4168.974,4234.359
1739917895.7775,2025-02-18 14:31:35.777,114,false,0.0,4225.256,4362.949,4108.461,4162.692,4247.436
1739917895.7853,2025-02-18 14:31:35.785,115,false,0.0,4223.59,4365.641,4107.308,4161.282,4251.026
1739917895.7931,2025-02-18 14:31:35.793,116,false,0.0,4208.205,4349.103,4099.744,4154.359,4238.846
1739917895.8009,2025-02-18 14:31:35.800,117,false,0.0,4219.872,4345.128,4113.333,4161.539,4258.718
1739917895.8088,2025-02-18 14:31:35.808,118,false,0.0,4242.308,4345.0,4127.949,4186.026,4288.205
1739917895.8166,2025-02-18 14:31:35.816,119,false,0.0,4238.205,4351.667,4121.154,4191.795,4284.744
1739917895.8244,2025-02-18 14:31:35.824,120,false,0.0,4231.154,4366.795,4115.769,4177.82,4274.615
1739917895.8322,2025-02-18 14:31:35.832,121,false,0.0,4234.103,4356.923,4122.564,4174.103,4276.923
1739917895.84,2025-02-18 14:31:35.840,122,false,0.0,4229.615,4343.077,4125.513,4178.205,4279.872
1739917895.8478,2025-02-18 14:31:35.847,123,false,0.0,4231.923,4369.231,4127.051,4179.615,4285.641
1739917895.8556,2025-02-18 14:31:35.855,124,false,0.0,4245.897,4391.795,4131.026,4183.461,4288.59
1739917895.8634,2025-02-18 14:31:35.863,125,false,0.0,4244.103,4373.205,4123.59,4181.923,4277.051
1739917895.8713,2025-02-18 14:31:35.871,126,false,0.0,4232.949,4360.641,4112.436,4173.461,4266.026
1739917895.8791,2025-02-18 14:31:35.879,127,false,0.0,4232.18,4367.692,4113.974,4172.949,4266.667
1739917895.8869,2025-02-18 14:31:35.886,0,false,0.0,4231.795,4358.974,4115.0,4175.385,4267.692
1739917895.8947,2025-02-18 14:31:35.894,1,false,0.0,4234.487,4352.308,4110.128,4176.41,4267.692
1739917895.9025,2025-02-18 14:31:35.902,2,false,0.0,4248.333,4372.308,4115.769,4186.41,4273.461
1739917895.9103,2025-02-18 14:31:35.910,3,false,0.0,4249.615,4385.769,4123.333,4190.256,4274.744
1739917895.9181,2025-02-18 14:31:35.918,4,false,0.0,4235.513,4375.641,4122.308,4177.051,4264.615
1739917895.9259,2025-02-18 14:31:35.925,5,false,0.0,4241.282,4367.564,4125.769,4173.333,4263.974
1739917895.9338,2025-02-18 14:31:35.933,6,false,0.0,4263.974,4365.256,4130.0,4180.769,4281.923
1739917895.9416,2025-02-18 14:31:35.941,7,false,0.0,4270.128,4353.205,4125.0,4175.641,4292.18
1739917895.9494,2025-02-18 14:31:35.949,8,false,0.0,4268.077,4343.59,4122.82,4169.872,4284.615
1739917895.9572,2025-02-18 14:31:35.957,9,false,0.0,4279.872,4358.461,4124.231,4174.487,4282.949
1739917895.965,2025-02-18 14:31:35.965,10,false,0.0,4289.872,4386.795,4121.923,4175.256,4291.41
1739917895.9728,2025-02-18 14:31:35.972,11,false,0.0,4282.82,4393.59,4125.769,4177.692,4292.692
1739917895.9806,2025-02-18 14:31:35.980,12,false,0.0,4271.795,4368.846,4128.205,4185.897,4286.41
1739917895.9884,2025-02-18 14:31:35.988,13,false,0.0,4266.667,4348.846,4115.385,4182.82,4277.308
1739917895.9963,2025-02-18 14:31:35.996,14,false,0.0,4266.154,4364.744,4109.231,4175.128,4263.59
1739917896.0041,2025-02-18 14:31:36.004,15,false,0.0,4264.872,4381.154,4116.795,4172.82,4252.949
1739917896.0119,2025-02-18 14:31:36.011,16,false,0.0,4254.231,4359.744,4111.795,4166.667,4250.128
1739917896.0197,2025-02-18 14:31:36.019,17,false,0.0,4249.744,4347.564,4106.282,4170.513,4253.205
1739917896.0275,2025-02-18 14:31:36.027,18,false,0.0,4266.539,4371.282,4120.897,4190.385,4263.718
1739917896.0353,2025-02-18 14:31:36.035,19,false,0.0,4270.769,4367.564,4119.359,4187.308,4262.308
1739917896.0431,2025-02-18 14:31:36.043,20,false,0.0,4246.923,4345.128,4094.872,4162.564,4240.128
1739917896.0509,2025-02-18 14:31:36.050,21,false,0.0,4240.0,4370.385,4096.539,4163.846,4236.154
1739917896.0588,2025-02-18 14:31:36.058,22,false,0.0,4252.308,4390.128,4112.564,4176.923,4254.231
1739917896.0666,2025-02-18 14:31:36.066,23,false,0.0,4242.308,4352.692,4099.615,4164.359,4252.308
1739917896.0744,2025-02-18 14:31:36.074,24,false,0.0,4235.128,4337.18,4093.077,4159.744,4252.82
1739917896.0822,2025-02-18 14:31:36.082,25,false,0.0,4261.154,4368.974,4119.615,4188.333,4282.051
1739917896.09,2025-02-18 14:31:36.090,26,false,0.0,4277.051,4382.82,4131.795,4203.59,4290.513
1739917896.0978,2025-02-18 14:31:36.097,27,false,0.0,4264.872,4377.18,4118.59,4188.974,4276.026
1739917896.1056,2025-02-18 14:31:36.105,28,false,0.0,4260.0,4379.615,4115.769,4183.077,4284.615
1739917896.1134,2025-02-18 14:31:36.113,29,false,0.0,4261.026,4377.564,4115.128,4186.667,4292.564
1739917896.1213,2025-02-18 14:31:36.121,30,false,0.0,4256.026,4366.282,4097.18,4175.641,4282.82
1739917896.1291,2025-02-18 14:31:36.129,31,false,0.0,4265.256,4355.385,4081.026,4161.923,4293.718
1739917896.1369,2025-02-18 14:31:36.136,32,false,0.0,4285.897,4354.231,4083.59,4158.077,4317.051
1739917896.1447,2025-02-18 14:31:36.144,33,false,0.0,4295.0,4364.487,4096.282,4158.461,4325.385
1739917896.1525,2025-02-18 14:31:36.152,34,false,0.0,4294.487,4369.872,4102.82,4164.615,4327.949
1739917896.1603,2025-02-18 14:31:36.160,35,false,0.0,4288.077,4367.564,4097.564,4169.872,4321.154
1739917896.1681,2025-02-18 14:31:36.168,36,false,0.0,4276.41,4367.82,4092.308,4167.692,4307.051
1739917896.1759,2025-02-18 14:31:36.175,37,false,0.0,4275.385,4366.667,4096.923,4171.795,4308.974
1739917896.1838,2025-02-18 14:31:36.183,38,false,0.0,4286.026,4367.692,4099.744,4176.923,4314.231
1739917896.1916,2025-02-18 14:31:36.191,39,false,0.0,4282.692,4370.128,4087.179,4162.051,4301.154
1739917896.1994,2025-02-18 14:31:36.199,40,false,0.0,4265.0,4359.359,4074.231,4142.82,4285.0
1739917896.2072,2025-02-18 14:31:36.207,41,false,0.0,4262.051,4353.59,4090.256,4146.795,4282.692
1739917896.215,2025-02-18 14:31:36.215,42,false,0.0,4277.82,4371.539,4119.103,4167.436,4293.333
1739917896.2228,2025-02-18 14:31:36.222,43,false,0.0,4281.41,4385.385,4113.846,4176.026,4296.923
1739917896.2306,2025-02-18 14:31:36.230,44,false,0.0,4264.231,4376.539,4085.897,4163.333,4278.077
1739917896.2384,2025-02-18 14:31:36.238,45,false,0.0,4255.513,4360.0,4082.179,4156.667,4264.359
1739917896.2463,2025-02-18 14:31:36.246,46,false,0.0,4263.205,4353.846,4092.436,4165.769,4270.513
1739917896.2541,2025-02-18 14:31:36.254,47,false,0.0,4261.154,4363.974,4090.897,4164.744,4266.154
1739917896.2619,2025-02-18 14:31:36.261,48,false,0.0,4255.128,4372.436,4097.308,4166.282,4258.077
1739917896.2697,2025-02-18 14:31:36.269,49,false,0.0,4270.769,4367.18,4114.359,4189.744,4272.82
1739917896.2775,2025-02-18 14:31:36.277,50,false,0.0,4282.82,4364.231,4112.564,4189.615,4281.282
1739917896.2853,2025-02-18 14:31:36.285,51,false,0.0,4267.436,4367.051,4099.487,4161.282,4268.077
1739917896.2931,2025-02-18 14:31:36.293,52,false,0.0,4262.82,4371.667,4104.872,4167.82,4265.769
1739917896.3009,2025-02-18 14:31:36.300,53,false,0.0,4281.923,4376.923,4118.718,4193.59,4274.487
1739917896.3088,2025-02-18 14:31:36.308,54,false,0.0,4287.692,4368.205,4117.564,4187.82,4275.513
1739917896.3166,2025-02-18 14:31:36.316,55,false,0.0,4284.487,4359.744,4116.026,4180.385,4280.769
1739917896.3244,2025-02-18 14:31:36.324,56,false,0.0,4291.539,4369.231,4126.026,4186.154,4290.0
1739917896.3322,2025-02-18 14:31:36.332,57,false,0.0,4285.897,4362.308,4122.692,4176.539,4284.231
1739917896.34,2025-02-18 14:31:36.340,58,false,0.0,4272.82,4350.513,4106.154,4166.41,4274.487
1739917896.3478,2025-02-18 14:31:36.347,59,false,0.0,4277.051,4375.0,4105.385,4164.872,4279.359
1739917896.3556,2025-02-18 14:31:36.355,60,false,0.0,4274.872,4382.82,4107.436,4152.18,4286.026
1739917896.3634,2025-02-18 14:31:36.363,61,false,0.0,4260.256,4354.872,4094.487,4149.487,4284.103
1739917896.3713,2025-02-18 14:31:36.371,62,false,0.0,4264.872,4359.615,4093.077,4164.231,4287.564
1739917896.3791,2025-02-18 14:31:36.379,63,false,0.0,4273.333,4373.59,4105.513,4160.897,4298.461
1739917896.3869,2025-02-18 14:31:36.386,64,false,0.0,4266.154,4353.205,4109.231,4152.949,4302.18
1739917896.3947,2025-02-18 14:31:36.394,65,false,0.0,4268.718,4351.795,4112.949,4166.41,4300.0
1739917896.4025,2025-02-18 14:31:36.402,66,false,0.0,4274.615,4367.308,4114.744,4167.949,4297.82
1739917896.4103,2025-02-18 14:31:36.410,67,false,0.0,4260.513,4356.667,4102.051,4148.461,4290.0
1739917896.4181,2025-02-18 14:31:36.418,68,false,0.0,4254.487,4357.82,4102.564,4149.872,4292.308
1739917896.4259,2025-02-18 14:31:36.425,69,false,0.0,4271.795,4375.256,4123.333,4172.949,4317.18
1739917896.4338,2025-02-18 14:31:36.433,70,false,0.0,4281.41,4367.308,4125.385,4181.154,4326.667
1739917896.4416,2025-02-18 14:31:36.441,71,false,0.0,4272.18,4361.539,4107.051,4170.769,4300.256
1739917896.4494,2025-02-18 14:31:36.449,72,false,0.0,4261.282,4378.59,4098.59,4161.667,4282.82
1739917896.4572,2025-02-18 14:31:36.457,73,false,0.0,4259.103,4381.41,4104.231,4164.103,4293.718
1739917896.465,2025-02-18 14:31:36.465,74,false,0.0,4259.615,4363.077,4107.308,4169.872,4293.846
1739917896.4728,2025-02-18 14:31:36.472,75,false,0.0,4254.359,4353.718,4098.461,4167.18,4277.308
1739917896.4806,2025-02-18 14:31:36.480,76,false,0.0,4254.103,4372.051,4095.641,4166.282,4278.077
1739917896.4884,2025-02-18 14:31:36.488,77,false,0.0,4264.231,4396.41,4110.641,4175.897,4289.744
1739917896.4963,2025-02-18 14:31:36.496,78,false,0.0,4259.487,4384.231,4111.795,4175.641,4280.641
1739917896.5041,2025-02-18 14:31:36.504,79,false,0.0,4241.282,4355.513,4096.154,4163.846,4260.769
1739917896.5119,2025-02-18 14:31:36.511,80,false,0.0,4241.667,4357.308,4101.539,4164.487,4257.308
1739917896.5197,2025-02-18 14:31:36.519,81,false,0.0,4246.539,4363.333,4109.872,4166.026,4257.82
1739917896.5275,2025-02-18 14:31:36.527,82,false,0.0,4235.641,4347.82,4094.487,4155.897,4249.744
1739917896.5353,2025-02-18 14:31:36.535,83,false,0.0,4243.077,4351.923,4098.974,4165.385,4254.872
1739917896.5431,2025-02-18 14:31:36.543,84,false,0.0,4274.359,4385.0,4130.385,4191.795,4274.359
1739917896.5509,2025-02-18 14:31:36.550,85,false,0.0,4282.692,4397.436,4133.718,4192.564,4278.718
1739917896.5588,2025-02-18 14:31:36.558,86,false,0.0,4265.256,4377.18,4109.359,4177.051,4266.026
1739917896.5666,2025-02-18 14:31:36.566,87,false,0.0,4254.487,4363.461,4094.744,4173.205,4253.333
1739917896.5744,2025-02-18 14:31:36.574,88,false,0.0,4252.564,4373.077,4095.385,4170.641,4245.513
1739917896.5822,2025-02-18 14:31:36.582,89,false,0.0,4253.461,4383.333,4105.256,4169.359,4251.026
1739917896.59,2025-02-18 14:31:36.590,90,false,0.0,4257.18,4381.539,4112.18,4176.026,4265.128
1739917896.5978,2025-02-18 14:31:36.597,91,false,0.0,4257.051,4372.436,4106.026,4174.487,4266.154
1739917896.6056,2025-02-18 14:31:36.605,92,false,0.0,4257.308,4359.231,4104.487,4168.461,4266.41
1739917896.6134,2025-02-18 14:31:36.613,93,false,0.0,4259.872,4352.82,4109.103,4171.026,4282.051
1739917896.6213,2025-02-18 14:31:36.621,94,false,0.0,4250.513,4355.128,4098.461,4168.846,4284.231
1739917896.6291,2025-02-18 14:31:36.629,95,false,0.0,4239.744,4350.769,4085.0,4164.487,4268.205
1739917896.6369,2025-02-18 14:31:36.636,96,false,0.0,4251.282,4353.974,4089.359,4170.385,4274.487
1739917896.6447,2025-02-18 14:31:36.644,97,false,0.0,4269.872,4372.82,4092.564,4170.128,4299.103
1739917896.6525,2025-02-18 14:31:36.652,98,false,0.0,4270.128,4363.333,4082.436,4161.154,4302.82
1739917896.6603,2025-02-18 14:31:36.660,99,false,0.0,4261.41,4330.0,4076.667,4161.41,4290.513
1739917896.6681,2025-02-18 14:31:36.668,100,false,0.0,4261.154,4342.436,4082.308,4165.385,4288.846
1739917896.6759,2025-02-18 14:31:36.675,101,false,0.0,4268.077,4386.41,4089.872,4164.744,4297.436
1739917896.6838,2025-02-18 14:31:36.683,102,false,0.0,4267.18,4386.41,4093.846,4161.282,4299.744
1739917896.6916,2025-02-18 14:31:36.691,103,false,0.0,4252.436,4358.077,4090.0,4152.18,4287.308
1739917896.6994,2025-02-18 14:31:36.699,104,false,0.0,4240.513,4357.051,4081.026,4148.846,4271.667
1739917896.7072,2025-02-18 14:31:36.707,105,false,0.0,4239.744,4363.718,4079.615,4158.461,4265.897
1739917896.715,2025-02-18 14:31:36.715,106,false,0.0,4237.692,4355.769,4085.256,4160.256,4265.0
1739917896.7228,2025-02-18 14:31:36.722,107,false,0.0,4237.051,4359.744,4087.051,4152.949,4269.103
1739917896.7306,2025-02-18 14:31:36.730,108,false,0.0,4244.231,4370.385,4088.333,4154.744,4280.128
1739917896.7384,2025-02-18 14:31:36.738,109,false,0.0,4247.564,4366.282,4096.026,4157.308,4280.513
1739917896.7463,2025-02-18 14:31:36.746,110,false,0.0,4247.051,4366.154,4103.205,4155.0,4268.718
1739917896.7541,2025-02-18 14:31:36.754,111,false,0.0,4246.539,4368.846,4107.692,4158.333,4265.256
1739917896.7619,2025-02-18 14:31:36.761,112,false,0.0,4235.0,4362.564,4114.615,4161.795,4265.256
1739917896.7697,2025-02-18 14:31:36.769,113,false,0.0,4222.436,4382.949,4119.231,4165.128,4258.59
1739917896.7775,2025-02-18 14:31:36.777,114,false,0.0,4222.949,4410.385,4112.82,4175.128,4252.051
1739917896.7853,2025-02-18 14:31:36.785,115,false,0.0,4212.949,4382.564,4096.539,4172.82,4236.026
1739917896.7931,2025-02-18 14:31:36.793,116,false,0.0,4182.436,4353.077,4079.615,4154.487,4206.026
1739917896.8009,2025-02-18 14:31:36.800,117,false,0.0,4164.872,4374.615,4072.436,4148.077,4190.769
1739917896.8088,2025-02-18 14:31:36.808,118,false,0.0,4173.846,4377.308,4071.923,4153.974,4196.539
1739917896.8166,2025-02-18 14:31:36.816,119,false,0.0,4188.077,4354.487,4070.641,4156.282,4200.513
1739917896.8244,2025-02-18 14:31:36.824,120,false,0.0,4196.795,4364.359,4073.718,4161.795,4203.077
1739917896.8322,2025-02-18 14:31:36.832,121,false,0.0,4203.077,4368.974,4080.641,4169.359,4213.077
1739917896.84,2025-02-18 14:31:36.840,122,false,0.0,4204.359,4351.154,4079.744,4165.897,4219.359
1739917896.8478,2025-02-18 14:31:36.847,123,false,0.0,4198.718,4362.692,4074.487,4160.897,4214.359
1739917896.8556,2025-02-18 14:31:36.855,124,false,0.0,4198.974,4378.59,4080.256,4167.436,4207.949
1739917896.8634,2025-02-18 14:31:36.863,125,false,0.0,4210.769,4371.923,4094.615,4176.795,4211.026
1739917896.8713,2025-02-18 14:31:36.871,126,false,0.0,4213.718,4380.0,4103.461,4178.333,4217.308
1739917896.8791,2025-02-18 14:31:36.879,127,false,0.0,4201.026,4378.974,4100.256,4173.846,4212.564
1739917896.8869,2025-02-18 14:31:36.886,0,false,0.0,4189.615,4341.539,4089.359,4164.103,4197.308
1739917896.8947,2025-02-18 14:31:36.894,1,false,0.0,4178.59,4324.103,4081.154,4150.897,4181.795
1739917896.9025,2025-02-18 14:31:36.902,2,false,0.0,4172.436,4350.0,4087.179,4151.41,4175.897
1739917896.9103,2025-02-18 14:31:36.910,3,false,0.0,4187.692,4378.974,4104.744,4172.949,4185.641
1739917896.9181,2025-02-18 14:31:36.918,4,false,0.0,4198.461,4379.103,4109.231,4187.692,4194.103
1739917896.9259,2025-02-18 14:31:36.925,5,false,0.0,4185.897,4351.282,4093.205,4179.359,4183.59
1739917896.9338,2025-02-18 14:31:36.933,6,false,0.0,4184.231,4341.026,4087.436,4169.744,4172.436
1739917896.9416,2025-02-18 14:31:36.941,7,false,0.0,4190.769,4355.641,4097.82,4164.487,4173.205
1739917896.9494,2025-02-18 14:31:36.949,8,false,0.0,4178.461,4340.0,4094.615,4152.82,4172.051
1739917896.9572,2025-02-18 14:31:36.957,9,false,0.0,4180.769,4327.436,4087.821,4153.461,4177.18
1739917896.965,2025-02-18 14:31:36.965,10,false,0.0,4204.872,4366.026,4098.205,4168.205,4193.59
1739917896.9728,2025-02-18 14:31:36.972,11,false,0.0,4195.513,4373.333,4092.692,4161.923,4186.282
1739917896.9806,2025-02-18 14:31:36.980,12,false,0.0,4164.487,4334.744,4064.103,4138.718,4156.41
1739917896.9884,2025-02-18 14:31:36.988,13,false,0.0,4165.769,4340.385,4061.667,4135.897,4154.615
1739917896.9963,2025-02-18 14:31:36.996,14,false,0.0,4180.385,4352.692,4081.923,4151.795,4180.256
1739917897.0041,2025-02-18 14:31:37.004,15,false,0.0,4181.539,4328.205,4084.359,4163.333,4192.18
1739917897.0119,2025-02-18 14:31:37.011,16,false,0.0,4192.436,4344.487,4084.487,4167.18,4197.051
1739917897.0197,2025-02-18 14:31:37.019,17,false,0.0,4209.744,4380.385,4095.897,4168.846,4210.0
1739917897.0275,2025-02-18 14:31:37.027,18,false,0.0,4205.256,4362.051,4093.205,4170.256,4206.026
1739917897.0353,2025-02-18 14:31:37.035,19,false,0.0,4192.564,4352.308,4085.897,4172.436,4188.718
1739917897.0431,2025-02-18 14:31:37.043,20,false,0.0,4195.385,4375.256,4094.615,4173.846,4195.256
1739917897.0509,2025-02-18 14:31:37.050,21,false,0.0,4201.667,4358.59,4093.718,4172.949,4211.539
1739917897.0588,2025-02-18 14:31:37.058,22,false,0.0,4200.0,4334.744,4081.667,4173.718,4205.641
1739917897.0666,2025-02-18 14:31:37.066,23,false,0.0,4201.282,4361.923,4091.795,4180.256,4199.487
1739917897.0744,2025-02-18 14:31:37.074,24,false,0.0,4204.744,4381.154,4107.18,4186.667,4208.205
1739917897.0822,2025-02-18 14:31:37.082,25,false,0.0,4202.18,4353.846,4100.0,4186.923,4210.385
1739917897.09,2025-02-18 14:31:37.090,26,false,0.0,4201.41,4334.231,4095.0,4187.18,4209.487
1739917897.0978,2025-02-18 14:31:37.097,27,false,0.0,4202.564,4355.897,4101.923,4185.385,4216.41
1739917897.1056,2025-02-18 14:31:37.105,28,false,0.0,4192.18,4382.564,4097.692,4172.308,4214.231
1739917897.1134,2025-02-18 14:31:37.113,29,false,0.0,4179.231,4372.436,4091.026,4159.744,4202.692
1739917897.1213,2025-02-18 14:31:37.121,30,false,0.0,4183.333,4348.718,4101.795,4162.692,4205.385
1739917897.1291,2025-02-18 14:31:37.129,31,false,0.0,4197.18,4357.82,4116.923,4171.282,4224.872
1739917897.1369,2025-02-18 14:31:37.136,32,false,0.0,4205.0,4378.974,4119.872,4175.513,4240.385
1739917897.1447,2025-02-18 14:31:37.144,33,false,0.0,4209.231,4374.103,4110.897,4174.231,4237.308
1739917897.1525,2025-02-18 14:31:37.152,34,false,0.0,4218.077,4362.564,4098.205,4165.0,4229.103
1739917897.1603,2025-02-18 14:31:37.160,35,false,0.0,4226.667,4367.82,4092.564,4152.692,4236.282
1739917897.1681,2025-02-18 14:31:37.168,36,false,0.0,4225.897,4382.692,4090.385,4140.513,4245.897
1739917897.1759,2025-02-18 14:31:37.175,37,false,0.0,4220.128,4387.051,4080.0,4127.051,4239.231
1739917897.1838,2025-02-18 14:31:37.183,38,false,0.0,4220.897,4365.641,4070.128,4124.744,4231.026
1739917897.1916,2025-02-18 14:31:37.191,39,false,0.0,4226.154,4351.282,4075.769,4137.308,4236.923
1739917897.1994,2025-02-18 14:31:37.199,40,false,0.0,4233.974,4377.692,4088.59,4145.641,4250.513
1739917897.2072,2025-02-18 14:31:37.207,41,false,0.0,4246.667,4396.026,4092.436,4144.487,4262.82
1739917897.215,2025-02-18 14:31:37.215,42,false,0.0,4249.231,4372.82,4092.179,4144.103,4263.59
1739917897.2228,2025-02-18 14:31:37.222,43,false,0.0,4236.026,4358.718,4097.82,4146.539,4254.231
1739917897.2306,2025-02-18 14:31:37.230,44,false,0.0,4229.487,4366.154,4099.359,4147.692,4248.974
1739917897.2384,2025-02-18 14:31:37.238,45,false,0.0,4233.846,4365.0,4090.128,4145.513,4246.667
1739917897.2463,2025-02-18 14:31:37.246,46,false,0.0,4237.949,4371.154,4092.051,4145.769,4243.846
1739917897.2541,2025-02-18 14:31:37.254,47,false,0.0,4244.359,4391.154,4110.641,4151.026,4249.103
1739917897.2619,2025-02-18 14:31:37.261,48,false,0.0,4242.18,4394.615,4114.359,4147.692,4253.077
1739917897.2697,2025-02-18 14:31:37.269,49,false,0.0,4222.82,4381.154,4099.231,4136.154,4244.744
1739917897.2775,2025-02-18 14:31:37.277,50,false,0.0,4213.718,4367.949,4096.026,4138.59,4241.667
1739917897.2853,2025-02-18 14:31:37.285,51,false,0.0,4224.872,4361.923,4103.59,4154.231,4252.308
1739917897.2931,2025-02-18 14:31:37.293,52,false,0.0,4236.154,4373.59,4102.564,4164.872,4261.154
1739917897.3009,2025-02-18 14:31:37.300,53,false,0.0,4240.769,4386.026,4096.154,4162.949,4260.513
1739917897.3088,2025-02-18 14:31:37.308,54,false,0.0,4232.436,4373.333,4083.59,4145.513,4250.897
1739917897.3166,2025-02-18 14:31:37.316,55,false,0.0,4211.795,4362.051,4069.872,4127.692,4235.769
1739917897.3244,2025-02-18 14:31:37.324,56,false,0.0,4205.128,4375.256,4080.769,4132.82,4230.641
1739917897.3322,2025-02-18 14:31:37.332,57,false,0.0,4217.564,4378.333,4106.795,4151.539,4241.154
1739917897.34,2025-02-18 14:31:37.340,58,false,0.0,4229.872,4357.949,4111.795,4163.974,4251.282
1739917897.3478,2025-02-18 14:31:37.347,59,false,0.0,4238.077,4357.436,4106.154,4167.82,4250.0
1739917897.3556,2025-02-18 14:31:37.355,60,false,0.0,4237.949,4384.744,4107.82,4160.128,4244.487
1739917897.3634,2025-02-18 14:31:37.363,61,false,0.0,4228.205,4390.385,4096.795,4146.923,4239.231
1739917897.3713,2025-02-18 14:31:37.371,62,false,0.0,4225.769,4363.974,4078.59,4145.128,4232.308
1739917897.3791,2025-02-18 14:31:37.379,63,false,0.0,4234.103,4360.385,4085.0,4152.051,4235.641
1739917897.3869,2025-02-18 14:31:37.386,64,false,0.0,4243.333,4386.923,4099.872,4157.308,4250.128
1739917897.3947,2025-02-18 14:31:37.394,65,false,0.0,4244.487,4383.59,4090.385,4155.256,4245.256
1739917897.4025,2025-02-18 14:31:37.402,66,false,0.0,4230.897,4353.461,4077.949,4148.59,4223.077
1739917897.4103,2025-02-18 14:31:37.410,67,false,0.0,4225.128,4358.077,4091.154,4159.231,4230.256
1739917897.4181,2025-02-18 14:31:37.418,68,false,0.0,4242.051,4381.282,4108.846,4183.59,4256.667
1739917897.4259,2025-02-18 14:31:37.425,69,false,0.0,4244.231,4371.41,4106.154,4182.308,4251.154
1739917897.4338,2025-02-18 14:31:37.433,70,false,0.0,4224.103,4350.897,4095.897,4161.539,4225.256
1739917897.4416,2025-02-18 14:31:37.441,71,false,0.0,4223.718,4353.718,4094.615,4153.974,4218.461
1739917897.4494,2025-02-18 14:31:37.449,72,false,0.0,4240.385,4368.077,4098.846,4153.461,4229.103
1739917897.4572,2025-02-18 14:31:37.457,73,false,0.0,4248.205,4380.385,4105.385,4156.795,4242.051
1739917897.465,2025-02-18 14:31:37.465,74,false,0.0,4244.744,4370.0,4104.359,4163.205,4242.949
1739917897.4728,2025-02-18 14:31:37.472,75,false,0.0,4227.692,4328.718,4086.282,4151.795,4225.385
1739917897.4806,2025-02-18 14:31:37.480,76,false,0.0,4218.077,4314.359,4074.359,4140.641,4215.0
1739917897.4884,2025-02-18 14:31:37.488,77,false,0.0,4238.846,4361.795,4090.769,4156.154,4228.205
1739917897.4963,2025-02-18 14:31:37.496,78,false,0.0,4252.949,4401.282,4108.718,4165.256,4240.897
1739917897.5041,2025-02-18 14:31:37.504,79,false,0.0,4235.769,4383.333,4102.82,4150.513,4233.205
1739917897.5119,2025-02-18 14:31:37.511,80,false,0.0,4221.026,4357.308,4092.821,4139.231,4215.0
1739917897.5197,2025-02-18 14:31:37.519,81,false,0.0,4221.154,4360.769,4095.897,4138.333,4210.256
1739917897.5275,2025-02-18 14:31:37.527,82,false,0.0,4226.539,4362.436,4099.872,4143.718,4222.949
1739917897.5353,2025-02-18 14:31:37.535,83,false,0.0,4234.487,4348.333,4095.513,4149.359,4222.564
1739917897.5431,2025-02-18 14:31:37.543,84,false,0.0,4229.487,4349.744,4091.41,4141.923,4200.513
1739917897.5509,2025-02-18 14:31:37.550,85,false,0.0,4218.205,4365.769,4095.128,4136.154,4187.436
1739917897.5588,2025-02-18 14:31:37.558,86,false,0.0,4224.359,4367.949,4101.923,4143.59,4189.615
1739917897.5666,2025-02-18 14:31:37.566,87,false,0.0,4230.0,4367.18,4104.359,4145.128,4191.795
1739917897.5744,2025-02-18 14:31:37.574,88,false,0.0,4223.718,4369.615,4100.769,4145.769,4196.282
1739917897.5822,2025-02-18 14:31:37.582,89,false,0.0,4225.513,4353.59,4095.769,4153.333,4198.846
1739917897.59,2025-02-18 14:31:37.590,90,false,0.0,4229.615,4347.949,4097.051,4153.718,4198.205
1739917897.5978,2025-02-18 14:31:37.597,91,false,0.0,4227.692,4370.641,4100.256,4156.026,4210.641
1739917897.6056,2025-02-18 14:31:37.605,92,false,0.0,4231.282,4361.667,4095.769,4161.282,4225.513
1739917897.6134,2025-02-18 14:31:37.613,93,false,0.0,4235.769,4332.949,4098.846,4150.897,4227.82
1739917897.6213,2025-02-18 14:31:37.621,94,false,0.0,4239.103,4357.949,4116.026,4148.846,4236.282
1739917897.6291,2025-02-18 14:31:37.629,95,false,0.0,4246.667,4387.692,4118.333,4162.308,4250.641
1739917897.6369,2025-02-18 14:31:37.636,96,false,0.0,4241.539,4365.641,4104.359,4155.769,4254.744
1739917897.6447,2025-02-18 14:31:37.644,97,false,0.0,4226.154,4349.744,4098.718,4147.949,4259.359
1739917897.6525,2025-02-18 14:31:37.652,98,false,0.0,4224.615,4350.769,4090.128,4161.795,4264.872
1739917897.6603,2025-02-18 14:31:37.660,99,false,0.0,4232.82,4343.59,4081.539,4164.487,4267.308
1739917897.6681,2025-02-18 14:31:37.668,100,false,0.0,4241.667,4365.128,4100.641,4161.667,4285.897
1739917897.6759,2025-02-18 14:31:37.675,101,false,0.0,4250.128,4392.436,4116.41,4172.18,4305.0
1739917897.6838,2025-02-18 14:31:37.683,102,false,0.0,4250.769,4383.461,4106.539,4167.949,4300.256
1739917897.6916,2025-02-18 14:31:37.691,103,false,0.0,4250.513,4384.487,4111.41,4156.282,4303.077
1739917897.6994,2025-02-18 14:31:37.699,104,false,0.0,4251.282,4383.077,4115.769,4161.667,4316.41
1739917897.7072,2025-02-18 14:31:37.707,105,false,0.0,4247.692,4349.615,4089.872,4161.667,4308.077
1739917897.715,2025-02-18 14:31:37.715,106,false,0.0,4270.641,4369.615,4089.872,4162.18,4313.59
1739917897.7228,2025-02-18 14:31:37.722,107,false,0.0,4317.692,4421.923,4118.077,4180.0,4353.333
1739917897.7306,2025-02-18 14:31:37.730,108,false,0.0,4330.128,4388.846,4106.795,4178.59,4363.205
1739917897.7384,2025-02-18 14:31:37.738,109,false,0.0,4317.436,4346.795,4084.487,4156.154,4340.128
1739917897.7463,2025-02-18 14:31:37.746,110,false,0.0,4328.59,4379.872,4095.641,4152.949,4344.872
1739917897.7541,2025-02-18 14:31:37.754,111,false,0.0,4337.82,4389.359,4098.461,4162.051,4362.051
1739917897.7619,2025-02-18 14:31:37.761,112,false,0.0,4325.128,4368.718,4089.487,4165.641,4354.615
1739917897.7697,2025-02-18 14:31:37.769,113,false,0.0,4324.231,4390.641,4100.769,4168.205,4346.026
1739917897.7775,2025-02-18 14:31:37.777,114,false,0.0,4332.692,4395.0,4110.641,4165.0,4351.026
1739917897.7853,2025-02-18 14:31:37.785,115,false,0.0,4326.154,4360.897,4107.949,4159.744,4353.205
1739917897.7931,2025-02-18 14:31:37.793,116,false,0.0,4307.82,4357.564,4105.385,4153.333,4343.718
1739917897.8009,2025-02-18 14:31:37.800,117,false,0.0,4282.308,4359.231,4091.026,4134.359,4318.461
1739917897.8088,2025-02-18 14:31:37.808,118,false,0.0,4264.231,4348.077,4078.974,4123.59,4295.769
1739917897.8166,2025-02-18 14:31:37.816,119,false,0.0,4281.282,4379.744,4101.795,4145.0,4313.974
1739917897.8244,2025-02-18 14:31:37.824,120,false,0.0,4315.385,4416.026,4133.077,4168.333,4355.897
1739917897.8322,2025-02-18 14:31:37.832,121,false,0.0,4316.795,4392.949,4128.846,4161.154,4360.897
1739917897.84,2025-02-18 14:31:37.840,122,false,0.0,4287.308,4363.077,4104.487,4144.231,4333.205
1739917897.8478,2025-02-18 14:31:37.847,123,false,0.0,4273.205,4369.487,4098.846,4148.205,4323.974
1739917897.8556,2025-02-18 14:31:37.855,124,false,0.0,4281.667,4371.41,4105.513,4161.282,4329.359
1739917897.8634,2025-02-18 14:31:37.863,125,false,0.0,4286.154,4359.744,4101.154,4162.18,4326.026
1739917897.8713,2025-02-18 14:31:37.871,126,false,0.0,4290.769,4371.282,4102.82,4166.154,4331.923
1739917897.8791,2025-02-18 14:31:37.879,127,false,0.0,4298.974,4390.385,4118.846,4176.282,4342.308
1739917897.8869,2025-02-18 14:31:37.886,0,false,0.0,4286.923,4374.103,4116.282,4166.667,4328.59
1739917897.8947,2025-02-18 14:31:37.894,1,false,0.0,4273.974,4351.923,4102.564,4155.641,4317.18
1739917897.9025,2025-02-18 14:31:37.902,2,false,0.0,4286.154,4360.769,4107.82,4165.513,4329.231
1739917897.9103,2025-02-18 14:31:37.910,3,false,0.0,4289.231,4357.82,4107.82,4166.154,4329.103
1739917897.9181,2025-02-18 14:31:37.918,4,false,0.0,4284.103,4340.256,4099.231,4162.18,4323.205
1739917897.9259,2025-02-18 14:31:37.925,5,false,0.0,4308.718,4366.923,4117.949,4180.513,4341.282
1739917897.9338,2025-02-18 14:31:37.933,6,false,0.0,4319.487,4397.82,4132.436,4183.333,4347.051
1739917897.9416,2025-02-18 14:31:37.941,7,false,0.0,4285.0,4378.205,4106.026,4160.0,4321.539
1739917897.9494,2025-02-18 14:31:37.949,8,false,0.0,4269.487,4368.077,4088.077,4161.154,4307.82
1739917897.9572,2025-02-18 14:31:37.957,9,false,0.0,4282.051,4384.231,4102.949,4179.872,4310.256
1739917897.965,2025-02-18 14:31:37.965,10,false,0.0,4274.359,4373.974,4106.539,4177.564,4304.231
1739917897.9728,2025-02-18 14:31:37.972,11,false,0.0,4270.128,4368.846,4095.513,4165.128,4300.641
1739917897.9806,2025-02-18 14:31:37.980,12,false,0.0,4294.359,4392.949,4097.692,4157.82,4308.846
1739917897.9884,2025-02-18 14:31:37.988,13,false,0.0,4307.949,4390.641,4102.308,4155.0,4316.026
1739917897.9963,2025-02-18 14:31:37.996,14,false,0.0,4297.436,4369.231,4097.692,4155.897,4315.641
1739917898.0041,2025-02-18 14:31:38.004,15,false,0.0,4291.282,4375.385,4096.539,4155.0,4310.256
1739917898.0119,2025-02-18 14:31:38.011,16,false,0.0,4303.461,4384.487,4102.436,4160.897,4313.718
1739917898.0197,2025-02-18 14:31:38.019,17,false,0.0,4321.923,4378.718,4108.461,4176.41,4329.487
1739917898.0275,2025-02-18 14:31:38.027,18,false,0.0,4320.256,4382.82,4113.077,4175.0,4329.744
1739917898.0353,2025-02-18 14:31:38.035,19,false,0.0,4296.923,4388.718,4110.0,4158.461,4307.436
1739917898.0431,2025-02-18 14:31:38.043,20,false,0.0,4285.385,4374.487,4100.128,4155.513,4293.461
1739917898.0509,2025-02-18 14:31:38.050,21,false,0.0,4288.333,4355.513,4099.615,4160.769,4294.359
1739917898.0588,2025-02-18 14:31:38.058,22,false,0.0,4281.154,4351.539,4102.436,4160.513,4290.641
1739917898.0666,2025-02-18 14:31:38.066,23,false,0.0,4270.256,4359.103,4091.795,4158.59,4282.436
1739917898.0744,2025-02-18 14:31:38.074,24,false,0.0,4272.692,4375.256,4093.718,4157.564,4283.333
1739917898.0822,2025-02-18 14:31:38.082,25,false,0.0,4279.615,4392.308,4123.205,4163.846,4290.128
1739917898.09,2025-02-18 14:31:38.090,26,false,0.0,4276.923,4383.205,4134.359,4173.846,4286.026
1739917898.0978,2025-02-18 14:31:38.097,27,false,0.0,4268.333,4360.513,4117.436,4176.026,4273.846
1739917898.1056,2025-02-18 14:31:38.105,28,false,0.0,4270.385,4371.154,4116.795,4181.282,4275.897
1739917898.1134,2025-02-18 14:31:38.113,29,false,0.0,4282.051,4390.897,4125.769,4190.128,4283.59
1739917898.1213,2025-02-18 14:31:38.121,30,false,0.0,4286.923,4379.872,4122.564,4185.897,4277.949
1739917898.1291,2025-02-18 14:31:38.129,31,false,0.0,4293.077,4382.051,4131.026,4184.103,4280.0
1739917898.1369,2025-02-18 14:31:38.136,32,false,0.0,4303.974,4398.718,4140.513,4188.718,4290.256
1739917898.1447,2025-02-18 14:31:38.144,33,false,0.0,4297.82,4372.82,4121.282,4173.974,4277.564
1739917898.1525,2025-02-18 14:31:38.152,34,false,0.0,4285.513,4345.256,4106.41,4163.461,4261.282
1739917898.1603,2025-02-18 14:31:38.160,35,false,0.0,4285.128,4357.18,4110.641,4177.18,4257.692
1739917898.1681,2025-02-18 14:31:38.168,36,false,0.0,4270.128,4355.513,4100.128,4170.897,4234.103
1739917898.1759,2025-02-18 14:31:38.175,37,false,0.0,4251.41,4353.718,4091.026,4151.539,4215.256
1739917898.1838,2025-02-18 14:31:38.183,38,false,0.0,4266.923,4388.333,4107.82,4163.846,4238.077
1739917898.1916,2025-02-18 14:31:38.191,39,false,0.0,4275.769,4393.846,4116.154,4173.461,4246.923
1739917898.1994,2025-02-18 14:31:38.199,40,false,0.0,4249.103,4360.769,4104.103,4157.308,4222.051
1739917898.2072,2025-02-18 14:31:38.207,41,false,0.0,4244.872,4365.0,4098.974,4159.359,4218.974
1739917898.215,2025-02-18 14:31:38.215,42,false,0.0,4269.872,4389.359,4104.359,4173.974,4229.615
1739917898.2228,2025-02-18 14:31:38.222,43,false,0.0,4273.205,4382.564,4109.103,4170.769,4223.846
1739917898.2306,2025-02-18 14:31:38.230,44,false,0.0,4260.641,4365.641,4103.846,4168.077,4217.949
1739917898.2384,2025-02-18 14:31:38.238,45,false,0.0,4250.0,4356.795,4086.539,4166.795,4205.897
1739917898.2463,2025-02-18 14:31:38.246,46,false,0.0,4235.0,4346.41,4077.821,4154.744,4187.692
1739917898.2541,2025-02-18 14:31:38.254,47,false,0.0,4231.923,4336.667,4082.949,4153.461,4193.718
1739917898.2619,2025-02-18 14:31:38.261,48,false,0.0,4235.513,4328.461,4075.385,4156.026,4199.872
1739917898.2697,2025-02-18 14:31:38.269,49,false,0.0,4216.026,4321.41,4055.0,4140.256,4180.769
1739917898.2775,2025-02-18 14:31:38.277,50,false,0.0,4201.154,4326.795,4050.0,4135.641,4177.436
1739917898.2853,2025-02-18 14:31:38.285,51,false,0.0,4217.692,4350.0,4062.821,4152.949,4194.744
1739917898.2931,2025-02-18 14:31:38.293,52,false,0.0,4225.513,4365.385,4068.718,4150.897,4194.359
1739917898.3009,2025-02-18 14:31:38.300,53,false,0.0,4213.333,4347.82,4058.846,4130.0,4190.0
1739917898.3088,2025-02-18 14:31:38.308,54,false,0.0,4220.897,4332.308,4056.282,4127.18,4203.077
1739917898.3166,2025-02-18 14:31:38.316,55,false,0.0,4237.564,4346.667,4068.59,4138.077,4212.82
1739917898.3244,2025-02-18 14:31:38.324,56,false,0.0,4231.282,4346.923,4068.974,4142.949,4213.333
1739917898.3322,2025-02-18 14:31:38.332,57,false,0.0,4230.385,4332.692,4062.051,4151.154,4222.949
1739917898.34,2025-02-18 14:31:38.340,58,false,0.0,4251.41,4346.795,4072.436,4162.308,4238.333
1739917898.3478,2025-02-18 14:31:38.347,59,false,0.0,4250.513,4349.615,4074.872,4156.667,4237.82
1739917898.3556,2025-02-18 14:31:38.355,60,false,0.0,4226.539,4327.436,4060.0,4144.359,4222.308
1739917898.3634,2025-02-18 14:31:38.363,61,false,0.0,4228.461,4345.128,4072.051,4146.282,4216.795
1739917898.3713,2025-02-18 14:31:38.371,62,false,0.0,4239.231,4370.641,4093.846,4144.231,4217.82
1739917898.3791,2025-02-18 14:31:38.379,63,false,0.0,4220.128,4350.0,4078.974,4131.41,4203.718
1739917898.3869,2025-02-18 14:31:38.386,64,false,0.0,4211.667,4347.949,4066.667,4140.641,4197.18
1739917898.3947,2025-02-18 14:31:38.394,65,false,0.0,4235.513,4373.205,4085.769,4163.461,4215.385
1739917898.4025,2025-02-18 14:31:38.402,66,false,0.0,4238.974,4360.256,4088.205,4159.231,4217.308
1739917898.4103,2025-02-18 14:31:38.410,67,false,0.0,4222.18,4344.231,4071.795,4143.846,4196.667
1739917898.4181,2025-02-18 14:31:38.418,68,false,0.0,4226.795,4362.18,4075.256,4148.59,4197.564
1739917898.4259,2025-02-18 14:31:38.425,69,false,0.0,4228.59,4365.256,4076.923,4157.82,4207.692
1739917898.4338,2025-02-18 14:31:38.433,70,false,0.0,4211.282,4349.872,4060.513,4158.974,4195.128
1739917898.4416,2025-02-18 14:31:38.441,71,false,0.0,4218.718,4349.359,4063.846,4163.718,4189.487
1739917898.4494,2025-02-18 14:31:38.449,72,false,0.0,4247.308,4356.539,4087.564,4172.949,4207.18
1739917898.4572,2025-02-18 14:31:38.457,73,false,0.0,4249.231,4357.82,4091.539,4174.615,4211.923
1739917898.465,2025-02-18 14:31:38.465,74,false,0.0,4227.949,4344.872,4078.461,4160.513,4193.205
1739917898.4728,2025-02-18 14:31:38.472,75,false,0.0,4211.539,4326.154,4076.026,4146.539,4179.744
1739917898.4806,2025-02-18 14:31:38.480,76,false,0.0,4207.949,4333.846,4082.179,4155.256,4182.82
1739917898.4884,2025-02-18 14:31:38.488,77,false,0.0,4217.051,4352.692,4083.077,4166.923,4187.949
1739917898.4963,2025-02-18 14:31:38.496,78,false,0.0,4225.0,4344.487,4077.821,4160.0,4185.385
1739917898.5041,2025-02-18 14:31:38.504,79,false,0.0,4219.744,4330.256,4071.667,4158.461,4178.718
1739917898.5119,2025-02-18 14:31:38.511,80,false,0.0,4217.18,4337.692,4075.0,4167.564,4175.0
1739917898.5197,2025-02-18 14:31:38.519,81,false,0.0,4225.769,4347.436,4089.487,4165.513,4180.128
1739917898.5275,2025-02-18 14:31:38.527,82,false,0.0,4227.436,4338.333,4091.539,4164.231,4186.41
1739917898.5353,2025-02-18 14:31:38.535,83,false,0.0,4221.667,4322.949,4078.077,4173.718,4178.461
1739917898.5431,2025-02-18 14:31:38.543,84,false,0.0,4226.41,4332.308,4080.769,4178.974,4168.59
1739917898.5509,2025-02-18 14:31:38.550,85,false,0.0,4237.051,4357.564,4094.359,4181.539,4174.231
1739917898.5588,2025-02-18 14:31:38.558,86,false,0.0,4236.026,4359.359,4085.897,4181.539,4178.59
1739917898.5666,2025-02-18 14:31:38.566,87,false,0.0,4225.897,4348.974,4073.077,4169.615,4172.051
1739917898.5744,2025-02-18 14:31:38.574,88,false,0.0,4216.795,4349.744,4077.564,4160.513,4165.769
1739917898.5822,2025-02-18 14:31:38.582,89,false,0.0,4210.897,4343.077,4078.077,4161.667,4153.59
1739917898.59,2025-02-18 14:31:38.590,90,false,0.0,4213.205,4338.974,4075.513,4161.539,4141.667
1739917898.5978,2025-02-18 14:31:38.597,91,false,0.0,4222.82,4354.487,4088.205,4165.769,4145.0
1739917898.6056,2025-02-18 14:31:38.605,92,false,0.0,4222.564,4358.333,4097.436,4174.231,4142.564
1739917898.6134,2025-02-18 14:31:38.613,93,false,0.0,4212.564,4343.846,4091.667,4174.744,4130.641
1739917898.6213,2025-02-18 14:31:38.621,94,false,0.0,4212.949,4337.051,4083.333,4174.231,4133.461
1739917898.6291,2025-02-18 14:31:38.629,95,false,0.0,4220.385,4341.154,4077.692,4174.359,4133.077
1739917898.6369,2025-02-18 14:31:38.636,96,false,0.0,4221.154,4352.18,4082.308,4166.154,4121.539
1739917898.6447,2025-02-18 14:31:38.644,97,false,0.0,4225.256,4355.641,4093.461,4162.051,4129.487
1739917898.6525,2025-02-18 14:31:38.652,98,false,0.0,4236.41,4346.282,4092.051,4167.949,4141.026
1739917898.6603,2025-02-18 14:31:38.660,99,false,0.0,4238.718,4350.769,4086.795,4168.205,4129.744
1739917898.6681,2025-02-18 14:31:38.668,100,false,0.0,4228.974,4352.692,4087.692,4166.667,4118.077
1739917898.6759,2025-02-18 14:31:38.675,101,false,0.0,4215.769,4328.718,4080.897,4172.692,4107.18
1739917898.6838,2025-02-18 14:31:38.683,102,false,0.0,4203.718,4323.461,4075.385,4172.308,4089.231
1739917898.6916,2025-02-18 14:31:38.691,103,false,0.0,4197.949,4334.231,4078.974,4162.692,4087.051
1739917898.6994,2025-02-18 14:31:38.699,104,false,0.0,4199.615,4319.359,4076.795,4162.308,4091.795
1739917898.7072,2025-02-18 14:31:38.707,105,false,0.0,4206.539,4325.256,4080.513,4170.897,4086.667
1739917898.715,2025-02-18 14:31:38.715,106,false,0.0,4215.256,4363.59,4096.026,4170.641,4095.769
1739917898.7228,2025-02-18 14:31:38.722,107,false,0.0,4218.333,4356.41,4090.897,4162.308,4107.18
1739917898.7306,2025-02-18 14:31:38.730,108,false,0.0,4216.539,4323.59,4073.974,4156.923,4093.333
1739917898.7384,2025-02-18 14:31:38.738,109,false,0.0,4217.436,4333.718,4077.564,4153.718,4088.718
1739917898.7463,2025-02-18 14:31:38.746,110,false,0.0,4212.308,4346.795,4080.385,4150.641,4101.795
1739917898.7541,2025-02-18 14:31:38.754,111,false,0.0,4199.103,4325.128,4070.128,4152.82,4091.539
1739917898.7619,2025-02-18 14:31:38.761,112,false,0.0,4197.692,4312.436,4076.41,4159.103,4078.333
1739917898.7697,2025-02-18 14:31:38.769,113,false,0.0,4205.0,4324.744,4093.846,4161.41,4094.487
1739917898.7775,2025-02-18 14:31:38.777,114,false,0.0,4201.282,4330.256,4091.41,4157.308,4100.256
1739917898.7853,2025-02-18 14:31:38.785,115,false,0.0,4194.872,4326.667,4078.974,4149.487,4077.051
1739917898.7931,2025-02-18 14:31:38.793,116,false,0.0,4196.154,4340.0,4081.795,4145.897,4066.923
1739917898.8009,2025-02-18 14:31:38.800,117,false,0.0,4200.128,4362.051,4093.974,4151.026,4080.128
1739917898.8088,2025-02-18 14:31:38.808,118,false,0.0,4208.205,4356.026,4098.077,4156.026,4095.0
1739917898.8166,2025-02-18 14:31:38.816,119,false,0.0,4216.539,4334.487,4094.744,4158.077,4110.256
1739917898.8244,2025-02-18 14:31:38.824,120,false,0.0,4212.564,4334.103,4095.769,4169.231,4123.077
1739917898.8322,2025-02-18 14:31:38.832,121,false,0.0,4206.795,4337.051,4101.923,4184.103,4123.59
1739917898.84,2025-02-18 14:31:38.840,122,false,0.0,4213.333,4326.282,4108.461,4189.615,4128.333
1739917898.8478,2025-02-18 14:31:38.847,123,false,0.0,4217.949,4319.744,4113.59,4191.923,4147.692
1739917898.8556,2025-02-18 14:31:38.855,124,false,0.0,4204.103,4310.641,4109.615,4190.641,4154.615
1739917898.8634,2025-02-18 14:31:38.863,125,false,0.0,4183.718,4299.487,4094.487,4177.051,4140.897
1739917898.8713,2025-02-18 14:31:38.871,126,false,0.0,4175.897,4311.795,4082.179,4167.82,4134.744
1739917898.8791,2025-02-18 14:31:38.879,127,false,0.0,4180.128,4326.026,4080.513,4174.872,4144.615
1739917898.8869,2025-02-18 14:31:38.886,0,false,0.0,4188.846,4321.923,4089.615,4183.077,4161.539
1739917898.8947,2025-02-18 14:31:38.894,1,false,0.0,4201.026,4326.795,4110.128,4187.82,4185.128
1739917898.9025,2025-02-18 14:31:38.902,2,false,0.0,4208.59,4332.82,4124.872,4190.256,4202.051
1739917898.9103,2025-02-18 14:31:38.910,3,false,0.0,4203.974,4318.974,4118.718,4179.872,4205.513
1739917898.9181,2025-02-18 14:31:38.918,4,false,0.0,4195.513,4310.256,4109.872,4169.231,4216.539
1739917898.9259,2025-02-18 14:31:38.925,5,false,0.0,4193.718,4314.615,4115.0,4182.051,4238.205
1739917898.9338,2025-02-18 14:31:38.933,6,false,0.0,4200.385,4324.872,4126.539,4202.436,4255.897
1739917898.9416,2025-02-18 14:31:38.941,7,false,0.0,4206.923,4340.256,4133.59,4203.846,4270.513
1739917898.9494,2025-02-18 14:31:38.949,8,false,0.0,4198.974,4331.923,4127.564,4197.82,4278.974
1739917898.9572,2025-02-18 14:31:38.957,9,false,0.0,4191.154,4312.436,4118.461,4205.641,4282.308
1739917898.965,2025-02-18 14:31:38.965,10,false,0.0,4205.256,4332.82,4126.154,4216.539,4295.385
1739917898.9728,2025-02-18 14:31:38.972,11,false,0.0,4210.897,4351.282,4133.59,4211.41,4304.615
1739917898.9806,2025-02-18 14:31:38.980,12,false,0.0,4188.974,4327.949,4118.59,4199.103,4293.461
1739917898.9884,2025-02-18 14:31:38.988,13,false,0.0,4180.256,4322.564,4109.103,4195.641,4286.41
1739917898.9963,2025-02-18 14:31:38.996,14,false,0.0,4189.487,4338.59,4118.846,4196.41,4290.897
1739917899.0041,2025-02-18 14:31:39.004,15,false,0.0,4183.205,4331.282,4116.41,4196.539,4287.949
1739917899.0119,2025-02-18 14:31:39.011,16,false,0.0,4180.128,4335.513,4104.744,4199.359,4287.564
1739917899.0197,2025-02-18 14:31:39.019,17,false,0.0,4193.974,4355.385,4107.051,4195.256,4295.128
1739917899.0275,2025-02-18 14:31:39.027,18,false,0.0,4190.513,4340.897,4107.692,4180.769,4291.026
1739917899.0353,2025-02-18 14:31:39.035,19,false,0.0,4177.051,4326.026,4100.385,4174.231,4285.128
1739917899.0431,2025-02-18 14:31:39.043,20,false,0.0,4188.077,4340.769,4106.154,4183.333,4298.205
1739917899.0509,2025-02-18 14:31:39.050,21,false,0.0,4205.0,4337.692,4115.385,4193.333,4314.744
1739917899.0588,2025-02-18 14:31:39.058,22,false,0.0,4201.667,4320.897,4109.872,4193.846,4313.461
1739917899.0666,2025-02-18 14:31:39.066,23,false,0.0,4191.282,4324.615,4105.513,4189.744,4302.308
1739917899.0744,2025-02-18 14:31:39.074,24,false,0.0,4188.718,4330.0,4109.487,4190.128,4298.718
1739917899.0822,2025-02-18 14:31:39.082,25,false,0.0,4194.487,4335.128,4108.333,4192.692,4303.205
1739917899.09,2025-02-18 14:31:39.090,26,false,0.0,4198.59,4347.564,4103.333,4187.436,4302.692
1739917899.0978,2025-02-18 14:31:39.097,27,false,0.0,4190.385,4340.513,4098.846,4181.923,4298.333
1739917899.1056,2025-02-18 14:31:39.105,28,false,0.0,4181.539,4326.923,4091.539,4187.692,4297.692
1739917899.1134,2025-02-18 14:31:39.113,29,false,0.0,4184.744,4336.026,4088.718,4189.872,4291.282
1739917899.1213,2025-02-18 14:31:39.121,30,false,0.0,4187.564,4334.615,4091.154,4177.436,4280.385
1739917899.1291,2025-02-18 14:31:39.129,31,false,0.0,4183.718,4310.513,4084.744,4168.205,4282.949
1739917899.1369,2025-02-18 14:31:39.136,32,false,0.0,4183.333,4301.923,4074.359,4170.897,4286.282
1739917899.1447,2025-02-18 14:31:39.144,33,false,0.0,4182.436,4308.205,4073.333,4173.974,4273.077
1739917899.1525,2025-02-18 14:31:39.152,34,false,0.0,4177.051,4310.0,4071.923,4173.461,4262.051
1739917899.1603,2025-02-18 14:31:39.160,35,false,0.0,4176.154,4314.744,4066.026,4169.487,4262.692
1739917899.1681,2025-02-18 14:31:39.168,36,false,0.0,4177.308,4318.59,4071.282,4168.205,4262.18
1739917899.1759,2025-02-18 14:31:39.175,37,false,0.0,4174.103,4316.026,4084.487,4177.82,4261.154
1739917899.1838,2025-02-18 14:31:39.183,38,false,0.0,4173.846,4322.564,4088.846,4182.692,4258.974
1739917899.1916,2025-02-18 14:31:39.191,39,false,0.0,4178.974,4338.333,4089.103,4173.59,4250.385
1739917899.1994,2025-02-18 14:31:39.199,40,false,0.0,4179.103,4344.615,4089.487,4167.82,4237.051
1739917899.2072,2025-02-18 14:31:39.207,41,false,0.0,4163.718,4337.564,4075.641,4155.385,4207.18
1739917899.215,2025-02-18 14:31:39.215,42,false,0.0,4140.0,4331.667,4055.385,4127.051,4164.487
1739917899.2228,2025-02-18 14:31:39.222,43,false,0.0,4134.744,4335.0,4054.487,4123.205,4147.564
1739917899.2306,2025-02-18 14:31:39.230,44,false,0.0,4145.641,4335.0,4065.256,4145.513,4153.205
1739917899.2384,2025-02-18 14:31:39.238,45,false,0.0,4142.949,4329.744,4068.59,4146.667,4147.18
1739917899.2463,2025-02-18 14:31:39.246,46,false,0.0,4136.539,4335.513,4068.846,4136.539,4143.077
1739917899.2541,2025-02-18 14:31:39.254,47,false,0.0,4146.154,4342.18,4068.205,4142.436,4150.897
1739917899.2619,2025-02-18 14:31:39.261,48,false,0.0,4152.051,4339.615,4071.923,4146.154,4146.539
1739917899.2697,2025-02-18 14:31:39.269,49,false,0.0,4154.231,4351.154,4095.128,4149.744,4143.461
1739917899.2775,2025-02-18 14:31:39.277,50,false,0.0,4170.256,4367.051,4120.513,4165.897,4159.615
1739917899.2853,2025-02-18 14:31:39.285,51,false,0.0,4180.0,4355.897,4121.41,4175.641,4165.0
1739917899.2931,2025-02-18 14:31:39.293,52,false,0.0,4173.333,4340.256,4110.513,4177.308,4151.282
1739917899.3009,2025-02-18 14:31:39.300,53,false,0.0,4166.154,4341.41,4099.359,4180.256,4141.667
1739917899.3088,2025-02-18 14:31:39.308,54,false,0.0,4153.59,4339.744,4084.359,4172.436,4135.897
1739917899.3166,2025-02-18 14:31:39.316,55,false,0.0,4143.077,4341.539,4080.769,4158.846,4133.205
1739917899.3244,2025-02-18 14:31:39.324,56,false,0.0,4152.564,4353.205,4089.615,4151.539,4140.769
1739917899.3322,2025-02-18 14:31:39.332,57,false,0.0,4160.0,4349.103,4089.615,4147.82,4148.59
1739917899.34,2025-02-18 14:31:39.340,58,false,0.0,4154.359,4340.385,4084.231,4152.308,4148.718
1739917899.3478,2025-02-18 14:31:39.347,59,false,0.0,4150.385,4350.0,4079.872,4156.154,4144.744
1739917899.3556,2025-02-18 14:31:39.355,60,false,0.0,4137.949,4350.256,4065.513,4143.974,4138.461
1739917899.3634,2025-02-18 14:31:39.363,61,false,0.0,4121.026,4332.308,4047.949,4136.282,4136.923
1739917899.3713,2025-02-18 14:31:39.371,62,false,0.0,4125.897,4331.795,4042.436,4140.0,4141.026
1739917899.3791,2025-02-18 14:31:39.379,63,false,0.0,4141.667,4345.513,4052.179,4138.205,4151.41
1739917899.3869,2025-02-18 14:31:39.386,64,false,0.0,4153.846,4342.82,4074.487,4147.564,4175.897
1739917899.3947,2025-02-18 14:31:39.394,65,false,0.0,4164.103,4332.82,4088.333,4164.487,4189.487
1739917899.4025,2025-02-18 14:31:39.402,66,false,0.0,4152.308,4337.564,4080.641,4150.897,4164.103
1739917899.4103,2025-02-18 14:31:39.410,67,false,0.0,4126.923,4349.744,4075.769,4133.461,4139.231
1739917899.4181,2025-02-18 14:31:39.418,68,false,0.0,4129.872,4348.461,4082.179,4151.154,4146.154
1739917899.4259,2025-02-18 14:31:39.425,69,false,0.0,4142.436,4331.795,4077.436,4161.41,4146.154
1739917899.4338,2025-02-18 14:31:39.433,70,false,0.0,4127.692,4319.615,4067.564,4141.923,4128.333
1739917899.4416,2025-02-18 14:31:39.441,71,false,0.0,4113.59,4322.051,4065.769,4135.641,4123.974
1739917899.4494,2025-02-18 14:31:39.449,72,false,0.0,4121.923,4326.667,4057.821,4144.103,4126.539
1739917899.4572,2025-02-18 14:31:39.457,73,false,0.0,4130.769,4332.18,4050.769,4140.256,4124.615
1739917899.465,2025-02-18 14:31:39.465,74,false,0.0,4135.897,4343.718,4061.795,4138.718,4132.308
1739917899.4728,2025-02-18 14:31:39.472,75,false,0.0,4140.256,4345.128,4066.923,4147.18,4136.795
1739917899.4806,2025-02-18 14:31:39.480,76,false,0.0,4137.692,4333.974,4056.282,4147.436,4125.128
1739917899.4884,2025-02-18 14:31:39.488,77,false,0.0,4140.385,4337.692,4059.615,4145.128,4123.461
1739917899.4963,2025-02-18 14:31:39.496,78,false,0.0,4152.949,4353.333,4075.385,4151.795,4136.795
1739917899.5041,2025-02-18 14:31:39.504,79,false,0.0,4160.256,4353.333,4083.59,4160.385,4144.872
1739917899.5119,2025-02-18 14:31:39.511,80,false,0.0,4167.051,4350.513,4092.051,4169.231,4152.051
1739917899.5197,2025-02-18 14:31:39.519,81,false,0.0,4173.718,4365.897,4097.18,4171.154,4157.949
1739917899.5275,2025-02-18 14:31:39.527,82,false,0.0,4160.769,4374.487,4085.513,4156.026,4147.564
1739917899.5353,2025-02-18 14:31:39.535,83,false,0.0,4146.154,4356.282,4076.539,4148.846,4138.205
1739917899.5431,2025-02-18 14:31:39.543,84,false,0.0,4159.359,4339.103,4080.385,4164.872,4145.641
1739917899.5509,2025-02-18 14:31:39.550,85,false,0.0,4171.923,4339.103,4077.436,4168.59,4146.282
1739917899.5588,2025-02-18 14:31:39.558,86,false,0.0,4158.077,4333.974,4070.897,4152.949,4133.077
1739917899.5666,2025-02-18 14:31:39.566,87,false,0.0,4151.795,4328.718,4074.103,4154.744,4134.615
1739917899.5744,2025-02-18 14:31:39.574,88,false,0.0,4173.974,4355.513,4078.077,4170.128,4153.333
1739917899.5822,2025-02-18 14:31:39.582,89,false,0.0,4190.513,4387.18,4074.872,4167.18,4158.461
1739917899.59,2025-02-18 14:31:39.590,90,false,0.0,4180.897,4375.0,4071.282,4152.82,4145.0
1739917899.5978,2025-02-18 14:31:39.597,91,false,0.0,4173.205,4351.795,4077.564,4153.333,4144.744
1739917899.6056,2025-02-18 14:31:39.605,92,false,0.0,4188.718,4367.82,4094.231,4171.539,4166.667
1739917899.6134,2025-02-18 14:31:39.613,93,false,0.0,4203.846,4392.051,4103.846,4184.103,4177.051
1739917899.6213,2025-02-18 14:31:39.621,94,false,0.0,4195.641,4381.41,4094.359,4175.128,4164.487
1739917899.6291,2025-02-18 14:31:39.629,95,false,0.0,4182.308,4353.718,4080.128,4162.692,4157.308
1739917899.6369,2025-02-18 14:31:39.636,96,false,0.0,4183.718,4344.103,4074.487,4164.872,4160.513
1739917899.6447,2025-02-18 14:31:39.644,97,false,0.0,4184.103,4353.59,4072.436,4163.461,4155.385
1739917899.6525,2025-02-18 14:31:39.652,98,false,0.0,4173.077,4360.128,4071.026,4152.308,4149.744
1739917899.6603,2025-02-18 14:31:39.660,99,false,0.0,4173.333,4361.923,4076.667,4155.769,4156.795
1739917899.6681,2025-02-18 14:31:39.668,100,false,0.0,4188.846,4368.205,4088.205,4168.974,4163.077
1739917899.6759,2025-02-18 14:31:39.675,101,false,0.0,4189.231,4360.897,4091.154,4165.641,4160.641
1739917899.6838,2025-02-18 14:31:39.683,102,false,0.0,4175.385,4339.744,4080.769,4156.026,4159.359
1739917899.6916,2025-02-18 14:31:39.691,103,false,0.0,4179.103,4344.615,4076.923,4160.513,4163.59
1739917899.6994,2025-02-18 14:31:39.699,104,false,0.0,4194.744,4363.59,4086.41,4167.308,4170.513
1739917899.7072,2025-02-18 14:31:39.707,105,false,0.0,4193.205,4350.128,4085.769,4163.718,4174.872
1739917899.715,2025-02-18 14:31:39.715,106,false,0.0,4181.923,4329.359,4073.333,4156.539,4167.436
1739917899.7228,2025-02-18 14:31:39.722,107,false,0.0,4182.18,4341.154,4076.539,4152.949,4157.692
1739917899.7306,2025-02-18 14:31:39.730,108,false,0.0,4187.692,4358.59,4090.769,4154.231,4161.667
1739917899.7384,2025-02-18 14:31:39.738,109,false,0.0,4184.744,4356.154,4086.282,4155.128,4165.513
1739917899.7463,2025-02-18 14:31:39.746,110,false,0.0,4181.282,4348.974,4075.385,4152.949,4159.103
1739917899.7541,2025-02-18 14:31:39.754,111,false,0.0,4187.692,4347.692,4081.282,4154.487,4162.308
1739917899.7619,2025-02-18 14:31:39.761,112,false,0.0,4190.385,4346.026,4082.308,4155.385,4172.564
1739917899.7697,2025-02-18 14:31:39.769,113,false,0.0,4178.205,4338.333,4069.103,4148.461,4169.872
1739917899.7775,2025-02-18 14:31:39.777,114,false,0.0,4172.692,4330.256,4071.154,4149.872,4166.282
1739917899.7853,2025-02-18 14:31:39.785,115,false,0.0,4182.051,4331.923,4082.949,4160.0,4172.82
1739917899.7931,2025-02-18 14:31:39.793,116,false,0.0,4185.0,4337.436,4080.513,4158.205,4177.949
1739917899.8009,2025-02-18 14:31:39.800,117,false,0.0,4185.256,4336.667,4080.769,4159.231,4182.436
1739917899.8088,2025-02-18 14:31:39.808,118,false,0.0,4195.385,4332.051,4086.41,4172.436,4186.41
1739917899.8166,2025-02-18 14:31:39.816,119,false,0.0,4191.667,4323.974,4075.513,4164.103,4180.385
1739917899.8244,2025-02-18 14:31:39.824,120,false,0.0,4167.308,4311.923,4065.641,4142.18,4170.897
1739917899.8322,2025-02-18 14:31:39.832,121,false,0.0,4159.231,4311.026,4075.513,4150.0,4168.461
1739917899.84,2025-02-18 14:31:39.840,122,false,0.0,4178.461,4329.231,4087.179,4168.974,4175.897
1739917899.8478,2025-02-18 14:31:39.847,123,false,0.0,4192.051,4345.128,4095.513,4166.923,4189.487
1739917899.8556,2025-02-18 14:31:39.855,124,false,0.0,4185.641,4341.539,4097.82,4164.487,4187.949
1739917899.8634,2025-02-18 14:31:39.863,125,false,0.0,4184.487,4335.385,4089.231,4173.333,4175.128
1739917899.8713,2025-02-18 14:31:39.871,126,false,0.0,4196.923,4339.744,4092.821,4171.795,4180.385
1739917899.8791,2025-02-18 14:31:39.879,127,false,0.0,4195.128,4337.564,4106.026,4158.077,4186.154
1739917899.8869,2025-02-18 14:31:39.886,0,false,0.0,4181.282,4329.103,4099.359,4154.872,4173.333
1739917899.8947,2025-02-18 14:31:39.894,1,false,0.0,4188.077,4334.872,4093.461,4168.974,4177.051
1739917899.9025,2025-02-18 14:31:39.902,2,false,0.0,4200.769,4344.359,4105.256,4182.051,4196.282
1739917899.9103,2025-02-18 14:31:39.910,3,false,0.0,4191.795,4339.615,4100.769,4184.359,4191.795
1739917899.9181,2025-02-18 14:31:39.918,4,false,0.0,4184.487,4333.718,4081.795,4186.282,4178.205
1739917899.9259,2025-02-18 14:31:39.925,5,false,0.0,4191.795,4335.769,4080.641,4184.615,4180.256
1739917899.9338,2025-02-18 14:31:39.933,6,false,0.0,4192.308,4341.539,4084.872,4171.667,4184.231
1739917899.9416,2025-02-18 14:31:39.941,7,false,0.0,4190.769,4350.513,4078.205,4163.718,4186.41
1739917899.9494,2025-02-18 14:31:39.949,8,false,0.0,4198.846,4346.795,4074.744,4166.026,4187.949
1739917899.9572,2025-02-18 14:31:39.957,9,false,0.0,4200.513,4322.051,4078.59,4163.718,4179.744
1739917899.965,2025-02-18 14:31:39.965,10,false,0.0,4191.154,4310.128,4078.205,4159.487,4170.0
1739917899.9728,2025-02-18 14:31:39.972,11,false,0.0,4188.333,4330.385,4074.487,4162.949,4170.128
1739917899.9806,2025-02-18 14:31:39.980,12,false,0.0,4194.744,4348.59,4078.974,4170.128,4178.974
1739917899.9884,2025-02-18 14:31:39.988,13,false,0.0,4192.18,4339.359,4082.821,4174.231,4186.026
1739917899.9963,2025-02-18 14:31:39.996,14,false,0.0,4184.103,4325.897,4073.077,4174.487,4183.461
1739917900.0041,2025-02-18 14:31:40.004,15,false,0.0,4202.564,4335.385,4075.385,4183.077,4196.154
1739917900.0119,2025-02-18 14:31:40.011,16,false,0.0,4234.615,4353.718,4100.897,4202.692,4232.82
1739917900.0197,2025-02-18 14:31:40.019,17,false,0.0,4230.897,4354.103,4103.59,4206.795,4244.487
1739917900.0275,2025-02-18 14:31:40.027,18,false,0.0,4212.051,4344.103,4080.385,4191.667,4228.461
1739917900.0353,2025-02-18 14:31:40.035,19,false,0.0,4221.795,4343.718,4079.872,4189.103,4237.564
1739917900.0431,2025-02-18 14:31:40.043,20,false,0.0,4228.59,4338.333,4086.795,4197.82,4251.539
1739917900.0509,2025-02-18 14:31:40.050,21,false,0.0,4215.513,4316.154,4069.487,4198.846,4234.872
1739917900.0588,2025-02-18 14:31:40.058,22,false,0.0,4223.974,4311.41,4066.795,4203.461,4232.564
1739917900.0666,2025-02-18 14:31:40.066,23,false,0.0,4245.769,4336.795,4095.897,4217.436,4256.282
1739917900.0744,2025-02-18 14:31:40.074,24,false,0.0,4242.564,4342.82,4110.256,4221.41,4256.41
1739917900.0822,2025-02-18 14:31:40.082,25,false,0.0,4230.128,4316.154,4101.539,4208.461,4236.41
1739917900.09,2025-02-18 14:31:40.090,26,false,0.0,4231.026,4315.385,4106.026,4195.513,4232.18
1739917900.0978,2025-02-18 14:31:40.097,27,false,0.0,4238.077,4348.59,4123.333,4200.256,4243.461
1739917900.1056,2025-02-18 14:31:40.105,28,false,0.0,4243.077,4354.872,4123.59,4211.026,4252.564
1739917900.1134,2025-02-18 14:31:40.113,29,false,0.0,4238.333,4333.077,4110.641,4206.282,4246.667
1739917900.1213,2025-02-18 14:31:40.121,30,false,0.0,4227.051,4331.667,4110.385,4201.41,4230.897
1739917900.1291,2025-02-18 14:31:40.129,31,false,0.0,4224.744,4341.026,4116.539,4211.282,4223.718
1739917900.1369,2025-02-18 14:31:40.136,32,false,0.0,4229.487,4342.308,4111.923,4212.949,4223.846
1739917900.1447,2025-02-18 14:31:40.144,33,false,0.0,4230.385,4356.795,4109.359,4204.487,4224.487
1739917900.1525,2025-02-18 14:31:40.152,34,false,0.0,4230.256,4365.0,4111.795,4208.974,4228.461
1739917900.1603,2025-02-18 14:31:40.160,35,false,0.0,4232.692,4345.128,4105.0,4216.667,4228.077
1739917900.1681,2025-02-18 14:31:40.168,36,false,0.0,4236.026,4343.077,4102.308,4212.564,4223.846
1739917900.1759,2025-02-18 14:31:40.175,37,false,0.0,4233.846,4357.18,4107.564,4205.385,4223.974
1739917900.1838,2025-02-18 14:31:40.183,38,false,0.0,4222.18,4334.872,4096.026,4199.231,4214.231
1739917900.1916,2025-02-18 14:31:40.191,39,false,0.0,4215.256,4311.154,4079.103,4195.128,4195.513
1739917900.1994,2025-02-18 14:31:40.199,40,false,0.0,4218.718,4317.564,4080.256,4194.615,4191.923
1739917900.2072,2025-02-18 14:31:40.207,41,false,0.0,4219.872,4313.205,4083.077,4195.128,4198.333
1739917900.215,2025-02-18 14:31:40.215,42,false,0.0,4226.539,4323.846,4085.385,4201.923,4203.461
1739917900.2228,2025-02-18 14:31:40.222,43,false,0.0,4244.615,4372.18,4103.077,4212.82,4216.154
1739917900.2306,2025-02-18 14:31:40.230,44,false,0.0,4249.487,4373.333,4115.0,4210.769,4224.615
1739917900.2384,2025-02-18 14:31:40.238,45,false,0.0,4239.744,4331.026,4105.513,4200.256,4213.718
1739917900.2463,2025-02-18 14:31:40.246,46,false,0.0,4240.513,4338.846,4099.487,4197.308,4204.615
1739917900.2541,2025-02-18 14:31:40.254,47,false,0.0,4249.231,4363.077,4106.026,4200.513,4211.41
1739917900.2619,2025-02-18 14:31:40.261,48,false,0.0,4250.897,4344.615,4106.795,4206.282,4213.718
1739917900.2697,2025-02-18 14:31:40.269,49,false,0.0,4248.333,4333.077,4101.154,4210.513,4202.436
1739917900.2775,2025-02-18 14:31:40.277,50,false,0.0,4248.333,4348.59,4102.436,4204.231,4199.872
1739917900.2853,2025-02-18 14:31:40.285,51,false,0.0,4251.923,4355.513,4107.18,4194.487,4213.205
1739917900.2931,2025-02-18 14:31:40.293,52,false,0.0,4252.051,4349.744,4101.923,4192.308,4214.231
1739917900.3009,2025-02-18 14:31:40.300,53,false,0.0,4243.59,4335.641,4094.744,4196.282,4197.564
1739917900.3088,2025-02-18 14:31:40.308,54,false,0.0,4239.744,4327.564,4099.872,4204.103,4197.18
1739917900.3166,2025-02-18 14:31:40.316,55,false,0.0,4246.539,4341.282,4105.641,4211.282,4212.051
1739917900.3244,2025-02-18 14:31:40.324,56,false,0.0,4249.744,4348.718,4103.333,4210.0,4209.872
1739917900.3322,2025-02-18 14:31:40.332,57,false,0.0,4244.615,4342.051,4105.256,4202.051,4199.744
1739917900.34,2025-02-18 14:31:40.340,58,false,0.0,4239.872,4348.461,4108.333,4194.359,4203.205
1739917900.3478,2025-02-18 14:31:40.347,59,false,0.0,4238.59,4354.744,4103.205,4189.487,4205.385
1739917900.3556,2025-02-18 14:31:40.355,60,false,0.0,4237.308,4351.923,4101.539,4187.82,4199.872
1739917900.3634,2025-02-18 14:31:40.363,61,false,0.0,4235.385,4355.513,4104.487,4191.41,4199.615
1739917900.3713,2025-02-18 14:31:40.371,62,false,0.0,4238.461,4349.103,4102.564,4199.359,4199.615
1739917900.3791,2025-02-18 14:31:40.379,63,false,0.0,4245.897,4338.205,4105.256,4200.897,4196.667
1739917900.3869,2025-02-18 14:31:40.386,64,false,0.0,4244.487,4348.077,4109.744,4191.026,4200.0
1739917900.3947,2025-02-18 14:31:40.394,65,false,0.0,4235.641,4350.513,4099.744,4181.282,4200.385
1739917900.4025,2025-02-18 14:31:40.402,66,false,0.0,4230.128,4337.564,4088.59,4172.308,4189.744
1739917900.4103,2025-02-18 14:31:40.410,67,false,0.0,4220.256,4335.385,4085.897,4157.564,4184.744
1739917900.4181,2025-02-18 14:31:40.418,68,false,0.0,4208.205,4329.103,4078.974,4154.872,4191.026
1739917900.4259,2025-02-18 14:31:40.425,69,false,0.0,4217.051,4329.615,4084.103,4174.744,4203.59
1739917900.4338,2025-02-18 14:31:40.433,70,false,0.0,4239.103,4353.718,4112.564,4190.769,4222.564
1739917900.4416,2025-02-18 14:31:40.441,71,false,0.0,4239.872,4344.872,4118.461,4183.846,4224.615
1739917900.4494,2025-02-18 14:31:40.449,72,false,0.0,4222.949,4318.205,4090.897,4166.667,4196.154
1739917900.4572,2025-02-18 14:31:40.457,73,false,0.0,4224.359,4349.872,4083.846,4158.461,4181.923
1739917900.465,2025-02-18 14:31:40.465,74,false,0.0,4239.359,4376.41,4091.923,4158.205,4196.795
1739917900.4728,2025-02-18 14:31:40.472,75,false,0.0,4235.256,4339.103,4074.359,4155.641,4196.282
1739917900.4806,2025-02-18 14:31:40.480,76,false,0.0,4232.949,4327.692,4070.513,4164.231,4192.564
1739917900.4884,2025-02-18 14:31:40.488,77,false,0.0,4261.667,4358.333,4102.436,4191.795,4217.18
1739917900.4963,2025-02-18 14:31:40.496,78,false,0.0,4273.461,4354.872,4104.231,4195.513,4220.769
1739917900.5041,2025-02-18 14:31:40.504,79,false,0.0,4242.82,4341.795,4075.641,4165.128,4190.513
1739917900.5119,2025-02-18 14:31:40.511,80,false,0.0,4231.539,4362.692,4080.385,4157.18,4190.897
1739917900.5197,2025-02-18 14:31:40.519,81,false,0.0,4251.026,4375.513,4094.744,4176.026,4211.923
1739917900.5275,2025-02-18 14:31:40.527,82,false,0.0,4248.718,4357.82,4082.179,4176.539,4205.897
1739917900.5353,2025-02-18 14:31:40.535,83,false,0.0,4237.692,4343.077,4082.308,4173.333,4201.41
1739917900.5431,2025-02-18 14:31:40.543,84,false,0.0,4250.769,4353.846,4102.051,4188.974,4213.461
1739917900.5509,2025-02-18 14:31:40.550,85,false,0.0,4261.667,4370.769,4109.103,4194.487,4212.82
1739917900.5588,2025-02-18 14:31:40.558,86,false,0.0,4258.077,4362.692,4110.897,4183.59,4209.487
1739917900.5666,2025-02-18 14:31:40.566,87,false,0.0,4253.846,4345.513,4109.359,4176.923,4211.026
1739917900.5744,2025-02-18 14:31:40.574,88,false,0.0,4240.256,4354.103,4094.487,4171.923,4196.41
1739917900.5822,2025-02-18 14:31:40.582,89,false,0.0,4226.667,4367.949,4092.051,4171.41,4186.026
1739917900.59,2025-02-18 14:31:40.590,90,false,0.0,4239.872,4362.436,4105.897,4187.18,4200.897
1739917900.5978,2025-02-18 14:31:40.597,91,false,0.0,4256.026,4360.128,4104.615,4198.333,4207.949
1739917900.6056,2025-02-18 14:31:40.605,92,false,0.0,4243.974,4366.923,4093.974,4188.846,4197.692
1739917900.6134,2025-02-18 14:31:40.613,93,false,0.0,4235.769,4366.539,4098.205,4185.513,4205.385
1739917900.6213,2025-02-18 14:31:40.621,94,false,0.0,4253.59,4365.897,4108.461,4196.667,4226.282
1739917900.6291,2025-02-18 14:31:40.629,95,false,0.0,4255.0,4366.923,4105.385,4191.026,4222.051
1739917900.6369,2025-02-18 14:31:40.636,96,false,0.0,4228.846,4362.564,4091.282,4173.205,4201.795
1739917900.6447,2025-02-18 14:31:40.644,97,false,0.0,4225.641,4366.41,4088.461,4179.103,4203.205
1739917900.6525,2025-02-18 14:31:40.652,98,false,0.0,4243.718,4375.513,4098.974,4193.974,4216.282
1739917900.6603,2025-02-18 14:31:40.660,99,false,0.0,4234.487,4363.59,4093.461,4186.026,4207.949
1739917900.6681,2025-02-18 14:31:40.668,100,false,0.0,4211.923,4343.846,4075.128,4172.436,4188.59
1739917900.6759,2025-02-18 14:31:40.675,101,false,0.0,4215.385,4354.103,4079.615,4171.41,4189.487
1739917900.6838,2025-02-18 14:31:40.683,102,false,0.0,4232.051,4382.82,4098.205,4176.026,4210.385
1739917900.6916,2025-02-18 14:31:40.691,103,false,0.0,4241.923,4387.564,4099.744,4184.744,4225.769
1739917900.6994,2025-02-18 14:31:40.699,104,false,0.0,4243.846,4366.539,4092.179,4186.923,4219.615
1739917900.7072,2025-02-18 14:31:40.707,105,false,0.0,4235.256,4352.564,4090.385,4172.18,4208.718
1739917900.715,2025-02-18 14:31:40.715,106,false,0.0,4229.487,4359.744,4086.282,4165.256,4213.718
1739917900.7228,2025-02-18 14:31:40.722,107,false,0.0,4238.333,4374.231,4080.0,4176.667,4220.769
1739917900.7306,2025-02-18 14:31:40.730,108,false,0.0,4248.59,4384.359,4086.282,4187.051,4220.513
1739917900.7384,2025-02-18 14:31:40.738,109,false,0.0,4256.026,4391.923,4102.436,4196.667,4228.974
1739917900.7463,2025-02-18 14:31:40.746,110,false,0.0,4259.872,4393.846,4100.641,4199.744,4233.718
1739917900.7541,2025-02-18 14:31:40.754,111,false,0.0,4247.949,4376.667,4077.436,4179.487,4216.41
1739917900.7619,2025-02-18 14:31:40.761,112,false,0.0,4233.461,4351.795,4067.821,4161.667,4204.744
1739917900.7697,2025-02-18 14:31:40.769,113,false,0.0,4233.974,4352.692,4076.282,4170.385,4211.154
1739917900.7775,2025-02-18 14:31:40.777,114,false,0.0,4235.769,4373.718,4075.385,4179.615,4212.436
1739917900.7853,2025-02-18 14:31:40.785,115,false,0.0,4233.718,4380.513,4076.41,4175.385,4210.897
1739917900.7931,2025-02-18 14:31:40.793,116,false,0.0,4235.897,4371.282,4093.205,4173.846,4212.949
1739917900.8009,2025-02-18 14:31:40.800,117,false,0.0,4233.333,4364.487,4093.077,4172.308,4200.641
1739917900.8088,2025-02-18 14:31:40.808,118,false,0.0,4231.154,4368.333,4075.0,4166.41,4182.949
1739917900.8166,2025-02-18 14:31:40.816,119,false,0.0,4243.077,4381.154,4076.539,4163.974,4180.513
1739917900.8244,2025-02-18 14:31:40.824,120,false,0.0,4249.359,4380.128,4087.692,4162.949,4178.59
1739917900.8322,2025-02-18 14:31:40.832,121,false,0.0,4243.333,4365.385,4083.718,4161.923,4169.487
1739917900.84,2025-02-18 14:31:40.840,122,false,0.0,4250.385,4374.487,4083.461,4165.256,4171.026
1739917900.8478,2025-02-18 14:31:40.847,123,false,0.0,4258.974,4392.18,4090.385,4166.282,4176.923
1739917900.8556,2025-02-18 14:31:40.855,124,false,0.0,4244.359,4379.615,4082.692,4162.051,4169.103
1739917900.8634,2025-02-18 14:31:40.863,125,false,0.0,4235.0,4370.897,4073.59,4160.897,4158.846
1739917900.8713,2025-02-18 14:31:40.871,126,false,0.0,4244.615,4386.026,4078.59,4159.744,4158.333
1739917900.8791,2025-02-18 14:31:40.879,127,false,0.0,4239.359,4380.128,4078.974,4154.872,4155.256
1739917900.8869,2025-02-18 14:31:40.886,0,false,0.0,4227.949,4361.539,4073.974,4158.461,4149.231
1739917900.8947,2025-02-18 14:31:40.894,1,false,0.0,4242.18,4372.436,4084.103,4170.513,4155.769
1739917900.9025,2025-02-18 14:31:40.902,2,false,0.0,4249.487,4389.487,4096.282,4170.128,4165.128
1739917900.9103,2025-02-18 14:31:40.910,3,false,0.0,4227.564,4383.718,4091.539,4158.461,4161.026
1739917900.9181,2025-02-18 14:31:40.918,4,false,0.0,4220.641,4378.846,4088.846,4157.436,4158.718
1739917900.9259,2025-02-18 14:31:40.925,5,false,0.0,4235.641,4393.59,4103.974,4164.487,4166.795
1739917900.9338,2025-02-18 14:31:40.933,6,false,0.0,4232.82,4405.897,4116.282,4163.718,4168.59
1739917900.9416,2025-02-18 14:31:40.941,7,false,0.0,4223.974,4392.949,4111.795,4163.846,4166.667
1739917900.9494,2025-02-18 14:31:40.949,8,false,0.0,4234.872,4378.205,4105.513,4176.154,4177.436
1739917900.9572,2025-02-18 14:31:40.957,9,false,0.0,4244.487,4388.333,4107.051,4188.461,4191.923
1739917900.965,2025-02-18 14:31:40.965,10,false,0.0,4242.051,4396.026,4108.461,4190.385,4196.282
1739917900.9728,2025-02-18 14:31:40.972,11,false,0.0,4241.667,4383.846,4104.103,4186.026,4195.128
1739917900.9806,2025-02-18 14:31:40.980,12,false,0.0,4240.385,4378.461,4092.436,4177.18,4191.282
1739917900.9884,2025-02-18 14:31:40.988,13,false,0.0,4232.436,4380.0,4076.667,4163.59,4180.897
1739917900.9963,2025-02-18 14:31:40.996,14,false,0.0,4225.0,4378.077,4073.205,4152.18,4171.154
1739917901.0041,2025-02-18 14:31:41.004,15,false,0.0,4219.744,4384.487,4086.282,4149.744,4173.974
1739917901.0119,2025-02-18 14:31:41.011,16,false,0.0,4219.103,4382.692,4094.103,4155.128,4187.18
1739917901.0197,2025-02-18 14:31:41.019,17,false,0.0,4231.795,4367.949,4091.923,4161.41,4198.077
1739917901.0275,2025-02-18 14:31:41.027,18,false,0.0,4246.539,4377.82,4095.641,4161.41,4202.051
1739917901.0353,2025-02-18 14:31:41.035,19,false,0.0,4241.282,4392.436,4102.436,4158.974,4201.795
1739917901.0431,2025-02-18 14:31:41.043,20,false,0.0,4227.949,4375.385,4103.718,4168.077,4201.667
1739917901.0509,2025-02-18 14:31:41.050,21,false,0.0,4232.692,4368.333,4106.539,4182.564,4207.436
1739917901.0588,2025-02-18 14:31:41.058,22,false,0.0,4237.436,4378.974,4104.487,4174.872,4209.487
1739917901.0666,2025-02-18 14:31:41.066,23,false,0.0,4219.231,4362.82,4090.641,4152.436,4198.077
1739917901.0744,2025-02-18 14:31:41.074,24,false,0.0,4210.0,4351.667,4086.795,4157.051,4191.923
1739917901.0822,2025-02-18 14:31:41.082,25,false,0.0,4224.359,4367.692,4094.487,4177.051,4194.359
1739917901.09,2025-02-18 14:31:41.090,26,false,0.0,4224.487,4366.923,4091.41,4168.974,4184.103
1739917901.0978,2025-02-18 14:31:41.097,27,false,0.0,4217.692,4371.154,4094.872,4158.205,4184.103
1739917901.1056,2025-02-18 14:31:41.105,28,false,0.0,4234.615,4393.718,4113.205,4173.205,4209.103
1739917901.1134,2025-02-18 14:31:41.113,29,false,0.0,4236.667,4366.41,4105.385,4171.667,4206.282
1739917901.1213,2025-02-18 14:31:41.121,30,false,0.0,4209.231,4331.154,4085.256,4151.154,4177.308
1739917901.1291,2025-02-18 14:31:41.129,31,false,0.0,4209.487,4373.846,4103.205,4162.436,4189.615
1739917901.1369,2025-02-18 14:31:41.136,32,false,0.0,4234.615,4410.513,4125.0,4187.692,4225.128
1739917901.1447,2025-02-18 14:31:41.144,33,false,0.0,4237.82,4384.231,4115.385,4187.82,4228.974
1739917901.1525,2025-02-18 14:31:41.152,34,false,0.0,4231.282,4382.051,4111.026,4181.667,4220.897
1739917901.1603,2025-02-18 14:31:41.160,35,false,0.0,4227.436,4395.128,4106.923,4178.59,4213.974
1739917901.1681,2025-02-18 14:31:41.168,36,false,0.0,4217.692,4365.897,4083.718,4170.0,4198.205
1739917901.1759,2025-02-18 14:31:41.175,37,false,0.0,4222.82,4357.436,4086.282,4171.026,4200.769
1739917901.1838,2025-02-18 14:31:41.183,38,false,0.0,4236.026,4381.667,4109.615,4174.231,4213.077
1739917901.1916,2025-02-18 14:31:41.191,39,false,0.0,4223.59,4371.539,4098.59,4162.308,4196.41
1739917901.1994,2025-02-18 14:31:41.199,40,false,0.0,4210.641,4366.539,4082.051,4159.359,4178.59
1739917901.2072,2025-02-18 14:31:41.207,41,false,0.0,4217.949,4398.461,4094.487,4169.103,4185.641
1739917901.215,2025-02-18 14:31:41.215,42,false,0.0,4212.18,4394.103,4093.205,4162.308,4185.256
1739917901.2228,2025-02-18 14:31:41.222,43,false,0.0,4207.051,4366.667,4076.923,4158.333,4186.026
1739917901.2306,2025-02-18 14:31:41.230,44,false,0.0,4248.718,4388.59,4094.872,4186.667,4228.846
1739917901.2384,2025-02-18 14:31:41.238,45,false,0.0,4301.026,4407.436,4126.41,4211.923,4284.231
1739917901.2463,2025-02-18 14:31:41.246,46,false,0.0,4303.205,4371.026,4117.692,4201.795,4298.718
1739917901.2541,2025-02-18 14:31:41.254,47,false,0.0,4289.231,4348.718,4088.077,4188.461,4293.846
1739917901.2619,2025-02-18 14:31:41.261,48,false,0.0,4317.564,4367.436,4087.179,4193.718,4318.205
1739917901.2697,2025-02-18 14:31:41.269,49,false,0.0,4353.59,4376.539,4102.436,4191.154,4349.103
1739917901.2775,2025-02-18 14:31:41.277,50,false,0.0,4346.154,4378.846,4099.872,4178.846,4343.333
1739917901.2853,2025-02-18 14:31:41.285,51,false,0.0,4330.897,4384.872,4094.487,4183.333,4328.846
1739917901.2931,2025-02-18 14:31:41.293,52,false,0.0,4338.59,4364.103,4103.205,4193.974,4334.872
1739917901.3009,2025-02-18 14:31:41.300,53,false,0.0,4334.231,4344.231,4108.59,4193.718,4333.718
1739917901.3088,2025-02-18 14:31:41.308,54,false,0.0,4316.795,4366.282,4106.026,4194.359,4319.744
1739917901.3166,2025-02-18 14:31:41.316,55,false,0.0,4313.846,4383.205,4102.436,4190.256,4312.308
1739917901.3244,2025-02-18 14:31:41.324,56,false,0.0,4307.949,4365.513,4098.205,4177.82,4304.231
1739917901.3322,2025-02-18 14:31:41.332,57,false,0.0,4295.256,4357.436,4104.103,4183.718,4298.077
1739917901.34,2025-02-18 14:31:41.340,58,false,0.0,4295.385,4371.154,4117.564,4196.41,4302.564
1739917901.3478,2025-02-18 14:31:41.347,59,false,0.0,4293.205,4379.359,4121.154,4187.18,4300.385
1739917901.3556,2025-02-18 14:31:41.355,60,false,0.0,4286.923,4373.59,4121.539,4184.231,4296.282
1739917901.3634,2025-02-18 14:31:41.363,61,false,0.0,4297.308,4363.846,4121.667,4198.846,4302.18
1739917901.3713,2025-02-18 14:31:41.371,62,false,0.0,4304.615,4366.667,4113.974,4196.667,4299.359
1739917901.3791,2025-02-18 14:31:41.379,63,false,0.0,4293.461,4369.487,4109.103,4188.077,4290.0
1739917901.3869,2025-02-18 14:31:41.386,64,false,0.0,4285.385,4349.872,4102.949,4195.256,4288.846
1739917901.3947,2025-02-18 14:31:41.394,65,false,0.0,4282.051,4342.308,4090.897,4195.513,4286.41
1739917901.4025,2025-02-18 14:31:41.402,66,false,0.0,4275.385,4360.0,4096.41,4185.256,4288.461
1739917901.4103,2025-02-18 14:31:41.410,67,false,0.0,4271.923,4358.333,4105.128,4180.0,4298.333
1739917901.4181,2025-02-18 14:31:41.418,68,false,0.0,4271.154,4356.282,4093.205,4170.513,4298.718
1739917901.4259,2025-02-18 14:31:41.425,69,false,0.0,4274.231,4382.18,4096.154,4164.359,4305.385
1739917901.4338,2025-02-18 14:31:41.433,70,false,0.0,4282.82,4383.718,4117.18,4180.769,4327.82
1739917901.4416,2025-02-18 14:31:41.441,71,false,0.0,4284.103,4367.051,4112.436,4198.077,4330.769
1739917901.4494,2025-02-18 14:31:41.449,72,false,0.0,4278.077,4381.539,4098.333,4192.82,4315.641
1739917901.4572,2025-02-18 14:31:41.457,73,false,0.0,4275.0,4381.923,4101.923,4182.18,4315.897
1739917901.465,2025-02-18 14:31:41.465,74,false,0.0,4274.615,4352.692,4104.615,4185.769,4323.205
1739917901.4728,2025-02-18 14:31:41.472,75,false,0.0,4281.282,4360.897,4107.82,4193.718,4324.744
1739917901.4806,2025-02-18 14:31:41.480,76,false,0.0,4289.615,4390.513,4118.718,4188.205,4331.282
1739917901.4884,2025-02-18 14:31:41.488,77,false,0.0,4280.641,4379.359,4114.872,4174.231,4335.385
1739917901.4963,2025-02-18 14:31:41.496,78,false,0.0,4265.897,4345.513,4099.103,4169.487,4326.282
1739917901.5041,2025-02-18 14:31:41.504,79,false,0.0,4267.82,4334.615,4098.718,4175.513,4319.487
1739917901.5119,2025-02-18 14:31:41.511,80,false,0.0,4277.051,4357.436,4114.359,4187.051,4329.615
1739917901.5197,2025-02-18 14:31:41.519,81,false,0.0,4278.718,4381.282,4121.667,4197.436,4339.359
1739917901.5275,2025-02-18 14:31:41.527,82,false,0.0,4273.077,4367.949,4110.385,4194.359,4328.974
1739917901.5353,2025-02-18 14:31:41.535,83,false,0.0,4269.487,4348.718,4106.154,4187.564,4322.308
1739917901.5431,2025-02-18 14:31:41.543,84,false,0.0,4277.18,4363.205,4119.359,4197.692,4341.282
1739917901.5509,2025-02-18 14:31:41.550,85,false,0.0,4289.359,4379.231,4119.231,4210.769,4355.897
1739917901.5588,2025-02-18 14:31:41.558,86,false,0.0,4295.0,4376.667,4107.308,4207.308,4351.41
1739917901.5666,2025-02-18 14:31:41.566,87,false,0.0,4292.436,4374.359,4108.077,4196.026,4349.487
1739917901.5744,2025-02-18 14:31:41.574,88,false,0.0,4277.436,4369.615,4105.385,4184.103,4339.744
1739917901.5822,2025-02-18 14:31:41.582,89,false,0.0,4264.103,4359.359,4100.385,4172.564,4316.923
1739917901.59,2025-02-18 14:31:41.590,90,false,0.0,4272.692,4350.897,4113.333,4171.539,4316.539
1739917901.5978,2025-02-18 14:31:41.597,91,false,0.0,4281.026,4345.385,4116.923,4179.103,4329.103
1739917901.6056,2025-02-18 14:31:41.605,92,false,0.0,4271.539,4356.923,4105.641,4184.103,4319.615
1739917901.6134,2025-02-18 14:31:41.613,93,false,0.0,4273.59,4384.231,4116.795,4189.231,4317.82
1739917901.6213,2025-02-18 14:31:41.621,94,false,0.0,4287.564,4390.641,4129.872,4192.436,4340.385
1739917901.6291,2025-02-18 14:31:41.629,95,false,0.0,4282.436,4371.41,4117.308,4188.974,4342.692
1739917901.6369,2025-02-18 14:31:41.636,96,false,0.0,4273.718,4366.41,4113.077,4194.872,4327.564
1739917901.6447,2025-02-18 14:31:41.644,97,false,0.0,4281.282,4381.154,4119.615,4207.051,4332.436
1739917901.6525,2025-02-18 14:31:41.652,98,false,0.0,4280.0,4377.82,4108.461,4197.692,4336.923
1739917901.6603,2025-02-18 14:31:41.660,99,false,0.0,4269.359,4359.487,4101.41,4183.718,4325.769
1739917901.6681,2025-02-18 14:31:41.668,100,false,0.0,4273.718,4368.461,4114.103,4195.769,4326.282
1739917901.6759,2025-02-18 14:31:41.675,101,false,0.0,4276.539,4382.18,4117.436,4200.641,4323.461
1739917901.6838,2025-02-18 14:31:41.683,102,false,0.0,4260.769,4358.59,4110.641,4179.872,4298.59
1739917901.6916,2025-02-18 14:31:41.691,103,false,0.0,4255.897,4346.923,4122.051,4179.359,4292.18
1739917901.6994,2025-02-18 14:31:41.699,104,false,0.0,4270.897,4373.077,4142.564,4200.128,4315.385
1739917901.7072,2025-02-18 14:31:41.707,105,false,0.0,4277.18,4369.744,4141.154,4199.359,4328.718
1739917901.715,2025-02-18 14:31:41.715,106,false,0.0,4272.564,4344.231,4124.487,4191.923,4330.897
1739917901.7228,2025-02-18 14:31:41.722,107,false,0.0,4272.949,4357.308,4122.82,4201.41,4336.41
1739917901.7306,2025-02-18 14:31:41.730,108,false,0.0,4273.718,4369.231,4132.436,4206.154,4339.872
1739917901.7384,2025-02-18 14:31:41.738,109,false,0.0,4272.692,4351.026,4130.0,4202.564,4351.795
1739917901.7463,2025-02-18 14:31:41.746,110,false,0.0,4275.641,4354.487,4121.282,4205.641,4365.256
1739917901.7541,2025-02-18 14:31:41.754,111,false,0.0,4275.897,4369.615,4119.231,4206.923,4352.308
1739917901.7619,2025-02-18 14:31:41.761,112,false,0.0,4274.103,4355.641,4115.0,4200.0,4335.385
1739917901.7697,2025-02-18 14:31:41.769,113,false,0.0,4275.897,4345.897,4107.82,4191.795,4339.744
1739917901.7775,2025-02-18 14:31:41.777,114,false,0.0,4273.974,4357.82,4112.82,4185.513,4339.744
1739917901.7853,2025-02-18 14:31:41.785,115,false,0.0,4273.077,4361.539,4132.051,4188.718,4339.103
1739917901.7931,2025-02-18 14:31:41.793,116,false,0.0,4282.308,4357.051,4147.949,4201.154,4356.026
1739917901.8009,2025-02-18 14:31:41.800,117,false,0.0,4281.539,4354.231,4140.256,4200.0,4353.718
1739917901.8088,2025-02-18 14:31:41.808,118,false,0.0,4258.205,4349.231,4116.282,4180.641,4321.41
1739917901.8166,2025-02-18 14:31:41.816,119,false,0.0,4239.359,4353.333,4108.205,4170.0,4306.282
1739917901.8244,2025-02-18 14:31:41.824,120,false,0.0,4239.744,4361.026,4117.18,4179.359,4314.103
1739917901.8322,2025-02-18 14:31:41.832,121,false,0.0,4244.615,4347.692,4117.18,4192.308,4318.461
1739917901.84,2025-02-18 14:31:41.840,122,false,0.0,4250.256,4335.256,4111.154,4197.308,4321.282
1739917901.8478,2025-02-18 14:31:41.847,123,false,0.0,4259.487,4355.385,4115.385,4197.949,4326.923
1739917901.8556,2025-02-18 14:31:41.855,124,false,0.0,4261.026,4375.128,4120.769,4198.718,4327.051
1739917901.8634,2025-02-18 14:31:41.863,125,false,0.0,4255.897,4361.41,4118.59,4200.256,4324.103
1739917901.8713,2025-02-18 14:31:41.871,126,false,0.0,4261.282,4348.846,4119.231,4203.718,4328.205
1739917901.8791,2025-02-18 14:31:41.879,127,false,0.0,4273.59,4361.667,4126.795,4207.82,4342.308
1739917901.8869,2025-02-18 14:31:41.886,0,false,0.0,4271.539,4367.692,4128.974,4205.897,4347.18
1739917901.8947,2025-02-18 14:31:41.894,1,false,0.0,4260.641,4359.615,4121.923,4199.487,4333.077
1739917901.9025,2025-02-18 14:31:41.902,2,false,0.0,4259.872,4364.872,4121.539,4199.231,4327.692
1739917901.9103,2025-02-18 14:31:41.910,3,false,0.0,4258.461,4375.256,4130.0,4200.0,4335.513
1739917901.9181,2025-02-18 14:31:41.918,4,false,0.0,4247.308,4372.949,4131.41,4194.231,4333.846
1739917901.9259,2025-02-18 14:31:41.925,5,false,0.0,4245.0,4369.744,4130.769,4194.744,4333.205
1739917901.9338,2025-02-18 14:31:41.933,6,false,0.0,4244.744,4361.282,4128.333,4198.59,4335.256
1739917901.9416,2025-02-18 14:31:41.941,7,false,0.0,4228.333,4336.923,4107.18,4188.59,4316.667
1739917901.9494,2025-02-18 14:31:41.949,8,false,0.0,4227.18,4331.923,4092.564,4185.128,4306.026
1739917901.9572,2025-02-18 14:31:41.957,9,false,0.0,4256.282,4364.487,4113.846,4203.846,4327.949
1739917901.965,2025-02-18 14:31:41.965,10,false,0.0,4271.41,4387.564,4133.205,4215.256,4341.667
1739917901.9728,2025-02-18 14:31:41.972,11,false,0.0,4262.436,4375.641,4126.026,4210.256,4336.41
1739917901.9806,2025-02-18 14:31:41.980,12,false,0.0,4259.359,4361.923,4125.769,4206.795,4340.769
1739917901.9884,2025-02-18 14:31:41.988,13,false,0.0,4261.539,4364.744,4137.564,4208.59,4347.436
1739917901.9963,2025-02-18 14:31:41.996,14,false,0.0,4263.974,4372.436,4140.385,4219.103,4346.667
1739917902.0041,2025-02-18 14:31:42.004,15,false,0.0,4270.385,4377.18,4139.615,4226.667,4344.872
1739917902.0119,2025-02-18 14:31:42.011,16,false,0.0,4263.205,4370.513,4137.564,4208.718,4334.231
1739917902.0197,2025-02-18 14:31:42.019,17,false,0.0,4245.0,4356.282,4127.436,4186.795,4318.718
1739917902.0275,2025-02-18 14:31:42.027,18,false,0.0,4242.82,4360.769,4121.923,4184.744,4316.282
1739917902.0353,2025-02-18 14:31:42.035,19,false,0.0,4250.0,4372.82,4125.128,4182.949,4320.513
1739917902.0431,2025-02-18 14:31:42.043,20,false,0.0,4248.59,4355.897,4120.128,4175.769,4315.128
1739917902.0509,2025-02-18 14:31:42.050,21,false,0.0,4250.128,4339.103,4112.692,4176.667,4306.667
1739917902.0588,2025-02-18 14:31:42.058,22,false,0.0,4264.615,4360.256,4123.333,4182.18,4316.41
1739917902.0666,2025-02-18 14:31:42.066,23,false,0.0,4276.923,4372.051,4136.539,4190.769,4336.026
1739917902.0744,2025-02-18 14:31:42.074,24,false,0.0,4273.461,4351.795,4133.205,4201.026,4336.41
1739917902.0822,2025-02-18 14:31:42.082,25,false,0.0,4266.923,4356.667,4135.641,4208.974,4330.385
1739917902.09,2025-02-18 14:31:42.090,26,false,0.0,4268.846,4382.436,4147.564,4219.872,4332.308
1739917902.0978,2025-02-18 14:31:42.097,27,false,0.0,4267.051,4375.641,4140.128,4221.667,4314.487
1739917902.1056,2025-02-18 14:31:42.105,28,false,0.0,4264.359,4362.564,4128.077,4206.154,4294.103
1739917902.1134,2025-02-18 14:31:42.113,29,false,0.0,4269.615,4371.795,4132.692,4195.256,4305.128
1739917902.1213,2025-02-18 14:31:42.121,30,false,0.0,4261.667,4368.333,4125.385,4186.41,4303.846
1739917902.1291,2025-02-18 14:31:42.129,31,false,0.0,4243.59,4353.974,4110.641,4173.718,4281.539
1739917902.1369,2025-02-18 14:31:42.136,32,false,0.0,4250.641,4358.846,4121.539,4187.82,4293.205
1739917902.1447,2025-02-18 14:31:42.144,33,false,0.0,4267.692,4363.59,4135.256,4215.897,4315.0
1739917902.1525,2025-02-18 14:31:42.152,34,false,0.0,4263.205,4359.487,4133.461,4217.051,4306.41
1739917902.1603,2025-02-18 14:31:42.160,35,false,0.0,4253.461,4367.308,4136.667,4212.692,4300.897
1739917902.1681,2025-02-18 14:31:42.168,36,false,0.0,4252.564,4372.692,4134.615,4218.59,4304.487
1739917902.1759,2025-02-18 14:31:42.175,37,false,0.0,4253.205,4360.769,4122.692,4211.795,4300.769
1739917902.1838,2025-02-18 14:31:42.183,38,false,0.0,4252.051,4353.333,4124.359,4200.513,4299.615
1739917902.1916,2025-02-18 14:31:42.191,39,false,0.0,4238.077,4357.436,4129.231,4192.436,4288.333
1739917902.1994,2025-02-18 14:31:42.199,40,false,0.0,4221.41,4359.744,4127.82,4181.154,4274.615
1739917902.2072,2025-02-18 14:31:42.207,41,false,0.0,4230.897,4357.564,4136.154,4190.256,4292.18
1739917902.215,2025-02-18 14:31:42.215,42,false,0.0,4243.333,4346.667,4132.308,4213.077,4305.0
1739917902.2228,2025-02-18 14:31:42.222,43,false,0.0,4228.718,4335.0,4102.949,4211.539,4285.513
1739917902.2306,2025-02-18 14:31:42.230,44,false,0.0,4221.795,4351.539,4091.026,4203.974,4279.744
1739917902.2384,2025-02-18 14:31:42.238,45,false,0.0,4240.897,4381.282,4104.615,4211.667,4289.744
1739917902.2463,2025-02-18 14:31:42.246,46,false,0.0,4251.026,4372.18,4108.205,4209.872,4285.513
1739917902.2541,2025-02-18 14:31:42.254,47,false,0.0,4246.795,4348.333,4107.18,4198.333,4282.18
1739917902.2619,2025-02-18 14:31:42.261,48,false,0.0,4248.846,4367.18,4120.641,4194.359,4285.256
1739917902.2697,2025-02-18 14:31:42.269,49,false,0.0,4250.641,4383.333,4131.41,4192.308,4288.333
1739917902.2775,2025-02-18 14:31:42.277,50,false,0.0,4246.539,4347.308,4124.231,4194.103,4297.308
1739917902.2853,2025-02-18 14:31:42.285,51,false,0.0,4243.974,4321.795,4112.564,4198.461,4294.872
1739917902.2931,2025-02-18 14:31:42.293,52,false,0.0,4241.282,4339.231,4109.231,4196.282,4280.0
1739917902.3009,2025-02-18 14:31:42.300,53,false,0.0,4239.744,4353.333,4111.154,4200.385,4280.897
1739917902.3088,2025-02-18 14:31:42.308,54,false,0.0,4242.436,4363.59,4114.615,4211.026,4285.641
1739917902.3166,2025-02-18 14:31:42.316,55,false,0.0,4237.308,4372.051,4116.026,4205.769,4277.692
1739917902.3244,2025-02-18 14:31:42.324,56,false,0.0,4226.41,4353.846,4110.385,4196.282,4277.564
1739917902.3322,2025-02-18 14:31:42.332,57,false,0.0,4234.103,4352.18,4112.051,4205.128,4289.615
1739917902.34,2025-02-18 14:31:42.340,58,false,0.0,4250.769,4381.539,4122.564,4213.077,4296.539
1739917902.3478,2025-02-18 14:31:42.347,59,false,0.0,4239.103,4368.846,4107.692,4198.59,4283.974
1739917902.3556,2025-02-18 14:31:42.355,60,false,0.0,4208.205,4331.923,4076.41,4181.923,4256.539
1739917902.3634,2025-02-18 14:31:42.363,61,false,0.0,4199.359,4342.308,4076.282,4187.308,4249.359
1739917902.3713,2025-02-18 14:31:42.371,62,false,0.0,4208.59,4360.769,4089.359,4201.795,4265.897
1739917902.3791,2025-02-18 14:31:42.379,63,false,0.0,4211.795,4352.18,4086.539,4208.205,4269.872
1739917902.3869,2025-02-18 14:31:42.386,64,false,0.0,4215.385,4349.359,4098.974,4216.026,4271.795
1739917902.3947,2025-02-18 14:31:42.394,65,false,0.0,4219.231,4347.564,4114.487,4219.872,4283.718
1739917902.4025,2025-02-18 14:31:42.402,66,false,0.0,4206.154,4340.769,4094.487,4201.282,4272.436
1739917902.4103,2025-02-18 14:31:42.410,67,false,0.0,4188.846,4345.641,4077.308,4185.128,4255.256
1739917902.4181,2025-02-18 14:31:42.418,68,false,0.0,4187.051,4340.256,4085.769,4195.128,4263.333
1739917902.4259,2025-02-18 14:31:42.425,69,false,0.0,4187.82,4321.026,4081.667,4201.539,4262.18
1739917902.4338,2025-02-18 14:31:42.433,70,false,0.0,4185.513,4316.026,4075.385,4196.41,4250.769
1739917902.4416,2025-02-18 14:31:42.441,71,false,0.0,4195.385,4324.103,4089.231,4203.461,4261.41
1739917902.4494,2025-02-18 14:31:42.449,72,false,0.0,4207.308,4345.641,4092.564,4203.974,4262.564
1739917902.4572,2025-02-18 14:31:42.457,73,false,0.0,4200.385,4366.41,4080.128,4181.923,4241.282
1739917902.465,2025-02-18 14:31:42.465,74,false,0.0,4188.205,4346.795,4074.231,4171.154,4236.282
1739917902.4728,2025-02-18 14:31:42.472,75,false,0.0,4188.718,4322.308,4073.077,4178.59,4239.744
1739917902.4806,2025-02-18 14:31:42.480,76,false,0.0,4193.718,4339.103,4080.128,4184.103,4239.359
1739917902.4884,2025-02-18 14:31:42.488,77,false,0.0,4201.795,4349.359,4097.051,4196.026,4256.539
1739917902.4963,2025-02-18 14:31:42.496,78,false,0.0,4217.051,4340.513,4101.026,4209.359,4270.128
1739917902.5041,2025-02-18 14:31:42.504,79,false,0.0,4216.539,4351.795,4087.949,4197.051,4252.308
1739917902.5119,2025-02-18 14:31:42.511,80,false,0.0,4195.897,4355.641,4077.308,4178.077,4232.692
1739917902.5197,2025-02-18 14:31:42.519,81,false,0.0,4192.308,4342.82,4081.795,4184.615,4233.718
1739917902.5275,2025-02-18 14:31:42.527,82,false,0.0,4209.231,4348.974,4097.308,4197.308,4240.0
1739917902.5353,2025-02-18 14:31:42.535,83,false,0.0,4216.282,4351.539,4100.897,4197.308,4240.385
1739917902.5431,2025-02-18 14:31:42.543,84,false,0.0,4220.0,4348.846,4094.615,4201.539,4237.82
1739917902.5509,2025-02-18 14:31:42.550,85,false,0.0,4225.513,4369.615,4105.897,4205.641,4235.897
1739917902.5588,2025-02-18 14:31:42.558,86,false,0.0,4210.769,4364.872,4113.718,4188.333,4227.18
1739917902.5666,2025-02-18 14:31:42.566,87,false,0.0,4197.564,4329.487,4094.615,4170.256,4211.667
1739917902.5744,2025-02-18 14:31:42.574,88,false,0.0,4209.744,4332.82,4088.59,4175.769,4212.949
1739917902.5822,2025-02-18 14:31:42.582,89,false,0.0,4208.077,4346.539,4098.59,4183.846,4224.615
1739917902.59,2025-02-18 14:31:42.590,90,false,0.0,4187.564,4337.051,4084.615,4183.974,4216.41
1739917902.5978,2025-02-18 14:31:42.597,91,false,0.0,4192.051,4351.923,4072.564,4192.82,4206.923
1739917902.6056,2025-02-18 14:31:42.605,92,false,0.0,4203.461,4356.795,4085.769,4199.615,4215.256
1739917902.6134,2025-02-18 14:31:42.613,93,false,0.0,4195.256,4317.564,4086.923,4192.564,4213.846
1739917902.6213,2025-02-18 14:31:42.621,94,false,0.0,4199.231,4320.0,4082.308,4192.436,4208.59
1739917902.6291,2025-02-18 14:31:42.629,95,false,0.0,4210.256,4361.539,4099.231,4197.82,4223.461
1739917902.6369,2025-02-18 14:31:42.636,96,false,0.0,4195.641,4354.615,4106.282,4192.051,4226.282
1739917902.6447,2025-02-18 14:31:42.644,97,false,0.0,4180.897,4331.539,4094.359,4192.18,4205.769
1739917902.6525,2025-02-18 14:31:42.652,98,false,0.0,4187.436,4337.692,4093.205,4204.872,4206.795
1739917902.6603,2025-02-18 14:31:42.660,99,false,0.0,4195.641,4342.051,4093.718,4209.103,4229.103
1739917902.6681,2025-02-18 14:31:42.668,100,false,0.0,4201.923,4347.436,4085.769,4203.461,4233.59
1739917902.6759,2025-02-18 14:31:42.675,101,false,0.0,4204.231,4361.282,4088.59,4194.103,4225.897
1739917902.6838,2025-02-18 14:31:42.683,102,false,0.0,4195.897,4361.923,4096.923,4182.18,4225.385
1739917902.6916,2025-02-18 14:31:42.691,103,false,0.0,4199.487,4363.974,4101.795,4186.923,4229.744
1739917902.6994,2025-02-18 14:31:42.699,104,false,0.0,4218.974,4371.026,4114.615,4210.256,4241.539
1739917902.7072,2025-02-18 14:31:42.707,105,false,0.0,4220.385,4362.18,4119.231,4221.923,4253.974
1739917902.715,2025-02-18 14:31:42.715,106,false,0.0,4207.692,4357.308,4102.18,4213.333,4248.333
1739917902.7228,2025-02-18 14:31:42.722,107,false,0.0,4210.128,4367.564,4090.641,4203.461,4240.641
1739917902.7306,2025-02-18 14:31:42.730,108,false,0.0,4215.769,4365.513,4091.923,4199.744,4247.949
1739917902.7384,2025-02-18 14:31:42.738,109,false,0.0,4207.436,4346.539,4084.487,4195.641,4246.154
1739917902.7463,2025-02-18 14:31:42.746,110,false,0.0,4204.231,4333.846,4081.154,4193.077,4235.513
1739917902.7541,2025-02-18 14:31:42.754,111,false,0.0,4220.256,4349.487,4099.103,4198.205,4246.923
1739917902.7619,2025-02-18 14:31:42.761,112,false,0.0,4233.205,4375.513,4111.795,4200.128,4258.974
1739917902.7697,2025-02-18 14:31:42.769,113,false,0.0,4223.077,4361.795,4103.59,4185.897,4244.103
1739917902.7775,2025-02-18 14:31:42.777,114,false,0.0,4207.18,4330.897,4097.949,4174.615,4236.154
1739917902.7853,2025-02-18 14:31:42.785,115,false,0.0,4207.564,4338.59,4102.308,4182.436,4248.077
1739917902.7931,2025-02-18 14:31:42.793,116,false,0.0,4217.308,4354.615,4107.18,4190.641,4250.0
1739917902.8009,2025-02-18 14:31:42.800,117,false,0.0,4226.539,4354.231,4118.333,4193.077,4250.385
1739917902.8088,2025-02-18 14:31:42.808,118,false,0.0,4231.795,4363.846,4126.795,4193.974,4259.872
1739917902.8166,2025-02-18 14:31:42.816,119,false,0.0,4225.256,4359.487,4112.82,4179.744,4255.641
1739917902.8244,2025-02-18 14:31:42.824,120,false,0.0,4220.0,4337.564,4099.359,4167.82,4249.872
1739917902.8322,2025-02-18 14:31:42.832,121,false,0.0,4232.308,4351.667,4109.359,4182.82,4261.154
1739917902.84,2025-02-18 14:31:42.840,122,false,0.0,4242.051,4372.18,4116.795,4190.128,4264.872
1739917902.8478,2025-02-18 14:31:42.847,123,false,0.0,4239.231,4355.641,4115.0,4174.487,4261.282
1739917902.8556,2025-02-18 14:31:42.855,124,false,0.0,4241.923,4353.205,4125.897,4175.256,4272.18
1739917902.8634,2025-02-18 14:31:42.863,125,false,0.0,4244.231,4368.461,4130.128,4185.385,4280.385
1739917902.8713,2025-02-18 14:31:42.871,126,false,0.0,4251.154,4356.795,4108.333,4172.18,4285.385
1739917902.8791,2025-02-18 14:31:42.879,127,false,0.0,4288.077,4348.974,4092.821,4150.641,4314.487
1739917902.8869,2025-02-18 14:31:42.886,0,false,0.0,4328.718,4357.564,4098.077,4140.256,4351.41
1739917902.8947,2025-02-18 14:31:42.894,1,false,0.0,4348.333,4345.641,4102.051,4142.436,4376.282
1739917902.9025,2025-02-18 14:31:42.902,2,false,0.0,4386.282,4339.872,4101.282,4156.282,4409.359
1739917902.9103,2025-02-18 14:31:42.910,3,false,0.0,4441.795,4364.744,4102.18,4165.0,4449.487
1739917902.9181,2025-02-18 14:31:42.918,4,false,0.0,4465.0,4383.846,4105.385,4164.103,4473.077
1739917902.9259,2025-02-18 14:31:42.925,5,false,0.0,4474.103,4392.051,4116.282,4171.154,4486.667
1739917902.9338,2025-02-18 14:31:42.933,6,false,0.0,4504.359,4395.385,4128.205,4179.359,4499.615
1739917902.9416,2025-02-18 14:31:42.941,7,false,0.0,4521.923,4373.974,4124.487,4173.461,4499.744
1739917902.9494,2025-02-18 14:31:42.949,8,false,0.0,4510.513,4352.436,4111.795,4161.41,4488.205
1739917902.9572,2025-02-18 14:31:42.957,9,false,0.0,4509.103,4365.897,4110.769,4158.718,4486.026
1739917902.965,2025-02-18 14:31:42.965,10,false,0.0,4526.026,4396.41,4124.359,4174.359,4494.872
1739917902.9728,2025-02-18 14:31:42.972,11,false,0.0,4529.615,4418.846,4133.077,4189.231,4490.128
1739917902.9806,2025-02-18 14:31:42.980,12,false,0.0,4509.103,4413.333,4120.256,4175.769,4462.051
1739917902.9884,2025-02-18 14:31:42.988,13,false,0.0,4482.051,4383.205,4105.385,4159.872,4434.744
1739917902.9963,2025-02-18 14:31:42.996,14,false,0.0,4471.923,4382.949,4112.436,4174.103,4430.128
1739917903.0041,2025-02-18 14:31:43.004,15,false,0.0,4478.974,4407.564,4117.949,4187.051,4431.923
1739917903.0119,2025-02-18 14:31:43.011,16,false,0.0,4473.718,4388.718,4101.795,4173.205,4413.718
1739917903.0197,2025-02-18 14:31:43.019,17,false,0.0,4451.41,4359.231,4093.718,4160.385,4386.154
1739917903.0275,2025-02-18 14:31:43.027,18,false,0.0,4439.103,4379.359,4104.872,4164.615,4377.308
1739917903.0353,2025-02-18 14:31:43.035,19,false,0.0,4434.231,4397.18,4111.154,4173.974,4378.077
1739917903.0431,2025-02-18 14:31:43.043,20,false,0.0,4418.59,4387.18,4112.308,4182.308,4363.846
1739917903.0509,2025-02-18 14:31:43.050,21,false,0.0,4400.897,4390.128,4113.205,4182.564,4340.897
1739917903.0588,2025-02-18 14:31:43.058,22,false,0.0,4385.897,4385.128,4101.667,4172.051,4321.923
1739917903.0666,2025-02-18 14:31:43.066,23,false,0.0,4372.82,4369.744,4091.154,4167.564,4311.282
1739917903.0744,2025-02-18 14:31:43.074,24,false,0.0,4371.026,4388.846,4098.59,4177.82,4316.154
1739917903.0822,2025-02-18 14:31:43.082,25,false,0.0,4366.539,4398.59,4102.82,4184.744,4320.0
1739917903.09,2025-02-18 14:31:43.090,26,false,0.0,4344.615,4366.282,4095.128,4174.359,4298.974
1739917903.0978,2025-02-18 14:31:43.097,27,false,0.0,4324.872,4362.308,4095.769,4159.231,4271.923
1739917903.1056,2025-02-18 14:31:43.105,28,false,0.0,4315.256,4388.077,4105.897,4156.41,4263.846
1739917903.1134,2025-02-18 14:31:43.113,29,false,0.0,4306.923,4387.308,4114.744,4166.539,4266.026
1739917903.1213,2025-02-18 14:31:43.121,30,false,0.0,4302.82,4381.41,4118.718,4177.051,4267.82
1739917903.1291,2025-02-18 14:31:43.129,31,false,0.0,4295.256,4384.487,4111.539,4176.154,4264.103
1739917903.1369,2025-02-18 14:31:43.136,32,false,0.0,4280.385,4375.385,4104.359,4169.103,4252.949
1739917903.1447,2025-02-18 14:31:43.144,33,false,0.0,4278.974,4371.41,4113.205,4169.615,4249.615
1739917903.1525,2025-02-18 14:31:43.152,34,false,0.0,4287.18,4368.461,4117.82,4174.872,4255.769
1739917903.1603,2025-02-18 14:31:43.160,35,false,0.0,4280.897,4345.256,4100.0,4169.744,4248.974
1739917903.1681,2025-02-18 14:31:43.168,36,false,0.0,4266.795,4336.282,4084.872,4159.359,4232.564
1739917903.1759,2025-02-18 14:31:43.175,37,false,0.0,4261.282,4357.308,4093.718,4165.128,4234.231
1739917903.1838,2025-02-18 14:31:43.183,38,false,0.0,4265.385,4374.615,4109.872,4185.385,4251.026
1739917903.1916,2025-02-18 14:31:43.191,39,false,0.0,4268.205,4377.051,4107.692,4194.359,4251.795
1739917903.1994,2025-02-18 14:31:43.199,40,false,0.0,4257.564,4371.539,4091.539,4187.18,4232.82
1739917903.2072,2025-02-18 14:31:43.207,41,false,0.0,4243.974,4366.41,4092.308,4182.051,4221.026
1739917903.215,2025-02-18 14:31:43.215,42,false,0.0,4244.103,4366.667,4112.18,4178.333,4225.769
1739917903.2228,2025-02-18 14:31:43.222,43,false,0.0,4251.795,4358.974,4122.18,4171.667,4234.615
1739917903.2306,2025-02-18 14:31:43.230,44,false,0.0,4262.308,4356.282,4122.308,4172.692,4239.744
1739917903.2384,2025-02-18 14:31:43.238,45,false,0.0,4269.615,4376.539,4122.82,4171.154,4232.692
1739917903.2463,2025-02-18 14:31:43.246,46,false,0.0,4258.205,4378.461,4112.564,4159.744,4215.641
1739917903.2541,2025-02-18 14:31:43.254,47,false,0.0,4247.564,4355.128,4104.872,4166.667,4214.359
1739917903.2619,2025-02-18 14:31:43.261,48,false,0.0,4258.718,4361.667,4116.795,4188.077,4227.82
1739917903.2697,2025-02-18 14:31:43.269,49,false,0.0,4266.282,4382.18,4121.282,4189.231,4223.846
1739917903.2775,2025-02-18 14:31:43.277,50,false,0.0,4260.385,4373.461,4112.436,4183.974,4210.0
1739917903.2853,2025-02-18 14:31:43.285,51,false,0.0,4257.82,4368.333,4113.333,4188.718,4208.077
1739917903.2931,2025-02-18 14:31:43.293,52,false,0.0,4254.487,4380.769,4114.359,4183.461,4204.487
1739917903.3009,2025-02-18 14:31:43.300,53,false,0.0,4254.744,4381.795,4111.667,4176.41,4197.564
1739917903.3088,2025-02-18 14:31:43.308,54,false,0.0,4258.077,4381.026,4117.436,4179.231,4201.923
1739917903.3166,2025-02-18 14:31:43.316,55,false,0.0,4241.795,4382.436,4113.846,4172.436,4204.359
1739917903.3244,2025-02-18 14:31:43.324,56,false,0.0,4229.872,4370.128,4104.231,4166.539,4200.769
1739917903.3322,2025-02-18 14:31:43.332,57,false,0.0,4243.205,4363.077,4114.359,4176.923,4199.872
1739917903.34,2025-02-18 14:31:43.340,58,false,0.0,4238.59,4363.333,4121.154,4179.487,4188.333
1739917903.3478,2025-02-18 14:31:43.347,59,false,0.0,4221.667,4356.282,4112.949,4174.231,4175.0
1739917903.3556,2025-02-18 14:31:43.355,60,false,0.0,4231.539,4370.256,4121.667,4178.846,4184.487
1739917903.3634,2025-02-18 14:31:43.363,61,false,0.0,4234.487,4396.539,4129.872,4181.282,4193.205
1739917903.3713,2025-02-18 14:31:43.371,62,false,0.0,4218.846,4383.205,4108.974,4179.872,4180.385
1739917903.3791,2025-02-18 14:31:43.379,63,false,0.0,4222.18,4361.026,4096.154,4181.41,4170.385
1739917903.3869,2025-02-18 14:31:43.386,64,false,0.0,4228.205,4378.846,4109.487,4175.0,4171.154
1739917903.3947,2025-02-18 14:31:43.394,65,false,0.0,4219.359,4392.308,4118.205,4167.949,4168.333
1739917903.4025,2025-02-18 14:31:43.402,66,false,0.0,4210.128,4373.205,4111.282,4168.077,4157.692
1739917903.4103,2025-02-18 14:31:43.410,67,false,0.0,4192.436,4359.744,4096.667,4162.18,4141.282
1739917903.4181,2025-02-18 14:31:43.418,68,false,0.0,4184.872,4359.872,4088.974,4163.333,4137.051
1739917903.4259,2025-02-18 14:31:43.425,69,false,0.0,4215.0,4361.41,4106.282,4183.333,4159.872
1739917903.4338,2025-02-18 14:31:43.433,70,false,0.0,4237.949,4373.974,4125.128,4191.282,4185.385
1739917903.4416,2025-02-18 14:31:43.441,71,false,0.0,4225.513,4384.487,4114.103,4177.436,4191.154
1739917903.4494,2025-02-18 14:31:43.449,72,false,0.0,4213.718,4374.487,4100.513,4170.385,4186.41
1739917903.4572,2025-02-18 14:31:43.457,73,false,0.0,4213.461,4358.333,4107.051,4178.077,4181.923
1739917903.465,2025-02-18 14:31:43.465,74,false,0.0,4212.564,4340.769,4108.077,4183.077,4182.436
1739917903.4728,2025-02-18 14:31:43.472,75,false,0.0,4211.795,4326.154,4098.461,4178.974,4186.795
1739917903.4806,2025-02-18 14:31:43.480,76,false,0.0,4209.359,4342.949,4097.949,4178.718,4185.128
1739917903.4884,2025-02-18 14:31:43.488,77,false,0.0,4211.923,4373.461,4103.333,4188.205,4182.051
1739917903.4963,2025-02-18 14:31:43.496,78,false,0.0,4222.18,4375.897,4109.487,4195.641,4187.564
1739917903.5041,2025-02-18 14:31:43.504,79,false,0.0,4222.436,4375.128,4115.641,4196.667,4188.974
1739917903.5119,2025-02-18 14:31:43.511,80,false,0.0,4211.795,4386.923,4103.461,4188.846,4178.205
1739917903.5197,2025-02-18 14:31:43.519,81,false,0.0,4207.051,4373.461,4080.0,4170.897,4172.82
1739917903.5275,2025-02-18 14:31:43.527,82,false,0.0,4215.256,4357.949,4082.692,4168.974,4181.154
1739917903.5353,2025-02-18 14:31:43.535,83,false,0.0,4229.615,4379.744,4106.667,4190.0,4190.769
1739917903.5431,2025-02-18 14:31:43.543,84,false,0.0,4231.539,4385.385,4115.897,4195.128,4195.513
1739917903.5509,2025-02-18 14:31:43.550,85,false,0.0,4220.0,4353.974,4110.256,4180.897,4196.154
1739917903.5588,2025-02-18 14:31:43.558,86,false,0.0,4214.872,4347.308,4108.59,4176.923,4192.436
1739917903.5666,2025-02-18 14:31:43.566,87,false,0.0,4214.487,4365.641,4111.539,4181.282,4190.769
1739917903.5744,2025-02-18 14:31:43.574,88,false,0.0,4207.308,4370.897,4110.256,4185.641,4188.461
1739917903.5822,2025-02-18 14:31:43.582,89,false,0.0,4204.615,4375.385,4103.333,4190.256,4176.282
1739917903.59,2025-02-18 14:31:43.590,90,false,0.0,4215.256,4379.744,4106.667,4191.154,4175.256
1739917903.5978,2025-02-18 14:31:43.597,91,false,0.0,4227.949,4370.385,4117.564,4191.026,4190.128
1739917903.6056,2025-02-18 14:31:43.605,92,false,0.0,4222.82,4368.974,4105.769,4178.461,4180.897
1739917903.6134,2025-02-18 14:31:43.613,93,false,0.0,4202.949,4378.205,4086.667,4156.539,4162.82
1739917903.6213,2025-02-18 14:31:43.621,94,false,0.0,4202.18,4373.333,4096.282,4163.333,4180.513
1739917903.6291,2025-02-18 14:31:43.629,95,false,0.0,4218.718,4359.359,4106.026,4183.846,4194.231
1739917903.6369,2025-02-18 14:31:43.636,96,false,0.0,4218.205,4352.18,4100.897,4178.077,4179.872
1739917903.6447,2025-02-18 14:31:43.644,97,false,0.0,4209.487,4353.846,4111.923,4177.308,4186.41
1739917903.6525,2025-02-18 14:31:43.652,98,false,0.0,4210.256,4364.744,4118.205,4190.385,4197.949
1739917903.6603,2025-02-18 14:31:43.660,99,false,0.0,4205.641,4372.308,4099.103,4176.41,4177.949
1739917903.6681,2025-02-18 14:31:43.668,100,false,0.0,4196.282,4364.487,4093.077,4158.59,4167.18
1739917903.6759,2025-02-18 14:31:43.675,101,false,0.0,4194.615,4359.744,4103.077,4168.59,4176.41
1739917903.6838,2025-02-18 14:31:43.683,102,false,0.0,4201.923,4373.846,4114.487,4181.667,4181.539
1739917903.6916,2025-02-18 14:31:43.691,103,false,0.0,4214.872,4381.154,4134.487,4185.128,4193.718
1739917903.6994,2025-02-18 14:31:43.699,104,false,0.0,4212.308,4362.308,4130.128,4181.539,4193.205
1739917903.7072,2025-02-18 14:31:43.707,105,false,0.0,4195.256,4345.513,4099.359,4173.461,4165.769
1739917903.715,2025-02-18 14:31:43.715,106,false,0.0,4198.333,4348.077,4096.795,4172.82,4162.436
1739917903.7228,2025-02-18 14:31:43.722,107,false,0.0,4210.385,4351.154,4103.974,4171.154,4184.744
1739917903.7306,2025-02-18 14:31:43.730,108,false,0.0,4214.744,4357.436,4093.974,4171.539,4196.282
1739917903.7384,2025-02-18 14:31:43.738,109,false,0.0,4234.359,4377.308,4106.282,4188.718,4208.974
1739917903.7463,2025-02-18 14:31:43.746,110,false,0.0,4241.026,4381.795,4118.846,4187.564,4214.103
1739917903.7541,2025-02-18 14:31:43.754,111,false,0.0,4208.718,4360.128,4098.846,4164.744,4199.103
1739917903.7619,2025-02-18 14:31:43.761,112,false,0.0,4202.18,4346.667,4097.949,4174.744,4206.154
1739917903.7697,2025-02-18 14:31:43.769,113,false,0.0,4234.615,4354.359,4117.564,4197.436,4235.256
1739917903.7775,2025-02-18 14:31:43.777,114,false,0.0,4244.103,4361.923,4112.949,4194.359,4248.846
1739917903.7853,2025-02-18 14:31:43.785,115,false,0.0,4237.18,4360.513,4108.333,4198.205,4254.487
1739917903.7931,2025-02-18 14:31:43.793,116,false,0.0,4240.641,4363.718,4115.769,4205.513,4253.974
1739917903.8009,2025-02-18 14:31:43.800,117,false,0.0,4237.308,4373.077,4113.846,4188.846,4245.128
1739917903.8088,2025-02-18 14:31:43.808,118,false,0.0,4233.205,4369.103,4118.077,4180.128,4252.692
1739917903.8166,2025-02-18 14:31:43.816,119,false,0.0,4235.897,4362.436,4123.974,4187.564,4260.513
1739917903.8244,2025-02-18 14:31:43.824,120,false,0.0,4228.205,4377.051,4114.872,4184.744,4244.103
1739917903.8322,2025-02-18 14:31:43.832,121,false,0.0,4214.103,4381.282,4115.769,4182.18,4232.18
1739917903.84,2025-02-18 14:31:43.840,122,false,0.0,4202.692,4355.385,4121.667,4182.949,4231.41
1739917903.8478,2025-02-18 14:31:43.847,123,false,0.0,4193.59,4345.0,4109.872,4175.769,4226.795
1739917903.8556,2025-02-18 14:31:43.855,124,false,0.0,4197.18,4357.564,4109.103,4176.154,4236.667
1739917903.8634,2025-02-18 14:31:43.863,125,false,0.0,4208.846,4361.539,4126.026,4189.744,4258.718
1739917903.8713,2025-02-18 14:31:43.871,126,false,0.0,4217.949,4362.82,4130.0,4203.333,4268.333
1739917903.8791,2025-02-18 14:31:43.879,127,false,0.0,4225.256,4362.82,4121.41,4208.461,4267.308
1739917903.8869,2025-02-18 14:31:43.886,0,false,0.0,4220.128,4356.539,4110.128,4193.846,4257.308
1739917903.8947,2025-02-18 14:31:43.894,1,false,0.0,4209.359,4362.692,4103.59,4175.385,4248.205
1739917903.9025,2025-02-18 14:31:43.902,2,false,0.0,4219.487,4367.564,4116.667,4182.051,4260.769
1739917903.9103,2025-02-18 14:31:43.910,3,false,0.0,4231.154,4362.18,4127.564,4191.154,4272.051
1739917903.9181,2025-02-18 14:31:43.918,4,false,0.0,4218.333,4379.744,4114.872,4179.231,4260.0
1739917903.9259,2025-02-18 14:31:43.925,5,false,0.0,4208.333,4393.077,4104.615,4174.359,4252.692
1739917903.9338,2025-02-18 14:31:43.933,6,false,0.0,4218.461,4365.769,4105.385,4186.154,4260.128
1739917903.9416,2025-02-18 14:31:43.941,7,false,0.0,4227.564,4354.359,4102.564,4191.41,4262.82
1739917903.9494,2025-02-18 14:31:43.949,8,false,0.0,4226.154,4373.846,4106.282,4188.59,4262.18
1739917903.9572,2025-02-18 14:31:43.957,9,false,0.0,4220.897,4367.949,4114.359,4188.718,4261.41
1739917903.965,2025-02-18 14:31:43.965,10,false,0.0,4220.641,4355.769,4111.795,4191.667,4259.487
1739917903.9728,2025-02-18 14:31:43.972,11,false,0.0,4224.615,4365.641,4108.974,4184.615,4260.513
1739917903.9806,2025-02-18 14:31:43.980,12,false,0.0,4215.256,4356.923,4105.769,4161.154,4251.923
1739917903.9884,2025-02-18 14:31:43.988,13,false,0.0,4198.205,4339.359,4095.641,4149.872,4233.974
1739917903.9963,2025-02-18 14:31:43.996,14,false,0.0,4199.872,4355.769,4097.949,4167.692,4232.949
1739917904.0041,2025-02-18 14:31:44.004,15,false,0.0,4208.461,4374.487,4110.641,4178.718,4245.128
1739917904.0119,2025-02-18 14:31:44.011,16,false,0.0,4200.897,4360.128,4108.718,4172.564,4247.949
1739917904.0197,2025-02-18 14:31:44.019,17,false,0.0,4192.692,4340.641,4101.539,4177.692,4246.154
1739917904.0275,2025-02-18 14:31:44.027,18,false,0.0,4202.051,4348.846,4108.333,4187.051,4249.744
1739917904.0353,2025-02-18 14:31:44.035,19,false,0.0,4217.18,4371.923,4119.615,4185.385,4256.026
1739917904.0431,2025-02-18 14:31:44.043,20,false,0.0,4216.282,4367.436,4114.872,4181.667,4257.051
1739917904.0509,2025-02-18 14:31:44.050,21,false,0.0,4203.205,4345.513,4095.897,4174.359,4248.718
1739917904.0588,2025-02-18 14:31:44.058,22,false,0.0,4207.051,4357.949,4092.564,4167.82,4243.461
1739917904.0666,2025-02-18 14:31:44.066,23,false,0.0,4222.18,4375.0,4104.359,4169.359,4242.82
1739917904.0744,2025-02-18 14:31:44.074,24,false,0.0,4214.359,4350.641,4093.205,4160.897,4230.641
1739917904.0822,2025-02-18 14:31:44.082,25,false,0.0,4203.974,4341.667,4073.974,4151.282,4225.385
1739917904.09,2025-02-18 14:31:44.090,26,false,0.0,4219.487,4368.461,4085.769,4164.615,4245.641
1739917904.0978,2025-02-18 14:31:44.097,27,false,0.0,4225.641,4367.051,4101.539,4172.692,4257.949
1739917904.1056,2025-02-18 14:31:44.105,28,false,0.0,4215.385,4357.051,4101.923,4162.692,4255.641
1739917904.1134,2025-02-18 14:31:44.113,29,false,0.0,4228.205,4380.513,4114.487,4171.154,4267.18
1739917904.1213,2025-02-18 14:31:44.121,30,false,0.0,4244.103,4382.949,4125.385,4187.564,4270.769
1739917904.1291,2025-02-18 14:31:44.129,31,false,0.0,4234.103,4356.154,4111.923,4180.513,4252.436
1739917904.1369,2025-02-18 14:31:44.136,32,false,0.0,4230.128,4359.231,4098.077,4172.436,4250.385
1739917904.1447,2025-02-18 14:31:44.144,33,false,0.0,4235.128,4370.385,4089.872,4173.59,4255.256
1739917904.1525,2025-02-18 14:31:44.152,34,false,0.0,4225.256,4359.872,4082.821,4165.641,4239.487
1739917904.1603,2025-02-18 14:31:44.160,35,false,0.0,4228.333,4371.026,4101.154,4166.667,4247.051
1739917904.1681,2025-02-18 14:31:44.168,36,false,0.0,4254.615,4397.692,4131.667,4185.385,4285.897
1739917904.1759,2025-02-18 14:31:44.175,37,false,0.0,4259.359,4393.718,4131.795,4182.949,4291.026
1739917904.1838,2025-02-18 14:31:44.183,38,false,0.0,4238.333,4383.333,4112.308,4157.82,4267.436
1739917904.1916,2025-02-18 14:31:44.191,39,false,0.0,4226.923,4385.0,4102.308,4153.461,4265.385
1739917904.1994,2025-02-18 14:31:44.199,40,false,0.0,4229.615,4369.231,4096.026,4170.385,4268.205
1739917904.2072,2025-02-18 14:31:44.207,41,false,0.0,4235.385,4357.692,4094.615,4178.718,4261.923
1739917904.215,2025-02-18 14:31:44.215,42,false,0.0,4235.513,4378.205,4104.487,4175.385,4268.077
1739917904.2228,2025-02-18 14:31:44.222,43,false,0.0,4223.461,4387.18,4105.385,4168.59,4271.795
1739917904.2306,2025-02-18 14:31:44.230,44,false,0.0,4219.359,4375.897,4096.154,4166.282,4262.051
1739917904.2384,2025-02-18 14:31:44.238,45,false,0.0,4232.949,4381.154,4102.436,4171.923,4263.205
1739917904.2463,2025-02-18 14:31:44.246,46,false,0.0,4230.0,4381.41,4110.897,4168.461,4262.692
1739917904.2541,2025-02-18 14:31:44.254,47,false,0.0,4210.897,4361.41,4100.769,4155.385,4246.539
1739917904.2619,2025-02-18 14:31:44.261,48,false,0.0,4216.539,4362.051,4101.282,4159.615,4247.82
1739917904.2697,2025-02-18 14:31:44.269,49,false,0.0,4232.18,4375.128,4117.692,4171.41,4265.0
1739917904.2775,2025-02-18 14:31:44.277,50,false,0.0,4223.205,4367.308,4114.615,4166.41,4267.051
1739917904.2853,2025-02-18 14:31:44.285,51,false,0.0,4214.615,4361.539,4101.154,4164.103,4266.795
1739917904.2931,2025-02-18 14:31:44.293,52,false,0.0,4223.077,4369.615,4105.128,4175.897,4272.308
1739917904.3009,2025-02-18 14:31:44.300,53,false,0.0,4228.333,4376.923,4113.974,4181.41,4269.615
1739917904.3088,2025-02-18 14:31:44.308,54,false,0.0,4231.923,4388.59,4117.18,4182.18,4271.154
1739917904.3166,2025-02-18 14:31:44.316,55,false,0.0,4237.18,4391.282,4118.59,4187.308,4276.667
1739917904.3244,2025-02-18 14:31:44.324,56,false,0.0,4232.436,4376.026,4117.308,4187.051,4267.82
1739917904.3322,2025-02-18 14:31:44.332,57,false,0.0,4227.692,4380.128,4120.641,4183.461,4263.461
1739917904.34,2025-02-18 14:31:44.340,58,false,0.0,4228.077,4397.949,4125.641,4184.487,4276.41
1739917904.3478,2025-02-18 14:31:44.347,59,false,0.0,4225.513,4388.974,4120.0,4185.641,4283.59
1739917904.3556,2025-02-18 14:31:44.355,60,false,0.0,4226.923,4379.615,4118.205,4182.436,4277.308
1739917904.3634,2025-02-18 14:31:44.363,61,false,0.0,4222.308,4386.026,4122.692,4173.59,4265.0
1739917904.3713,2025-02-18 14:31:44.371,62,false,0.0,4204.872,4368.461,4113.59,4169.744,4261.923
1739917904.3791,2025-02-18 14:31:44.379,63,false,0.0,4216.41,4354.359,4105.641,4187.692,4291.282
1739917904.3869,2025-02-18 14:31:44.386,64,false,0.0,4256.026,4383.205,4113.974,4206.41,4327.692
1739917904.3947,2025-02-18 14:31:44.394,65,false,0.0,4260.256,4389.103,4117.051,4200.897,4331.795
1739917904.4025,2025-02-18 14:31:44.402,66,false,0.0,4238.205,4346.923,4113.333,4199.487,4335.641
1739917904.4103,2025-02-18 14:31:44.410,67,false,0.0,4247.692,4337.692,4118.974,4217.436,4362.18
1739917904.4181,2025-02-18 14:31:44.418,68,false,0.0,4267.308,4366.539,4124.872,4219.615,4370.128
1739917904.4259,2025-02-18 14:31:44.425,69,false,0.0,4256.154,4368.205,4124.231,4202.436,4353.461
1739917904.4338,2025-02-18 14:31:44.433,70,false,0.0,4239.487,4354.615,4118.59,4195.513,4345.769
1739917904.4416,2025-02-18 14:31:44.441,71,false,0.0,4239.231,4357.436,4106.539,4194.615,4342.564
1739917904.4494,2025-02-18 14:31:44.449,72,false,0.0,4236.154,4357.308,4102.82,4188.205,4333.077
1739917904.4572,2025-02-18 14:31:44.457,73,false,0.0,4225.897,4345.128,4111.026,4189.103,4330.641
1739917904.465,2025-02-18 14:31:44.465,74,false,0.0,4222.82,4332.82,4105.0,4195.128,4331.41
1739917904.4728,2025-02-18 14:31:44.472,75,false,0.0,4218.333,4329.231,4086.282,4188.846,4317.308
1739917904.4806,2025-02-18 14:31:44.480,76,false,0.0,4203.461,4338.205,4083.974,4176.539,4295.0
1739917904.4884,2025-02-18 14:31:44.488,77,false,0.0,4201.795,4343.077,4098.974,4179.615,4291.282
1739917904.4963,2025-02-18 14:31:44.496,78,false,0.0,4218.846,4335.256,4110.897,4191.154,4305.128
1739917904.5041,2025-02-18 14:31:44.504,79,false,0.0,4218.461,4333.333,4106.539,4185.641,4303.205
1739917904.5119,2025-02-18 14:31:44.511,80,false,0.0,4199.744,4336.154,4097.308,4174.359,4288.461
1739917904.5197,2025-02-18 14:31:44.519,81,false,0.0,4202.308,4335.256,4106.282,4188.461,4297.436
1739917904.5275,2025-02-18 14:31:44.527,82,false,0.0,4217.949,4342.436,4116.154,4207.436,4314.103
1739917904.5353,2025-02-18 14:31:44.535,83,false,0.0,4212.82,4348.59,4102.051,4197.308,4303.205
1739917904.5431,2025-02-18 14:31:44.543,84,false,0.0,4205.385,4346.282,4099.744,4187.436,4293.846
1739917904.5509,2025-02-18 14:31:44.550,85,false,0.0,4215.256,4355.256,4122.564,4204.231,4310.256
1739917904.5588,2025-02-18 14:31:44.558,86,false,0.0,4217.82,4361.667,4118.718,4213.461,4315.513
1739917904.5666,2025-02-18 14:31:44.566,87,false,0.0,4208.461,4348.077,4097.18,4200.128,4299.103
1739917904.5744,2025-02-18 14:31:44.574,88,false,0.0,4210.385,4349.231,4110.385,4194.872,4293.59
1739917904.5822,2025-02-18 14:31:44.582,89,false,0.0,4219.103,4368.077,4130.385,4201.923,4301.026
1739917904.59,2025-02-18 14:31:44.590,90,false,0.0,4220.256,4363.718,4118.205,4203.077,4301.923
1739917904.5978,2025-02-18 14:31:44.597,91,false,0.0,4221.539,4351.282,4106.667,4200.0,4296.282
1739917904.6056,2025-02-18 14:31:44.605,92,false,0.0,4226.282,4359.103,4117.436,4198.205,4294.872
1739917904.6134,2025-02-18 14:31:44.613,93,false,0.0,4228.974,4361.41,4128.461,4196.667,4301.41
1739917904.6213,2025-02-18 14:31:44.621,94,false,0.0,4229.231,4351.795,4127.18,4197.308,4304.103
1739917904.6291,2025-02-18 14:31:44.629,95,false,0.0,4225.897,4358.718,4119.615,4194.103,4292.949
1739917904.6369,2025-02-18 14:31:44.636,96,false,0.0,4215.641,4369.872,4115.897,4181.667,4280.256
1739917904.6447,2025-02-18 14:31:44.644,97,false,0.0,4205.128,4360.256,4120.128,4176.282,4277.692
1739917904.6525,2025-02-18 14:31:44.652,98,false,0.0,4207.692,4351.923,4126.923,4189.103,4283.59
1739917904.6603,2025-02-18 14:31:44.660,99,false,0.0,4223.077,4363.333,4133.333,4201.539,4296.026
1739917904.6681,2025-02-18 14:31:44.668,100,false,0.0,4228.974,4369.103,4133.077,4196.795,4299.487
1739917904.6759,2025-02-18 14:31:44.675,101,false,0.0,4218.333,4361.282,4122.308,4187.564,4288.205
1739917904.6838,2025-02-18 14:31:44.683,102,false,0.0,4216.282,4364.487,4119.872,4191.026,4291.41
1739917904.6916,2025-02-18 14:31:44.691,103,false,0.0,4226.923,4365.513,4123.461,4198.974,4307.436
1739917904.6994,2025-02-18 14:31:44.699,104,false,0.0,4228.59,4338.846,4108.718,4197.308,4300.513
1739917904.7072,2025-02-18 14:31:44.707,105,false,0.0,4226.41,4328.077,4098.333,4195.256,4288.205
1739917904.715,2025-02-18 14:31:44.715,106,false,0.0,4231.795,4360.0,4114.615,4203.846,4298.333
1739917904.7228,2025-02-18 14:31:44.722,107,false,0.0,4229.359,4366.923,4117.949,4211.667,4300.385
1739917904.7306,2025-02-18 14:31:44.730,108,false,0.0,4218.974,4337.308,4099.872,4210.513,4284.103
1739917904.7384,2025-02-18 14:31:44.738,109,false,0.0,4216.667,4346.154,4105.256,4208.846,4282.18
1739917904.7463,2025-02-18 14:31:44.746,110,false,0.0,4218.718,4375.769,4126.539,4211.41,4295.0
1739917904.7541,2025-02-18 14:31:44.754,111,false,0.0,4217.692,4360.256,4124.615,4217.949,4298.077
1739917904.7619,2025-02-18 14:31:44.761,112,false,0.0,4207.308,4338.333,4106.539,4218.077,4281.667
1739917904.7697,2025-02-18 14:31:44.769,113,false,0.0,4183.974,4346.41,4092.436,4200.0,4252.436
1739917904.7775,2025-02-18 14:31:44.777,114,false,0.0,4172.308,4349.615,4086.026,4182.949,4237.82
1739917904.7853,2025-02-18 14:31:44.785,115,false,0.0,4181.539,4351.154,4088.077,4186.923,4246.41
1739917904.7931,2025-02-18 14:31:44.793,116,false,0.0,4181.282,4361.667,4090.128,4190.897,4248.974
