1739917861.9806,2025-02-18 14:31:01.980,3,false,0.446028,-0.30481,0.578491,0.611145,0.880873,-0.445075,-0.135134,-0.045541,0.00193,0.05503
1739917862.0119,2025-02-18 14:31:02.011,4,false,0.446074,-0.304749,0.578552,0.611084,0.890639,-0.418708,-0.147341,-0.045589,0.001932,0.054923
1739917862.0431,2025-02-18 14:31:02.043,5,false,0.445949,-0.30481,0.578552,0.611145,0.868177,-0.447028,-0.147341,-0.045559,0.001971,0.054985
1739917862.0744,2025-02-18 14:31:02.074,6,false,0.44607,-0.304749,0.578491,0.611145,0.868177,-0.447028,-0.147341,-0.045532,0.002006,0.055041
1739917862.1056,2025-02-18 14:31:02.105,7,false,0.445944,-0.304688,0.578491,0.611267,0.880385,-0.433356,-0.133669,-0.04541,0.001891,0.055005
1739917862.1369,2025-02-18 14:31:02.136,8,false,0.445865,-0.304688,0.578552,0.611267,0.871107,-0.434333,-0.146853,-0.045349,0.001897,0.0549
1739917862.1681,2025-02-18 14:31:02.168,9,false,0.445706,-0.304565,0.578674,0.611328,0.871107,-0.434333,-0.146853,-0.045294,0.001902,0.054806
1739917862.1994,2025-02-18 14:31:02.199,10,false,0.445664,-0.304626,0.578674,0.611328,0.872572,-0.434333,-0.13904,-0.045306,0.001846,0.054684
1739917862.2306,2025-02-18 14:31:02.230,11,false,0.445869,-0.304565,0.578613,0.611267,0.866712,-0.442634,-0.144411,-0.045463,0.001869,0.054685
1739917862.2619,2025-02-18 14:31:02.261,12,false,0.445706,-0.304565,0.578674,0.611328,0.880385,-0.433356,-0.133669,-0.045409,0.001768,0.054685
1739917862.2931,2025-02-18 14:31:02.293,13,false,0.446023,-0.304565,0.57843,0.611328,0.887709,-0.440192,-0.141482,-0.045421,0.001701,0.05471
1739917862.3244,2025-02-18 14:31:02.324,14,false,0.446432,-0.304565,0.578308,0.611145,0.881849,-0.446052,-0.130251,-0.045408,0.001702,0.054732
1739917862.3556,2025-02-18 14:31:02.355,15,false,0.446515,-0.304565,0.578308,0.611084,0.886244,-0.435798,-0.140017,-0.045286,0.001788,0.054777
1739917862.3869,2025-02-18 14:31:02.386,16,false,0.446599,-0.304688,0.578308,0.610962,0.886244,-0.435798,-0.140017,-0.045286,0.001695,0.054829
1739917862.4181,2025-02-18 14:31:02.418,17,false,0.446637,-0.304871,0.578247,0.610901,0.883314,-0.438727,-0.147341,-0.045397,0.00172,0.054888
1739917862.4494,2025-02-18 14:31:02.449,18,false,0.446716,-0.304993,0.578186,0.61084,0.874037,-0.441657,-0.135622,-0.045447,0.001658,0.054892
1739917862.4806,2025-02-18 14:31:02.480,19,false,0.446553,-0.305115,0.578247,0.61084,0.874037,-0.441657,-0.135622,-0.045492,0.001602,0.054896
1739917862.5119,2025-02-18 14:31:02.511,20,false,0.446474,-0.304993,0.578308,0.610901,0.881361,-0.44654,-0.142458,-0.045533,0.001528,0.054937
1739917862.5431,2025-02-18 14:31:02.543,21,false,0.446307,-0.305115,0.578308,0.610962,0.885267,-0.438239,-0.155642,-0.045447,0.001521,0.054997
1739917862.5744,2025-02-18 14:31:02.574,22,false,0.446307,-0.305115,0.578308,0.610962,0.885267,-0.438239,-0.155642,-0.04537,0.001516,0.055052
1739917862.6056,2025-02-18 14:31:02.605,23,false,0.446303,-0.305237,0.578247,0.610962,0.872084,-0.451423,-0.145388,-0.045497,0.001645,0.055028
1739917862.6369,2025-02-18 14:31:02.636,24,false,0.446349,-0.30542,0.578308,0.610779,0.886732,-0.440192,-0.144411,-0.045586,0.001676,0.055006
1739917862.6681,2025-02-18 14:31:02.668,25,false,0.446461,-0.305481,0.578125,0.61084,0.878431,-0.434333,-0.140505,-0.045617,0.001777,0.055035
1739917862.6994,2025-02-18 14:31:02.699,26,false,0.446461,-0.305481,0.578125,0.61084,0.877943,-0.44654,-0.146365,-0.04556,0.001794,0.054891
1739917862.7306,2025-02-18 14:31:02.730,27,false,0.446466,-0.305481,0.578186,0.610779,0.871595,-0.431891,-0.140017,-0.045545,0.001774,0.054919
1739917862.7619,2025-02-18 14:31:02.761,28,false,0.446299,-0.305481,0.578186,0.610901,0.871595,-0.431891,-0.140017,-0.045483,0.001682,0.054896
1739917862.7931,2025-02-18 14:31:02.793,29,false,0.446261,-0.30542,0.578247,0.610901,0.892103,-0.434821,-0.144411,-0.045488,0.001745,0.054875
1739917862.8244,2025-02-18 14:31:02.824,30,false,0.446261,-0.30542,0.578247,0.610901,0.877943,-0.441169,-0.141482,-0.04537,0.001656,0.054881
1739917862.8556,2025-02-18 14:31:02.855,31,false,0.446145,-0.305359,0.578369,0.610901,0.877943,-0.441169,-0.141482,-0.045411,0.001649,0.054935
1739917862.8869,2025-02-18 14:31:02.886,0,false,0.446103,-0.305298,0.578369,0.610962,0.881361,-0.44947,-0.150759,-0.045362,0.001777,0.054935
1739917862.9181,2025-02-18 14:31:02.918,1,false,0.44594,-0.305298,0.57843,0.611023,0.875502,-0.451423,-0.1449,-0.045428,0.001795,0.054922
1739917862.9494,2025-02-18 14:31:02.949,2,false,0.445852,-0.30542,0.578369,0.611084,0.875502,-0.451423,-0.1449,-0.045377,0.001701,0.054923
1739917862.9806,2025-02-18 14:31:02.980,3,false,0.44589,-0.305481,0.578308,0.611084,0.869154,-0.441657,-0.138552,-0.045442,0.001665,0.054973
1739917863.0119,2025-02-18 14:31:03.011,4,false,0.44594,-0.305298,0.57843,0.611023,0.869154,-0.441657,-0.138552,-0.045634,0.001633,0.054932
1739917863.0431,2025-02-18 14:31:03.043,5,false,0.446048,-0.305603,0.578186,0.611023,0.875013,-0.437263,-0.143923,-0.045673,0.001604,0.054896
1739917863.0744,2025-02-18 14:31:03.074,6,false,0.446169,-0.305542,0.578125,0.611023,0.887709,-0.43238,-0.142947,-0.045683,0.001602,0.054863
1739917863.1056,2025-02-18 14:31:03.105,7,false,0.446206,-0.305725,0.578064,0.610962,0.887709,-0.43238,-0.142947,-0.045693,0.001601,0.054833
1739917863.1369,2025-02-18 14:31:03.136,8,false,0.446164,-0.305664,0.578064,0.611023,0.879896,-0.449958,-0.146365,-0.045725,0.001636,0.054807
1739917863.1681,2025-02-18 14:31:03.168,9,false,0.446043,-0.305725,0.578125,0.611023,0.877455,-0.434821,-0.132692,-0.045755,0.001729,0.054685
1739917863.1994,2025-02-18 14:31:03.199,10,false,0.44596,-0.305725,0.578125,0.611084,0.877455,-0.434821,-0.132692,-0.045782,0.001812,0.054575
1739917863.2306,2025-02-18 14:31:03.230,11,false,0.445913,-0.305786,0.578064,0.611145,0.880873,-0.444587,-0.132692,-0.045781,0.001765,0.05466
1739917863.2619,2025-02-18 14:31:03.261,12,false,0.445667,-0.305786,0.578125,0.611267,0.879408,-0.44654,-0.133669,-0.045866,0.001808,0.054675
1739917863.2931,2025-02-18 14:31:03.293,13,false,0.445629,-0.305725,0.578186,0.611267,0.879408,-0.44654,-0.133669,-0.045943,0.001847,0.054688
1739917863.3244,2025-02-18 14:31:03.324,14,false,0.445797,-0.305725,0.578186,0.611145,0.87306,-0.435309,-0.142458,-0.045938,0.001833,0.054688
1739917863.3556,2025-02-18 14:31:03.355,15,false,0.445713,-0.305725,0.578186,0.611206,0.888685,-0.437751,-0.13611,-0.045812,0.001699,0.054835
1739917863.3869,2025-02-18 14:31:03.386,16,false,0.445881,-0.305725,0.578186,0.611084,0.888685,-0.437751,-0.13611,-0.045931,0.001724,0.054869
1739917863.4181,2025-02-18 14:31:03.418,17,false,0.445997,-0.305786,0.578064,0.611084,0.888685,-0.437751,-0.13611,-0.046038,0.001747,0.0549
1739917863.4494,2025-02-18 14:31:03.449,18,false,0.44616,-0.305664,0.578003,0.611084,0.874037,-0.428962,-0.145876,-0.045975,0.001707,0.054891
1739917863.4806,2025-02-18 14:31:03.480,19,false,0.446248,-0.305664,0.578064,0.610962,0.881849,-0.439216,-0.150271,-0.045882,0.001817,0.054944
1739917863.5119,2025-02-18 14:31:03.511,20,false,0.446331,-0.305542,0.578064,0.610962,0.881849,-0.439216,-0.150271,-0.045798,0.001855,0.054992
1739917863.5431,2025-02-18 14:31:03.543,21,false,0.446127,-0.305603,0.578125,0.611023,0.870619,-0.439704,-0.142458,-0.045723,0.001767,0.05501
1739917863.5744,2025-02-18 14:31:03.574,22,false,0.446127,-0.305603,0.578125,0.611023,0.891127,-0.431403,-0.153201,-0.045765,0.001883,0.055039
1739917863.6056,2025-02-18 14:31:03.605,23,false,0.445964,-0.305603,0.578186,0.611084,0.891127,-0.431403,-0.153201,-0.045803,0.001988,0.055065
1739917863.6369,2025-02-18 14:31:03.636,24,false,0.445927,-0.30542,0.578247,0.611145,0.89015,-0.446052,-0.1449,-0.045825,0.001985,0.054978
1739917863.6681,2025-02-18 14:31:03.668,25,false,0.445685,-0.30542,0.578369,0.611206,0.880873,-0.440681,-0.143435,-0.04571,0.001896,0.055035
1739917863.6994,2025-02-18 14:31:03.699,26,false,0.445606,-0.30542,0.57843,0.611206,0.880873,-0.440681,-0.143435,-0.045607,0.001816,0.055086
1739917863.7306,2025-02-18 14:31:03.730,27,false,0.445731,-0.305359,0.57843,0.611145,0.879408,-0.445075,-0.144411,-0.045758,0.001805,0.055022
1739917863.7619,2025-02-18 14:31:03.761,28,false,0.445978,-0.305237,0.578369,0.611084,0.867689,-0.437263,-0.146853,-0.045687,0.001784,0.054939
1739917863.7931,2025-02-18 14:31:03.793,29,false,0.445606,-0.30542,0.57843,0.611206,0.89015,-0.446052,-0.1449,-0.045708,0.001654,0.05489
1739917863.8244,2025-02-18 14:31:03.824,30,false,0.446066,-0.305237,0.57843,0.610962,0.875013,-0.438239,-0.143435,-0.045727,0.001538,0.054845
1739917863.8556,2025-02-18 14:31:03.855,31,false,0.446224,-0.305359,0.578308,0.610901,0.887221,-0.448005,-0.145876,-0.045647,0.001616,0.054805
1739917863.8869,2025-02-18 14:31:03.886,0,false,0.446354,-0.305298,0.578369,0.610779,0.884291,-0.421149,-0.140993,-0.045574,0.001625,0.054879
1739917863.9181,2025-02-18 14:31:03.918,1,false,0.44627,-0.305542,0.578369,0.610718,0.884291,-0.421149,-0.140993,-0.045509,0.001633,0.054945
1739917863.9494,2025-02-18 14:31:03.949,2,false,0.446191,-0.305664,0.57843,0.610657,0.885756,-0.440192,-0.142947,-0.045499,0.001751,0.054968
1739917863.9806,2025-02-18 14:31:03.980,3,false,0.446033,-0.305786,0.578552,0.610596,0.876478,-0.445075,-0.132692,-0.045503,0.001661,0.055001
1739917864.0119,2025-02-18 14:31:04.011,4,false,0.445912,-0.305725,0.578613,0.610657,0.876478,-0.445075,-0.132692,-0.045506,0.001581,0.055031
1739917864.0431,2025-02-18 14:31:04.043,5,false,0.445786,-0.305786,0.578613,0.610718,0.887221,-0.434333,-0.142458,-0.045508,0.001593,0.054997
1739917864.0744,2025-02-18 14:31:04.074,6,false,0.445786,-0.305786,0.578613,0.610718,0.883314,-0.451911,-0.130251,-0.045425,0.001642,0.054942
1739917864.1056,2025-02-18 14:31:04.105,7,false,0.445698,-0.305908,0.578552,0.610779,0.883314,-0.451911,-0.130251,-0.045351,0.001685,0.054892
1739917864.1369,2025-02-18 14:31:04.136,8,false,0.445861,-0.305786,0.578491,0.610779,0.879896,-0.447028,-0.138064,-0.045357,0.001651,0.054884
1739917864.1681,2025-02-18 14:31:04.168,9,false,0.445865,-0.30603,0.578552,0.610596,0.880385,-0.44947,-0.150271,-0.04546,0.001644,0.054852
1739917864.1994,2025-02-18 14:31:04.199,10,false,0.445903,-0.305969,0.578491,0.610657,0.865248,-0.437263,-0.142947,-0.045443,0.001626,0.054775
1739917864.2306,2025-02-18 14:31:04.230,11,false,0.445856,-0.30603,0.57843,0.610718,0.8589,-0.44654,-0.144411,-0.045513,0.001635,0.054644
1739917864.2619,2025-02-18 14:31:04.261,12,false,0.44579,-0.30603,0.578674,0.610535,0.897475,-0.444099,-0.148318,-0.045625,0.001605,0.054722
1739917864.2931,2025-02-18 14:31:04.293,13,false,0.445874,-0.306152,0.578674,0.610413,0.897475,-0.444099,-0.148318,-0.045725,0.001579,0.054792
1739917864.3244,2025-02-18 14:31:04.324,14,false,0.445873,-0.306274,0.578674,0.610352,0.882338,-0.433845,-0.138552,-0.045657,0.00158,0.05483
1739917864.3556,2025-02-18 14:31:04.355,15,false,0.445961,-0.306274,0.578735,0.610229,0.885756,-0.435309,-0.137087,-0.045645,0.001507,0.05484
1739917864.3869,2025-02-18 14:31:04.386,16,false,0.445882,-0.306274,0.578796,0.610229,0.885756,-0.435309,-0.137087,-0.045634,0.001564,0.054801
1739917864.4181,2025-02-18 14:31:04.418,17,false,0.445836,-0.306335,0.578735,0.610291,0.87599,-0.442634,-0.145876,-0.045648,0.001603,0.054741
1739917864.4494,2025-02-18 14:31:04.449,18,false,0.445798,-0.306396,0.578796,0.610229,0.884291,-0.444587,-0.142947,-0.045588,0.001577,0.054748
1739917864.4806,2025-02-18 14:31:04.480,19,false,0.445844,-0.306458,0.578857,0.610107,0.884291,-0.444587,-0.142947,-0.045533,0.001554,0.054754
1739917864.5119,2025-02-18 14:31:04.511,20,false,0.446007,-0.306458,0.578796,0.610046,0.889174,-0.435798,-0.150759,-0.045521,0.001533,0.05476
1739917864.5431,2025-02-18 14:31:04.543,21,false,0.44609,-0.306458,0.578796,0.609985,0.879408,-0.434821,-0.130739,-0.045498,0.001587,0.054813
1739917864.5744,2025-02-18 14:31:04.574,22,false,0.445844,-0.306458,0.578857,0.610107,0.87599,-0.442634,-0.145876,-0.045611,0.001684,0.05485
1739917864.6056,2025-02-18 14:31:04.605,23,false,0.446136,-0.306519,0.578857,0.609863,0.884779,-0.445563,-0.149294,-0.045713,0.001772,0.054882
1739917864.6369,2025-02-18 14:31:04.636,24,false,0.446257,-0.30658,0.578796,0.609802,0.881849,-0.441657,-0.132692,-0.045732,0.001803,0.054924
1739917864.6681,2025-02-18 14:31:04.668,25,false,0.446219,-0.306641,0.578857,0.609741,0.888197,-0.434333,-0.135134,-0.045663,0.00172,0.054913
1739917864.6994,2025-02-18 14:31:04.699,26,false,0.446289,-0.306763,0.578674,0.609802,0.888197,-0.434333,-0.135134,-0.045601,0.001646,0.054902
1739917864.7306,2025-02-18 14:31:04.730,27,false,0.446242,-0.306946,0.578613,0.609802,0.887709,-0.435309,-0.131716,-0.045619,0.001738,0.054893
1739917864.7619,2025-02-18 14:31:04.761,28,false,0.446071,-0.306946,0.578552,0.609985,0.882826,-0.451911,-0.1449,-0.045561,0.001759,0.054983
1739917864.7931,2025-02-18 14:31:04.793,29,false,0.446034,-0.306885,0.578613,0.609985,0.882826,-0.451911,-0.1449,-0.045656,0.001754,0.054953
1739917864.8244,2025-02-18 14:31:04.824,30,false,0.446243,-0.306824,0.578613,0.609863,0.890639,-0.429938,-0.137087,-0.045619,0.001811,0.054951
1739917864.8556,2025-02-18 14:31:04.855,31,false,0.44633,-0.306824,0.578674,0.609741,0.893568,-0.44361,-0.132204,-0.045599,0.001825,0.054974
1739917864.8869,2025-02-18 14:31:04.886,0,false,0.446293,-0.306885,0.578735,0.60968,0.893568,-0.44361,-0.132204,-0.045519,0.001838,0.055018
1739917864.9181,2025-02-18 14:31:04.918,1,false,0.446232,-0.307312,0.578491,0.609741,0.893568,-0.44361,-0.132204,-0.045447,0.001849,0.055059
1739917864.9494,2025-02-18 14:31:04.949,2,false,0.446431,-0.307373,0.578369,0.60968,0.876478,-0.419196,-0.13904,-0.045517,0.00175,0.055083
1739917864.9806,2025-02-18 14:31:04.980,3,false,0.446556,-0.307434,0.578369,0.609558,0.872572,-0.440192,-0.137087,-0.045628,0.001648,0.055092
1739917865.0119,2025-02-18 14:31:05.011,4,false,0.44676,-0.307495,0.578308,0.609436,0.872572,-0.440192,-0.137087,-0.045728,0.001556,0.0551
1739917865.0431,2025-02-18 14:31:05.043,5,false,0.446758,-0.307739,0.578308,0.609314,0.881361,-0.438239,-0.138552,-0.045807,0.001633,0.055084
1739917865.0744,2025-02-18 14:31:05.074,6,false,0.446674,-0.307861,0.578308,0.609314,0.880873,-0.429938,-0.135134,-0.045706,0.001604,0.055093
1739917865.1056,2025-02-18 14:31:05.105,7,false,0.446586,-0.307983,0.578247,0.609375,0.880873,-0.429938,-0.135134,-0.045615,0.001578,0.055101
1739917865.1369,2025-02-18 14:31:05.136,8,false,0.446461,-0.307922,0.578247,0.609497,0.875013,-0.426032,-0.146853,-0.045632,0.00164,0.054987
1739917865.1681,2025-02-18 14:31:05.168,9,false,0.446502,-0.307983,0.578247,0.609436,0.873549,-0.415778,-0.129763,-0.045597,0.001708,0.054896
1739917865.1994,2025-02-18 14:31:05.199,10,false,0.446465,-0.307922,0.578308,0.609436,0.873549,-0.415778,-0.129763,-0.045566,0.001769,0.054814
1739917865.2306,2025-02-18 14:31:05.230,11,false,0.44638,-0.308167,0.578308,0.609375,0.877455,-0.435309,-0.134646,-0.045661,0.001763,0.054924
1739917865.2619,2025-02-18 14:31:05.261,12,false,0.446375,-0.308289,0.578247,0.609375,0.874037,-0.430426,-0.138552,-0.045636,0.001721,0.054888
1739917865.2931,2025-02-18 14:31:05.293,13,false,0.446336,-0.308472,0.578308,0.609253,0.874037,-0.430426,-0.138552,-0.045613,0.001683,0.054856
1739917865.3244,2025-02-18 14:31:05.324,14,false,0.44638,-0.308167,0.578308,0.609375,0.878431,-0.451911,-0.137087,-0.045642,0.001783,0.054778
1739917865.3556,2025-02-18 14:31:05.355,15,false,0.446457,-0.308411,0.578247,0.609253,0.878431,-0.451911,-0.137087,-0.045668,0.001873,0.054708
1739917865.3869,2025-02-18 14:31:05.386,16,false,0.446541,-0.308411,0.578247,0.609192,0.878431,-0.44361,-0.132692,-0.045801,0.001906,0.054657
1739917865.4181,2025-02-18 14:31:05.418,17,false,0.446752,-0.308472,0.578308,0.608948,0.881849,-0.429938,-0.147341,-0.045798,0.001996,0.05455
1739917865.4494,2025-02-18 14:31:05.449,18,false,0.446672,-0.308594,0.578369,0.608887,0.881849,-0.429938,-0.147341,-0.045906,0.002004,0.054589
1739917865.4806,2025-02-18 14:31:05.480,19,false,0.446668,-0.308594,0.578308,0.608948,0.878431,-0.437751,-0.131716,-0.045905,0.001913,0.054599
1739917865.5119,2025-02-18 14:31:05.511,20,false,0.446585,-0.308594,0.578308,0.609009,0.878431,-0.44361,-0.135622,-0.045795,0.001881,0.054656
1739917865.5431,2025-02-18 14:31:05.543,21,false,0.446669,-0.308472,0.578308,0.609009,0.878431,-0.44361,-0.135622,-0.045695,0.001851,0.054708
1739917865.5744,2025-02-18 14:31:05.574,22,false,0.446749,-0.30835,0.578247,0.60907,0.874037,-0.442634,-0.138064,-0.04563,0.001923,0.054694
1739917865.6056,2025-02-18 14:31:05.605,23,false,0.446872,-0.308533,0.578247,0.608887,0.883803,-0.436774,-0.131716,-0.045621,0.001877,0.054755
1739917865.6369,2025-02-18 14:31:05.636,24,false,0.447039,-0.308533,0.578247,0.608765,0.883803,-0.436774,-0.131716,-0.045612,0.001836,0.054809
1739917865.6681,2025-02-18 14:31:05.668,25,false,0.446958,-0.308655,0.578308,0.608704,0.892103,-0.425544,-0.138552,-0.045628,0.001811,0.054846
1739917865.6994,2025-02-18 14:31:05.699,26,false,0.447118,-0.308533,0.578186,0.608765,0.883803,-0.436774,-0.136599,-0.045619,0.001898,0.054806
1739917865.7306,2025-02-18 14:31:05.730,27,false,0.44728,-0.308533,0.578125,0.608704,0.885267,-0.430915,-0.135134,-0.045647,0.00194,0.054708
1739917865.7619,2025-02-18 14:31:05.761,28,false,0.447242,-0.308594,0.578186,0.608643,0.882826,-0.440681,-0.152224,-0.045587,0.001942,0.05478
1739917865.7931,2025-02-18 14:31:05.793,29,false,0.447199,-0.308655,0.578186,0.608643,0.897475,-0.422614,-0.135134,-0.045606,0.001943,0.054783
1739917865.8244,2025-02-18 14:31:05.824,30,false,0.447036,-0.308777,0.578247,0.608643,0.897475,-0.422614,-0.135134,-0.045574,0.001858,0.054834
1739917865.8556,2025-02-18 14:31:05.855,31,false,0.447069,-0.308838,0.578125,0.608704,0.876478,-0.427008,-0.131716,-0.045411,0.001843,0.054734
1739917865.8869,2025-02-18 14:31:05.886,0,false,0.446829,-0.308716,0.578247,0.608826,0.879408,-0.44361,-0.13611,-0.045423,0.001769,0.05473
1739917865.9181,2025-02-18 14:31:05.918,1,false,0.446667,-0.308716,0.578308,0.608887,0.879408,-0.44361,-0.13611,-0.04541,0.001702,0.054811
1739917865.9494,2025-02-18 14:31:05.949,2,false,0.446587,-0.308838,0.578369,0.608826,0.874525,-0.434333,-0.148806,-0.045483,0.001703,0.05486
1739917865.9806,2025-02-18 14:31:05.980,3,false,0.446701,-0.309021,0.578247,0.608765,0.880385,-0.440192,-0.145388,-0.045549,0.001642,0.054818
1739917866.0119,2025-02-18 14:31:06.011,4,false,0.44682,-0.309204,0.578186,0.608643,0.880385,-0.440192,-0.145388,-0.045499,0.001612,0.054854
1739917866.0431,2025-02-18 14:31:06.043,5,false,0.446897,-0.309326,0.578125,0.608582,0.885756,-0.428473,-0.143923,-0.04549,0.001646,0.054911
1739917866.0744,2025-02-18 14:31:06.074,6,false,0.446892,-0.309448,0.578064,0.608582,0.891127,-0.434821,-0.131228,-0.045494,0.001653,0.054913
1739917866.1056,2025-02-18 14:31:06.105,7,false,0.44682,-0.309204,0.578186,0.608643,0.874525,-0.434333,-0.148806,-0.045498,0.001634,0.054951
1739917866.1369,2025-02-18 14:31:06.136,8,false,0.446889,-0.309692,0.578064,0.608459,0.886732,-0.426032,-0.128786,-0.045416,0.001641,0.054803
1739917866.1681,2025-02-18 14:31:06.168,9,false,0.446935,-0.309631,0.578125,0.608398,0.882826,-0.425544,-0.128786,-0.045464,0.001685,0.054877
1739917866.1994,2025-02-18 14:31:06.199,10,false,0.446771,-0.309509,0.578125,0.608582,0.888197,-0.436286,-0.136599,-0.045496,0.001675,0.05487
1739917866.2306,2025-02-18 14:31:06.230,11,false,0.446607,-0.309265,0.578125,0.608826,0.888197,-0.436286,-0.136599,-0.045524,0.001666,0.054864
1739917866.2619,2025-02-18 14:31:06.261,12,false,0.446408,-0.309204,0.578247,0.608887,0.881849,-0.432868,-0.12781,-0.045561,0.001646,0.054932
1739917866.2931,2025-02-18 14:31:06.293,13,false,0.446246,-0.309204,0.578308,0.608948,0.882338,-0.436286,-0.137087,-0.04551,0.001616,0.054981
1739917866.3244,2025-02-18 14:31:06.324,14,false,0.446246,-0.309204,0.578308,0.608948,0.882338,-0.436286,-0.137087,-0.045573,0.001723,0.055013
1739917866.3556,2025-02-18 14:31:06.355,15,false,0.446164,-0.309082,0.578308,0.60907,0.881849,-0.432868,-0.13904,-0.045593,0.001746,0.055029
1739917866.3869,2025-02-18 14:31:06.386,16,false,0.446127,-0.309021,0.578369,0.60907,0.879408,-0.434333,-0.1449,-0.045563,0.00162,0.054971
1739917866.4181,2025-02-18 14:31:06.418,17,false,0.446211,-0.308899,0.578369,0.60907,0.879408,-0.434333,-0.1449,-0.045536,0.001507,0.054918
1739917866.4494,2025-02-18 14:31:06.449,18,false,0.446002,-0.30896,0.578369,0.609192,0.890639,-0.444099,-0.135134,-0.045718,0.001613,0.054846
1739917866.4806,2025-02-18 14:31:06.480,19,false,0.44613,-0.308655,0.578369,0.609253,0.895521,-0.437751,-0.134157,-0.045614,0.001659,0.054855
1739917866.5119,2025-02-18 14:31:06.511,20,false,0.446131,-0.308533,0.578369,0.609314,0.882826,-0.447517,-0.142947,-0.045557,0.001713,0.054973
1739917866.5431,2025-02-18 14:31:06.543,21,false,0.44621,-0.308533,0.578308,0.609314,0.883803,-0.443122,-0.138552,-0.045616,0.001651,0.054883
1739917866.5744,2025-02-18 14:31:06.574,22,false,0.446497,-0.308594,0.578247,0.609131,0.885756,-0.425055,-0.13904,-0.045657,0.001681,0.054851
1739917866.6056,2025-02-18 14:31:06.605,23,false,0.44641,-0.308594,0.578186,0.609253,0.885756,-0.425055,-0.13904,-0.045742,0.001684,0.054921
1739917866.6369,2025-02-18 14:31:06.636,24,false,0.446369,-0.308533,0.578186,0.609314,0.877455,-0.43238,-0.13904,-0.045697,0.001626,0.054873
1739917866.6681,2025-02-18 14:31:06.668,25,false,0.446365,-0.308411,0.578125,0.609436,0.889174,-0.424079,-0.149294,-0.045729,0.001597,0.054928
1739917866.6994,2025-02-18 14:31:06.699,26,false,0.446292,-0.308289,0.578247,0.609436,0.889174,-0.424079,-0.149294,-0.045758,0.001572,0.054977
1739917866.7306,2025-02-18 14:31:06.730,27,false,0.446287,-0.308289,0.578186,0.609497,0.884779,-0.424079,-0.133181,-0.045662,0.001549,0.055021
1739917866.7619,2025-02-18 14:31:06.761,28,false,0.446325,-0.308228,0.578125,0.609558,0.893568,-0.445563,-0.140017,-0.045637,0.001614,0.055037
1739917866.7931,2025-02-18 14:31:06.793,29,false,0.446525,-0.308167,0.578003,0.609558,0.893568,-0.445563,-0.140017,-0.045615,0.001672,0.055051
1739917866.8244,2025-02-18 14:31:06.824,30,false,0.446639,-0.307983,0.57782,0.609741,0.880385,-0.425544,-0.144411,-0.045558,0.0017,0.055002
1739917866.8556,2025-02-18 14:31:06.855,31,false,0.446325,-0.308228,0.578125,0.609558,0.880385,-0.425544,-0.144411,-0.045506,0.001726,0.054959
1739917866.8869,2025-02-18 14:31:06.886,0,false,0.446773,-0.307922,0.577942,0.609558,0.884779,-0.437263,-0.134646,-0.045533,0.001773,0.054981
1739917866.9181,2025-02-18 14:31:06.918,1,false,0.446931,-0.3078,0.57782,0.609619,0.87599,-0.442145,-0.146853,-0.045533,0.001803,0.054927
1739917866.9494,2025-02-18 14:31:06.949,2,false,0.44709,-0.307678,0.577698,0.60968,0.87599,-0.442145,-0.146853,-0.04546,0.001818,0.054854
1739917866.9806,2025-02-18 14:31:06.980,3,false,0.447002,-0.307678,0.577637,0.609802,0.871595,-0.440681,-0.142947,-0.045614,0.001734,0.054911
1739917867.0119,2025-02-18 14:31:07.011,4,false,0.447003,-0.307556,0.577637,0.609863,0.888197,-0.431403,-0.145876,-0.045667,0.001707,0.05495
1739917867.0431,2025-02-18 14:31:07.043,5,false,0.447046,-0.307373,0.577637,0.609924,0.888197,-0.431403,-0.145876,-0.045751,0.001744,0.054924
1739917867.0744,2025-02-18 14:31:07.074,6,false,0.447008,-0.307434,0.577698,0.609863,0.879896,-0.433356,-0.144411,-0.045754,0.001728,0.054949
1739917867.1056,2025-02-18 14:31:07.105,7,false,0.447055,-0.307373,0.577759,0.609802,0.869154,-0.434333,-0.12781,-0.045671,0.001787,0.054923
1739917867.1369,2025-02-18 14:31:07.136,8,false,0.446976,-0.307373,0.57782,0.609802,0.869154,-0.434333,-0.12781,-0.045596,0.00184,0.054899
1739917867.1681,2025-02-18 14:31:07.168,9,false,0.446976,-0.307373,0.57782,0.609802,0.882338,-0.427497,-0.131228,-0.045516,0.001876,0.054866
1739917867.1994,2025-02-18 14:31:07.199,10,false,0.446933,-0.307556,0.57782,0.609741,0.877943,-0.428473,-0.137087,-0.045469,0.001786,0.05486
1739917867.2306,2025-02-18 14:31:07.230,11,false,0.446816,-0.307739,0.577942,0.609619,0.877943,-0.428473,-0.137087,-0.045427,0.001705,0.054855
1739917867.2619,2025-02-18 14:31:07.261,12,false,0.446904,-0.307617,0.578003,0.609558,0.877943,-0.428473,-0.137087,-0.045462,0.001754,0.054851
1739917867.2931,2025-02-18 14:31:07.293,13,false,0.446983,-0.307617,0.577942,0.609558,0.880385,-0.451423,-0.135134,-0.045444,0.001811,0.05492
1739917867.3244,2025-02-18 14:31:07.324,14,false,0.446942,-0.307556,0.577942,0.609619,0.878431,-0.440192,-0.144411,-0.045514,0.001837,0.054897
1739917867.3556,2025-02-18 14:31:07.355,15,false,0.446862,-0.307678,0.578003,0.609558,0.878431,-0.440192,-0.144411,-0.045577,0.001861,0.054876
1739917867.3869,2025-02-18 14:31:07.386,16,false,0.446945,-0.307678,0.578003,0.609497,0.891127,-0.427985,-0.13904,-0.045634,0.001883,0.054772
1739917867.4181,2025-02-18 14:31:07.418,17,false,0.446751,-0.307495,0.578186,0.609558,0.885267,-0.43238,-0.135134,-0.045575,0.001792,0.054751
1739917867.4494,2025-02-18 14:31:07.449,18,false,0.446918,-0.307373,0.578186,0.609497,0.885267,-0.43238,-0.135134,-0.045546,0.001723,0.054745
1739917867.4806,2025-02-18 14:31:07.480,19,false,0.446797,-0.307434,0.578247,0.609497,0.89015,-0.448981,-0.137575,-0.045582,0.001721,0.054739
1739917867.5119,2025-02-18 14:31:07.511,20,false,0.446831,-0.307373,0.578125,0.609619,0.881849,-0.438239,-0.138064,-0.045626,0.001586,0.054661
1739917867.5431,2025-02-18 14:31:07.543,21,false,0.446906,-0.307251,0.578003,0.609741,0.881849,-0.438239,-0.138064,-0.045665,0.001464,0.05459
1739917867.5744,2025-02-18 14:31:07.574,22,false,0.447023,-0.30719,0.577881,0.609802,0.87892,-0.437263,-0.139528,-0.045652,0.001525,0.054539
1739917867.6056,2025-02-18 14:31:07.605,23,false,0.447106,-0.30719,0.577881,0.609741,0.889174,-0.445075,-0.131228,-0.04564,0.001458,0.054615
1739917867.6369,2025-02-18 14:31:07.636,24,false,0.446906,-0.307251,0.578003,0.609741,0.89015,-0.448981,-0.137575,-0.045654,0.001532,0.054635
1739917867.6681,2025-02-18 14:31:07.668,25,false,0.447472,-0.307129,0.577759,0.609619,0.874037,-0.439704,-0.137575,-0.045666,0.001598,0.054652
1739917867.6994,2025-02-18 14:31:07.699,26,false,0.447473,-0.307007,0.577759,0.60968,0.883314,-0.434333,-0.13611,-0.045677,0.001573,0.054644
1739917867.7306,2025-02-18 14:31:07.730,27,false,0.447597,-0.307068,0.577759,0.609558,0.884779,-0.445075,-0.138064,-0.045589,0.001611,0.054599
1739917867.7619,2025-02-18 14:31:07.761,28,false,0.447713,-0.307129,0.577637,0.609558,0.884779,-0.445075,-0.138064,-0.045535,0.001584,0.054657
1739917867.7931,2025-02-18 14:31:07.793,29,false,0.447621,-0.307129,0.577515,0.609741,0.888685,-0.440192,-0.134157,-0.045462,0.001621,0.054709
1739917867.8244,2025-02-18 14:31:07.824,30,false,0.447501,-0.306946,0.577576,0.609863,0.885756,-0.436774,-0.143435,-0.045456,0.001679,0.054817
1739917867.8556,2025-02-18 14:31:07.855,31,false,0.447543,-0.307007,0.577576,0.609802,0.885756,-0.436774,-0.143435,-0.045452,0.00173,0.054914
1739917867.8869,2025-02-18 14:31:07.886,0,false,0.447673,-0.306824,0.577637,0.609741,0.883803,-0.434821,-0.135622,-0.045411,0.001814,0.05494
1739917867.9181,2025-02-18 14:31:07.918,1,false,0.447751,-0.306824,0.577576,0.609741,0.888197,-0.440192,-0.140017,-0.045313,0.001767,0.054927
1739917867.9494,2025-02-18 14:31:07.949,2,false,0.447681,-0.306824,0.577759,0.609619,0.888197,-0.440192,-0.140017,-0.045226,0.001724,0.054915
1739917867.9806,2025-02-18 14:31:07.980,3,false,0.447839,-0.306702,0.577637,0.60968,0.872572,-0.430915,-0.128298,-0.045366,0.001747,0.054942
1739917868.0119,2025-02-18 14:31:08.011,4,false,0.447882,-0.306519,0.577637,0.609741,0.884291,-0.430426,-0.1449,-0.045468,0.001731,0.054843
1739917868.0431,2025-02-18 14:31:08.043,5,false,0.447798,-0.306519,0.577637,0.609802,0.878431,-0.448981,-0.147829,-0.045585,0.001778,0.05484
1739917868.0744,2025-02-18 14:31:08.074,6,false,0.447715,-0.306519,0.577637,0.609863,0.881361,-0.441169,-0.139528,-0.045628,0.001795,0.054837
1739917868.1056,2025-02-18 14:31:08.105,7,false,0.447757,-0.306458,0.577637,0.609863,0.882826,-0.435309,-0.145876,-0.045619,0.001762,0.054944
1739917868.1369,2025-02-18 14:31:08.136,8,false,0.447558,-0.306396,0.577759,0.609924,0.882826,-0.435309,-0.145876,-0.04561,0.001733,0.055041
1739917868.1681,2025-02-18 14:31:08.168,9,false,0.447525,-0.306458,0.577881,0.609802,0.892103,-0.438239,-0.144411,-0.045578,0.00173,0.054944
1739917868.1994,2025-02-18 14:31:08.199,10,false,0.447446,-0.306458,0.577942,0.609802,0.875502,-0.431891,-0.14197,-0.045635,0.001826,0.05498
1739917868.2306,2025-02-18 14:31:08.230,11,false,0.44765,-0.306396,0.577881,0.609741,0.875502,-0.431891,-0.14197,-0.045759,0.001875,0.055073
1739917868.2619,2025-02-18 14:31:08.261,12,false,0.447497,-0.306274,0.578064,0.609741,0.875013,-0.440192,-0.136599,-0.045651,0.001858,0.055059
1739917868.2931,2025-02-18 14:31:08.293,13,false,0.447182,-0.306152,0.578308,0.609802,0.87892,-0.433845,-0.140993,-0.045578,0.00188,0.054936
1739917868.3244,2025-02-18 14:31:08.324,14,false,0.44734,-0.306152,0.578186,0.609802,0.87892,-0.433845,-0.140993,-0.045512,0.0019,0.054826
1739917868.3556,2025-02-18 14:31:08.355,15,false,0.447376,-0.306335,0.578125,0.609741,0.894057,-0.439216,-0.135134,-0.045514,0.00182,0.054934
1739917868.3869,2025-02-18 14:31:08.386,16,false,0.447182,-0.306152,0.578308,0.609802,0.894057,-0.439216,-0.135134,-0.045516,0.001747,0.055032
1739917868.4181,2025-02-18 14:31:08.418,17,false,0.447543,-0.306213,0.578125,0.60968,0.889174,-0.447028,-0.147829,-0.045542,0.001853,0.05501
1739917868.4494,2025-02-18 14:31:08.449,18,false,0.447594,-0.306152,0.578247,0.609558,0.881849,-0.44361,-0.13904,-0.045566,0.001863,0.054965
1739917868.4806,2025-02-18 14:31:08.480,19,false,0.447797,-0.306091,0.578186,0.609497,0.881849,-0.44361,-0.13904,-0.045587,0.001872,0.054925
1739917868.5119,2025-02-18 14:31:08.511,20,false,0.447922,-0.30603,0.578186,0.609436,0.878431,-0.437263,-0.137087,-0.045569,0.001819,0.054914
1739917868.5431,2025-02-18 14:31:08.543,21,false,0.447881,-0.305969,0.578186,0.609497,0.881361,-0.428473,-0.14197,-0.045541,0.001808,0.05483
1739917868.5744,2025-02-18 14:31:08.574,22,false,0.447765,-0.305908,0.578308,0.609497,0.881361,-0.428473,-0.14197,-0.045516,0.001798,0.054755
1739917868.6056,2025-02-18 14:31:08.605,23,false,0.447682,-0.305786,0.578308,0.609619,0.889174,-0.435798,-0.13904,-0.045457,0.00179,0.054809
1739917868.6369,2025-02-18 14:31:08.636,24,false,0.44752,-0.305786,0.578369,0.60968,0.881849,-0.438239,-0.143923,-0.045403,0.001843,0.054736
1739917868.6681,2025-02-18 14:31:08.668,25,false,0.44752,-0.305664,0.578369,0.609741,0.881849,-0.438239,-0.143923,-0.045355,0.00189,0.05467
1739917868.6994,2025-02-18 14:31:08.699,26,false,0.447441,-0.305664,0.57843,0.609741,0.885756,-0.430915,-0.142458,-0.045507,0.001909,0.054733
1739917868.7306,2025-02-18 14:31:08.730,27,false,0.447566,-0.305481,0.57843,0.609741,0.883803,-0.435798,-0.132204,-0.045571,0.001925,0.054704
1739917868.7619,2025-02-18 14:31:08.761,28,false,0.447849,-0.30542,0.578308,0.60968,0.883803,-0.435798,-0.132204,-0.045518,0.001989,0.054752
1739917868.7931,2025-02-18 14:31:08.793,29,false,0.447973,-0.305481,0.578308,0.609558,0.883803,-0.435798,-0.132204,-0.045471,0.002047,0.054794
1739917868.8244,2025-02-18 14:31:08.824,30,false,0.448056,-0.305481,0.578308,0.609497,0.894057,-0.441169,-0.14197,-0.045465,0.001976,0.054771
1739917868.8556,2025-02-18 14:31:08.855,31,false,0.448177,-0.30542,0.578247,0.609497,0.884779,-0.442634,-0.132692,-0.045508,0.001986,0.054763
1739917868.8869,2025-02-18 14:31:08.886,0,false,0.448131,-0.305359,0.578186,0.609619,0.884779,-0.442634,-0.132692,-0.045547,0.001995,0.054756
1739917868.9181,2025-02-18 14:31:08.918,1,false,0.448127,-0.305359,0.578125,0.60968,0.892103,-0.436774,-0.150759,-0.045497,0.001954,0.054737
1739917868.9494,2025-02-18 14:31:08.949,2,false,0.448127,-0.305359,0.578125,0.60968,0.882338,-0.42945,-0.138552,-0.045501,0.001991,0.054732
1739917868.9806,2025-02-18 14:31:08.980,3,false,0.448168,-0.305298,0.578125,0.60968,0.882338,-0.42945,-0.138552,-0.045504,0.002024,0.054727
1739917869.0119,2025-02-18 14:31:09.011,4,false,0.448011,-0.305298,0.578247,0.60968,0.877455,-0.441169,-0.140993,-0.045434,0.001858,0.054772
1739917869.0431,2025-02-18 14:31:09.043,5,false,0.447891,-0.305115,0.578308,0.609802,0.884291,-0.443122,-0.142458,-0.045334,0.001928,0.054752
1739917869.0744,2025-02-18 14:31:09.074,6,false,0.447849,-0.305054,0.578308,0.609863,0.884291,-0.443122,-0.142458,-0.045244,0.001992,0.054733
1739917869.1056,2025-02-18 14:31:09.105,7,false,0.447766,-0.305054,0.578308,0.609924,0.879408,-0.446052,-0.137575,-0.045273,0.002,0.054704
1739917869.1369,2025-02-18 14:31:09.136,8,false,0.447729,-0.305115,0.578369,0.609863,0.887221,-0.442634,-0.13904,-0.045323,0.001996,0.054654
1739917869.1681,2025-02-18 14:31:09.168,9,false,0.447849,-0.305054,0.578308,0.609863,0.877455,-0.441169,-0.140993,-0.045368,0.00193,0.054706
1739917869.1994,2025-02-18 14:31:09.199,10,false,0.447762,-0.305176,0.578247,0.609924,0.859876,-0.435798,-0.140017,-0.045409,0.001872,0.054753
1739917869.2306,2025-02-18 14:31:09.230,11,false,0.447832,-0.305298,0.578064,0.609985,0.863294,-0.452399,-0.141482,-0.045348,0.001965,0.054735
1739917869.2619,2025-02-18 14:31:09.261,12,false,0.447998,-0.305298,0.578064,0.609863,0.879896,-0.438727,-0.137575,-0.045306,0.00194,0.054669
1739917869.2931,2025-02-18 14:31:09.293,13,false,0.448118,-0.305481,0.578003,0.609741,0.879896,-0.438727,-0.137575,-0.045194,0.001941,0.054659
1739917869.3244,2025-02-18 14:31:09.324,14,false,0.448122,-0.305603,0.578064,0.609619,0.879896,-0.435798,-0.13904,-0.045118,0.00182,0.054613
1739917869.3556,2025-02-18 14:31:09.355,15,false,0.448085,-0.305664,0.578125,0.609558,0.869154,-0.428962,-0.138064,-0.045148,0.001736,0.054669
1739917869.3869,2025-02-18 14:31:09.386,16,false,0.448002,-0.305664,0.578125,0.609619,0.869154,-0.428962,-0.138064,-0.045174,0.00166,0.05472
1739917869.4181,2025-02-18 14:31:09.418,17,false,0.447881,-0.305725,0.578186,0.609619,0.87306,-0.436774,-0.135622,-0.045259,0.001567,0.054729
1739917869.4494,2025-02-18 14:31:09.449,18,false,0.44764,-0.305725,0.578308,0.60968,0.890639,-0.432868,-0.137087,-0.045347,0.001557,0.054725
1739917869.4806,2025-02-18 14:31:09.480,19,false,0.447673,-0.305786,0.578186,0.609741,0.890639,-0.432868,-0.137087,-0.045427,0.001548,0.054721
1739917869.5119,2025-02-18 14:31:09.511,20,false,0.447516,-0.305786,0.578308,0.609741,0.892103,-0.428962,-0.142947,-0.045547,0.001552,0.054791
1739917869.5431,2025-02-18 14:31:09.543,21,false,0.447528,-0.305786,0.578491,0.609558,0.882338,-0.435798,-0.142947,-0.045595,0.001616,0.054915
1739917869.5744,2025-02-18 14:31:09.574,22,false,0.447404,-0.305847,0.578491,0.609619,0.887709,-0.436774,-0.142947,-0.045637,0.00165,0.05488
1739917869.6056,2025-02-18 14:31:09.605,23,false,0.447404,-0.305847,0.578491,0.609619,0.876967,-0.44361,-0.142458,-0.045602,0.001656,0.054837
1739917869.6369,2025-02-18 14:31:09.636,24,false,0.447441,-0.305908,0.57843,0.609619,0.877455,-0.436774,-0.136599,-0.045742,0.001649,0.054834
1739917869.6681,2025-02-18 14:31:09.668,25,false,0.447399,-0.306091,0.57843,0.609558,0.877455,-0.436774,-0.136599,-0.045868,0.001643,0.054832
1739917869.6994,2025-02-18 14:31:09.699,26,false,0.447486,-0.306091,0.578491,0.609436,0.880873,-0.43238,-0.14197,-0.045834,0.001625,0.054817
1739917869.7306,2025-02-18 14:31:09.730,27,false,0.447407,-0.306091,0.578552,0.609436,0.888197,-0.442145,-0.140505,-0.045792,0.001658,0.054731
1739917869.7619,2025-02-18 14:31:09.761,28,false,0.447324,-0.306091,0.578552,0.609497,0.888197,-0.442145,-0.140505,-0.045766,0.001663,0.054751
1739917869.7931,2025-02-18 14:31:09.793,29,false,0.447286,-0.306274,0.578613,0.609375,0.887709,-0.42945,-0.14197,-0.04573,0.00157,0.054635
1739917869.8244,2025-02-18 14:31:09.824,30,false,0.447327,-0.306458,0.578613,0.609253,0.885756,-0.444587,-0.133669,-0.045698,0.001694,0.054689
1739917869.8556,2025-02-18 14:31:09.855,31,false,0.447289,-0.306519,0.578674,0.609192,0.885756,-0.444587,-0.133669,-0.04567,0.001805,0.054738
1739917869.8869,2025-02-18 14:31:09.886,0,false,0.447293,-0.306519,0.578735,0.609131,0.891615,-0.438727,-0.134157,-0.04568,0.00182,0.054806
1739917869.9181,2025-02-18 14:31:09.918,1,false,0.447211,-0.306396,0.578735,0.609253,0.886244,-0.430915,-0.133181,-0.045507,0.001748,0.054795
1739917869.9494,2025-02-18 14:31:09.949,2,false,0.447289,-0.306519,0.578674,0.609192,0.887709,-0.42945,-0.14197,-0.045558,0.001671,0.054796
1739917869.9806,2025-02-18 14:31:09.980,3,false,0.447289,-0.306519,0.578674,0.609192,0.881361,-0.444099,-0.129763,-0.045605,0.001601,0.054798
1739917870.0119,2025-02-18 14:31:10.011,4,false,0.447409,-0.30658,0.578613,0.609131,0.87599,-0.441657,-0.140505,-0.045622,0.0016,0.054774
1739917870.0431,2025-02-18 14:31:10.043,5,false,0.447409,-0.30658,0.578613,0.609131,0.888197,-0.428962,-0.136599,-0.045613,0.001672,0.05479
1739917870.0744,2025-02-18 14:31:10.074,6,false,0.44753,-0.306519,0.578552,0.609131,0.888197,-0.428962,-0.136599,-0.045605,0.001736,0.054804
1739917870.1056,2025-02-18 14:31:10.105,7,false,0.447614,-0.306396,0.578552,0.609131,0.880385,-0.435798,-0.137087,-0.045549,0.001636,0.054842
1739917870.1369,2025-02-18 14:31:10.136,8,false,0.447697,-0.306396,0.578552,0.60907,0.877455,-0.435798,-0.137087,-0.045596,0.001668,0.054777
1739917870.1681,2025-02-18 14:31:10.168,9,false,0.447617,-0.306519,0.578613,0.609009,0.877455,-0.435798,-0.137087,-0.045639,0.001696,0.05472
1739917870.1994,2025-02-18 14:31:10.199,10,false,0.447617,-0.306519,0.578613,0.609009,0.886732,-0.433356,-0.133669,-0.045579,0.001807,0.054765
1739917870.2306,2025-02-18 14:31:10.230,11,false,0.447651,-0.306458,0.578491,0.609131,0.886244,-0.444587,-0.137087,-0.045514,0.001773,0.05488
1739917870.2619,2025-02-18 14:31:10.261,12,false,0.447601,-0.306519,0.578369,0.609253,0.886244,-0.444587,-0.137087,-0.045503,0.001755,0.054812
1739917870.2931,2025-02-18 14:31:10.293,13,false,0.44789,-0.306824,0.578369,0.608887,0.886244,-0.444587,-0.137087,-0.045494,0.001738,0.054751
1739917870.3244,2025-02-18 14:31:10.324,14,false,0.447899,-0.306702,0.578491,0.608826,0.882826,-0.434333,-0.138064,-0.045596,0.001674,0.054769
1739917870.3556,2025-02-18 14:31:10.355,15,false,0.447816,-0.30658,0.578491,0.608948,0.891127,-0.43238,-0.140017,-0.045577,0.001641,0.054749
1739917870.3869,2025-02-18 14:31:10.386,16,false,0.447808,-0.30658,0.578369,0.60907,0.891127,-0.43238,-0.140017,-0.045597,0.001757,0.054816
1739917870.4181,2025-02-18 14:31:10.418,17,false,0.44797,-0.30658,0.578308,0.609009,0.886732,-0.441169,-0.135134,-0.045566,0.001692,0.054718
1739917870.4494,2025-02-18 14:31:10.449,18,false,0.448081,-0.306641,0.578125,0.60907,0.882338,-0.442634,-0.131716,-0.045587,0.001742,0.054702
1739917870.4806,2025-02-18 14:31:10.480,19,false,0.448127,-0.30658,0.578186,0.609009,0.882338,-0.442634,-0.131716,-0.045606,0.001763,0.054713
1739917870.5119,2025-02-18 14:31:10.511,20,false,0.448077,-0.306763,0.578064,0.60907,0.892103,-0.428962,-0.126833,-0.045697,0.001733,0.054735
1739917870.5431,2025-02-18 14:31:10.543,21,false,0.448077,-0.306763,0.578064,0.60907,0.883803,-0.42652,-0.143923,-0.045766,0.001877,0.054682
1739917870.5744,2025-02-18 14:31:10.574,22,false,0.448243,-0.306641,0.578064,0.609009,0.883803,-0.42652,-0.143923,-0.045901,0.001958,0.054682
1739917870.6056,2025-02-18 14:31:10.605,23,false,0.448239,-0.306641,0.578003,0.60907,0.880385,-0.440192,-0.144411,-0.045779,0.001872,0.054744
1739917870.6369,2025-02-18 14:31:10.636,24,false,0.448267,-0.306702,0.57782,0.609192,0.877943,-0.438239,-0.131716,-0.045803,0.001819,0.054848
1739917870.6681,2025-02-18 14:31:10.668,25,false,0.448351,-0.30658,0.57782,0.609192,0.877943,-0.438239,-0.131716,-0.045825,0.001772,0.054942
1739917870.6994,2025-02-18 14:31:10.699,26,false,0.448239,-0.306641,0.578003,0.60907,0.872572,-0.444099,-0.143923,-0.045796,0.001765,0.054856
1739917870.7306,2025-02-18 14:31:10.730,27,false,0.448471,-0.306641,0.577759,0.609131,0.872572,-0.444099,-0.143923,-0.045769,0.00176,0.054778
1739917870.7619,2025-02-18 14:31:10.761,28,false,0.44872,-0.306519,0.577759,0.609009,0.874037,-0.448493,-0.140993,-0.045721,0.001791,0.054745
1739917870.7931,2025-02-18 14:31:10.793,29,false,0.44872,-0.306519,0.577759,0.609009,0.881849,-0.43238,-0.141482,-0.04569,0.001746,0.054666
1739917870.8244,2025-02-18 14:31:10.824,30,false,0.448881,-0.306519,0.577698,0.608948,0.881849,-0.43238,-0.141482,-0.045662,0.001706,0.054595
1739917870.8556,2025-02-18 14:31:10.855,31,false,0.448923,-0.306458,0.577698,0.608948,0.882338,-0.437263,-0.128786,-0.045698,0.001633,0.054555
1739917870.8869,2025-02-18 14:31:10.886,0,false,0.449015,-0.306213,0.57782,0.608887,0.891615,-0.428962,-0.140505,-0.045731,0.001604,0.054617
1739917870.9181,2025-02-18 14:31:10.918,1,false,0.448978,-0.306152,0.577881,0.608887,0.891615,-0.428962,-0.140505,-0.045699,0.0017,0.054612
1739917870.9494,2025-02-18 14:31:10.949,2,false,0.448738,-0.306274,0.578003,0.608887,0.883314,-0.439216,-0.143435,-0.045767,0.00175,0.054632
1739917870.9806,2025-02-18 14:31:10.980,3,false,0.448697,-0.306213,0.578003,0.608948,0.881849,-0.433845,-0.135622,-0.045781,0.00166,0.054699
1739917871.0119,2025-02-18 14:31:11.011,4,false,0.448615,-0.305969,0.578003,0.609131,0.881849,-0.433845,-0.135622,-0.045792,0.00158,0.054759
1739917871.0431,2025-02-18 14:31:11.043,5,false,0.448541,-0.305847,0.578125,0.609131,0.872572,-0.431891,-0.136599,-0.045925,0.001629,0.05463
1739917871.0744,2025-02-18 14:31:11.074,6,false,0.448748,-0.305542,0.578125,0.609131,0.877455,-0.451911,-0.146365,-0.045935,0.001601,0.054745
1739917871.1056,2025-02-18 14:31:11.105,7,false,0.448674,-0.30542,0.578247,0.609131,0.882826,-0.437751,-0.14197,-0.045931,0.00155,0.054825
1739917871.1369,2025-02-18 14:31:11.136,8,false,0.448716,-0.305359,0.578247,0.609131,0.87599,-0.443122,-0.131228,-0.045891,0.001688,0.054836
1739917871.1681,2025-02-18 14:31:11.168,9,false,0.448877,-0.305359,0.578186,0.60907,0.876478,-0.437751,-0.134157,-0.04577,0.001629,0.054846
1739917871.1994,2025-02-18 14:31:11.199,10,false,0.448753,-0.305298,0.578186,0.609192,0.876478,-0.437751,-0.134157,-0.045661,0.001576,0.054854
1739917871.2306,2025-02-18 14:31:11.230,11,false,0.448832,-0.305298,0.578125,0.609192,0.882826,-0.427497,-0.138064,-0.045624,0.001504,0.054838
1739917871.2619,2025-02-18 14:31:11.261,12,false,0.448795,-0.305115,0.578186,0.609253,0.881849,-0.441657,-0.137575,-0.04559,0.001464,0.054798
1739917871.2931,2025-02-18 14:31:11.293,13,false,0.448878,-0.304993,0.578186,0.609253,0.881849,-0.441657,-0.137575,-0.04556,0.001427,0.054763
1739917871.3244,2025-02-18 14:31:11.324,14,false,0.448878,-0.304993,0.578186,0.609253,0.881849,-0.436286,-0.140017,-0.045582,0.001419,0.054768
1739917871.3556,2025-02-18 14:31:11.355,15,false,0.448919,-0.304932,0.578186,0.609253,0.892592,-0.435309,-0.133669,-0.045601,0.001533,0.054711
1739917871.3869,2025-02-18 14:31:11.386,16,false,0.448836,-0.30481,0.578186,0.609375,0.892592,-0.435309,-0.133669,-0.045521,0.0016,0.054635
1739917871.4181,2025-02-18 14:31:11.418,17,false,0.448882,-0.304626,0.578247,0.609375,0.891127,-0.442634,-0.142458,-0.045571,0.001537,0.054628
1739917871.4494,2025-02-18 14:31:11.449,18,false,0.448725,-0.304504,0.578369,0.609436,0.880873,-0.421637,-0.132204,-0.045555,0.001457,0.054793
1739917871.4806,2025-02-18 14:31:11.480,19,false,0.448836,-0.30481,0.578186,0.609375,0.881849,-0.436286,-0.140017,-0.045614,0.001421,0.054697
1739917871.5119,2025-02-18 14:31:11.511,20,false,0.448762,-0.304565,0.578308,0.609436,0.882338,-0.448493,-0.143923,-0.045435,0.001413,0.054647
1739917871.5431,2025-02-18 14:31:11.543,21,false,0.448882,-0.304626,0.578247,0.609375,0.884779,-0.44947,-0.134646,-0.045469,0.001553,0.054603
1739917871.5744,2025-02-18 14:31:11.574,22,false,0.449131,-0.304382,0.578247,0.609314,0.874037,-0.441169,-0.138064,-0.045305,0.001556,0.05466
1739917871.6056,2025-02-18 14:31:11.605,23,false,0.449126,-0.304382,0.578186,0.609375,0.874037,-0.441169,-0.138064,-0.045157,0.001559,0.054712
1739917871.6369,2025-02-18 14:31:11.636,24,false,0.449366,-0.304382,0.578064,0.609314,0.87599,-0.437263,-0.145388,-0.045255,0.001672,0.054685
1739917871.6681,2025-02-18 14:31:11.668,25,false,0.449412,-0.304565,0.578125,0.609131,0.874037,-0.440681,-0.138552,-0.04532,0.001675,0.054661
1739917871.6994,2025-02-18 14:31:11.699,26,false,0.449333,-0.304565,0.578186,0.609131,0.874037,-0.440681,-0.138552,-0.045378,0.001679,0.054639
1739917871.7306,2025-02-18 14:31:11.730,27,false,0.449325,-0.304443,0.578064,0.609314,0.890639,-0.437751,-0.149294,-0.045332,0.001743,0.05462
1739917871.7619,2025-02-18 14:31:11.761,28,false,0.449246,-0.304443,0.578125,0.609314,0.887221,-0.450935,-0.134157,-0.045291,0.00174,0.054651
1739917871.7931,2025-02-18 14:31:11.793,29,false,0.44925,-0.304321,0.578186,0.609314,0.887221,-0.450935,-0.134157,-0.045254,0.001736,0.054679
1739917871.8244,2025-02-18 14:31:11.824,30,false,0.449375,-0.30426,0.578186,0.609253,0.882338,-0.434333,-0.13904,-0.04527,0.001783,0.054692
1739917871.8556,2025-02-18 14:31:11.855,31,false,0.449172,-0.304077,0.578247,0.609436,0.874525,-0.436774,-0.145876,-0.045247,0.001861,0.05468
1739917871.8869,2025-02-18 14:31:11.886,0,false,0.449246,-0.304199,0.578125,0.609436,0.871107,-0.434821,-0.133181,-0.0453,0.001748,0.054729
1739917871.9181,2025-02-18 14:31:11.918,1,false,0.449246,-0.304199,0.578125,0.609436,0.889174,-0.435309,-0.132692,-0.045324,0.001683,0.05475
1739917871.9494,2025-02-18 14:31:11.949,2,false,0.449246,-0.304199,0.578125,0.609436,0.890639,-0.446052,-0.13904,-0.045381,0.001722,0.054719
1739917871.9806,2025-02-18 14:31:11.980,3,false,0.4492,-0.304138,0.578064,0.609558,0.890639,-0.446052,-0.13904,-0.045433,0.001757,0.054692
1739917872.0119,2025-02-18 14:31:12.011,4,false,0.449242,-0.304199,0.578064,0.609497,0.882338,-0.438727,-0.13904,-0.045419,0.001753,0.054667
1739917872.0431,2025-02-18 14:31:12.043,5,false,0.449205,-0.304138,0.578125,0.609497,0.891127,-0.444099,-0.146365,-0.045515,0.001797,0.054742
1739917872.0744,2025-02-18 14:31:12.074,6,false,0.44925,-0.304077,0.578186,0.609436,0.891127,-0.444099,-0.146365,-0.045603,0.001837,0.05481
1739917872.1056,2025-02-18 14:31:12.105,7,false,0.449006,-0.304077,0.578247,0.609558,0.884291,-0.42945,-0.137087,-0.045547,0.001873,0.054847
1739917872.1369,2025-02-18 14:31:12.136,8,false,0.448923,-0.304077,0.578247,0.609619,0.875502,-0.440681,-0.144411,-0.045594,0.001844,0.054904
1739917872.1681,2025-02-18 14:31:12.168,9,false,0.448674,-0.304199,0.578247,0.609741,0.875502,-0.440681,-0.144411,-0.045503,0.00177,0.054907
1739917872.1994,2025-02-18 14:31:12.199,10,false,0.44855,-0.304138,0.578247,0.609863,0.875013,-0.444099,-0.131716,-0.04542,0.001739,0.054971
1739917872.2306,2025-02-18 14:31:12.230,11,false,0.448467,-0.304138,0.578247,0.609924,0.887709,-0.431403,-0.140017,-0.045383,0.001663,0.054991
1739917872.2619,2025-02-18 14:31:12.261,12,false,0.448674,-0.304199,0.578247,0.609741,0.884291,-0.42945,-0.137087,-0.045495,0.001643,0.055046
1739917872.2931,2025-02-18 14:31:12.293,13,false,0.448421,-0.304199,0.578186,0.609985,0.877943,-0.439216,-0.146853,-0.045597,0.001625,0.055096
1739917872.3244,2025-02-18 14:31:12.324,14,false,0.448625,-0.30426,0.578125,0.609863,0.875502,-0.439704,-0.142458,-0.045529,0.00167,0.055055
1739917872.3556,2025-02-18 14:31:12.355,15,false,0.448629,-0.30426,0.578186,0.609802,0.874037,-0.447028,-0.133181,-0.045566,0.00165,0.05508
1739917872.3869,2025-02-18 14:31:12.386,16,false,0.448799,-0.304138,0.578247,0.60968,0.874037,-0.447028,-0.133181,-0.0456,0.001631,0.055101
1739917872.4181,2025-02-18 14:31:12.418,17,false,0.448965,-0.304138,0.578247,0.609558,0.880385,-0.448493,-0.138064,-0.04563,0.0017,0.054938
1739917872.4494,2025-02-18 14:31:12.449,18,false,0.44884,-0.304321,0.578247,0.609558,0.883314,-0.438727,-0.133669,-0.045705,0.00175,0.054925
1739917872.4806,2025-02-18 14:31:12.480,19,false,0.448758,-0.304321,0.578247,0.609619,0.883314,-0.438727,-0.133669,-0.045774,0.001795,0.054914
1739917872.5119,2025-02-18 14:31:12.511,20,false,0.448629,-0.304382,0.578186,0.609741,0.882826,-0.44654,-0.136599,-0.045811,0.001725,0.054891
1739917872.5431,2025-02-18 14:31:12.543,21,false,0.448637,-0.30426,0.578308,0.60968,0.875013,-0.439704,-0.141482,-0.045832,0.001748,0.054798
1739917872.5744,2025-02-18 14:31:12.574,22,false,0.448475,-0.304016,0.578369,0.609863,0.875013,-0.439704,-0.141482,-0.045741,0.001781,0.054787
1739917872.6056,2025-02-18 14:31:12.605,23,false,0.44876,-0.303589,0.578308,0.609924,0.875013,-0.439704,-0.141482,-0.045659,0.00181,0.054777
1739917872.6369,2025-02-18 14:31:12.636,24,false,0.448802,-0.30365,0.578308,0.609863,0.877943,-0.430426,-0.150271,-0.045585,0.001714,0.054854
1739917872.6681,2025-02-18 14:31:12.668,25,false,0.448806,-0.30365,0.578369,0.609802,0.887221,-0.442634,-0.137087,-0.045556,0.001714,0.054861
1739917872.6994,2025-02-18 14:31:12.699,26,false,0.448723,-0.30365,0.578369,0.609863,0.887221,-0.442634,-0.137087,-0.045492,0.001713,0.054844
1739917872.7306,2025-02-18 14:31:12.730,27,false,0.448885,-0.303528,0.578308,0.609863,0.880873,-0.431403,-0.143923,-0.045533,0.001713,0.05489
1739917872.7619,2025-02-18 14:31:12.761,28,false,0.448839,-0.303467,0.578247,0.609985,0.881849,-0.432868,-0.135134,-0.045582,0.001798,0.054918
1739917872.7931,2025-02-18 14:31:12.793,29,false,0.448677,-0.303589,0.578308,0.609985,0.881849,-0.432868,-0.135134,-0.045626,0.001875,0.054944
1739917872.8244,2025-02-18 14:31:12.824,30,false,0.44864,-0.30365,0.578369,0.609924,0.865736,-0.450446,-0.133669,-0.045592,0.001895,0.054943
1739917872.8556,2025-02-18 14:31:12.855,31,false,0.448645,-0.303772,0.57843,0.609802,0.877455,-0.445075,-0.149294,-0.045672,0.001839,0.05493
1739917872.8869,2025-02-18 14:31:12.886,0,false,0.448682,-0.303833,0.578369,0.609802,0.877455,-0.445075,-0.149294,-0.045743,0.00179,0.054918
1739917872.9181,2025-02-18 14:31:12.918,1,false,0.448604,-0.303833,0.57843,0.609802,0.882338,-0.435309,-0.137575,-0.045673,0.00177,0.055029
1739917872.9494,2025-02-18 14:31:12.949,2,false,0.448571,-0.303772,0.578552,0.609741,0.876478,-0.430426,-0.136599,-0.045696,0.001739,0.055056
1739917872.9806,2025-02-18 14:31:12.980,3,false,0.448413,-0.303772,0.578674,0.609741,0.876478,-0.430426,-0.136599,-0.045716,0.001712,0.05508
1739917873.0119,2025-02-18 14:31:13.011,4,false,0.448604,-0.303833,0.57843,0.609802,0.874037,-0.448981,-0.139528,-0.045698,0.001748,0.055102
1739917873.0431,2025-02-18 14:31:13.043,5,false,0.448459,-0.303833,0.578735,0.609619,0.874037,-0.448981,-0.139528,-0.045681,0.001781,0.055122
1739917873.0744,2025-02-18 14:31:13.074,6,false,0.448621,-0.303833,0.578674,0.609558,0.888197,-0.441657,-0.141482,-0.045618,0.001822,0.055066
1739917873.1056,2025-02-18 14:31:13.105,7,false,0.448625,-0.303955,0.578735,0.609436,0.883803,-0.440681,-0.138064,-0.045707,0.001811,0.055053
1739917873.1369,2025-02-18 14:31:13.136,8,false,0.448662,-0.303894,0.578674,0.609497,0.883803,-0.440681,-0.138064,-0.045641,0.001911,0.055029
1739917873.1681,2025-02-18 14:31:13.168,9,false,0.448915,-0.303894,0.578735,0.609253,0.885756,-0.438727,-0.134157,-0.045605,0.001891,0.054995
1739917873.1994,2025-02-18 14:31:13.199,10,false,0.448882,-0.304077,0.578857,0.60907,0.879896,-0.431891,-0.147829,-0.045623,0.001836,0.055123
1739917873.2306,2025-02-18 14:31:13.230,11,false,0.448969,-0.304199,0.578918,0.608887,0.879896,-0.431891,-0.147829,-0.045638,0.001786,0.055238
1739917873.2619,2025-02-18 14:31:13.261,12,false,0.448799,-0.304199,0.578857,0.60907,0.876967,-0.42359,-0.13611,-0.045579,0.001742,0.055195
1739917873.2931,2025-02-18 14:31:13.293,13,false,0.448514,-0.30426,0.578918,0.609192,0.883314,-0.444099,-0.138064,-0.045574,0.001739,0.055169
1739917873.3244,2025-02-18 14:31:13.324,14,false,0.448476,-0.304199,0.578979,0.609192,0.883314,-0.444099,-0.138064,-0.04557,0.001736,0.055145
1739917873.3556,2025-02-18 14:31:13.355,15,false,0.448443,-0.304138,0.579102,0.609131,0.888685,-0.429938,-0.136599,-0.045517,0.001843,0.055112
1739917873.3869,2025-02-18 14:31:13.386,16,false,0.448439,-0.304138,0.579041,0.609192,0.882826,-0.439216,-0.148806,-0.045495,0.001866,0.055192
1739917873.4181,2025-02-18 14:31:13.418,17,false,0.448352,-0.30426,0.578979,0.609253,0.889662,-0.431403,-0.128786,-0.045498,0.001765,0.055166
1739917873.4494,2025-02-18 14:31:13.449,18,false,0.448393,-0.304321,0.578979,0.609192,0.876478,-0.445075,-0.136599,-0.045429,0.001723,0.055106
1739917873.4806,2025-02-18 14:31:13.480,19,false,0.448551,-0.304443,0.578857,0.609131,0.880385,-0.432868,-0.143435,-0.045549,0.001746,0.055113
1739917873.5119,2025-02-18 14:31:13.511,20,false,0.448795,-0.304565,0.578796,0.608948,0.880385,-0.432868,-0.143435,-0.045572,0.001828,0.055119
1739917873.5431,2025-02-18 14:31:13.543,21,false,0.448886,-0.304688,0.578918,0.608704,0.885756,-0.439704,-0.130251,-0.045617,0.001926,0.055149
1739917873.5744,2025-02-18 14:31:13.574,22,false,0.448932,-0.304749,0.578979,0.608582,0.877455,-0.435309,-0.146853,-0.045584,0.002026,0.055103
1739917873.6056,2025-02-18 14:31:13.605,23,false,0.44889,-0.304932,0.578979,0.608521,0.877455,-0.435309,-0.146853,-0.045628,0.002043,0.05522
1739917873.6369,2025-02-18 14:31:13.636,24,false,0.448803,-0.305176,0.578918,0.608521,0.879896,-0.42359,-0.138064,-0.045716,0.002107,0.055167
1739917873.6681,2025-02-18 14:31:13.668,25,false,0.448836,-0.305237,0.578796,0.608582,0.893568,-0.432868,-0.147829,-0.045624,0.002116,0.05507
1739917873.6994,2025-02-18 14:31:13.699,26,false,0.448716,-0.305176,0.578857,0.608643,0.893568,-0.432868,-0.147829,-0.045542,0.002124,0.054983
1739917873.7306,2025-02-18 14:31:13.730,27,false,0.448604,-0.305115,0.579041,0.608582,0.882338,-0.429938,-0.135134,-0.045565,0.002168,0.054881
1739917873.7619,2025-02-18 14:31:13.761,28,false,0.448604,-0.305237,0.579041,0.608521,0.880873,-0.438239,-0.138552,-0.045611,0.002232,0.054849
1739917873.7931,2025-02-18 14:31:13.793,29,false,0.448716,-0.305176,0.578857,0.608643,0.879896,-0.42359,-0.138064,-0.045603,0.00218,0.054772
1739917873.8244,2025-02-18 14:31:13.824,30,false,0.448645,-0.305298,0.579041,0.608459,0.880385,-0.425055,-0.135622,-0.045462,0.002035,0.054752
1739917873.8556,2025-02-18 14:31:13.855,31,false,0.448844,-0.305359,0.578918,0.608398,0.881849,-0.451423,-0.14197,-0.045554,0.001966,0.054733
1739917873.8869,2025-02-18 14:31:13.886,0,false,0.448922,-0.305359,0.578857,0.608398,0.866712,-0.439704,-0.136599,-0.045503,0.001965,0.054887
1739917873.9181,2025-02-18 14:31:13.918,1,false,0.448885,-0.30542,0.578918,0.608337,0.866712,-0.439704,-0.136599,-0.045555,0.001903,0.054941
1739917873.9494,2025-02-18 14:31:13.949,2,false,0.449092,-0.305359,0.578918,0.608215,0.882338,-0.432868,-0.138552,-0.045577,0.001871,0.055074
1739917873.9806,2025-02-18 14:31:13.980,3,false,0.449133,-0.30542,0.578918,0.608154,0.891127,-0.434333,-0.136599,-0.045597,0.001818,0.055109
1739917874.0119,2025-02-18 14:31:14.011,4,false,0.449012,-0.305603,0.578979,0.608093,0.891127,-0.434333,-0.136599,-0.045689,0.001746,0.055091
1739917874.0431,2025-02-18 14:31:14.043,5,false,0.448843,-0.305481,0.578918,0.608337,0.876478,-0.438727,-0.135134,-0.045649,0.001742,0.055234
1739917874.0744,2025-02-18 14:31:14.074,6,false,0.448765,-0.305481,0.578979,0.608337,0.887221,-0.437263,-0.143435,-0.045698,0.001776,0.055204
1739917874.1056,2025-02-18 14:31:14.105,7,false,0.448723,-0.30542,0.578979,0.608398,0.887221,-0.437263,-0.143435,-0.045743,0.001806,0.055177
1739917874.1369,2025-02-18 14:31:14.136,8,false,0.448727,-0.30542,0.579041,0.608337,0.884779,-0.439216,-0.133669,-0.045636,0.001796,0.055103
1739917874.1681,2025-02-18 14:31:14.168,9,false,0.449013,-0.305359,0.578979,0.608215,0.881361,-0.442145,-0.140505,-0.045565,0.001702,0.055086
1739917874.1994,2025-02-18 14:31:14.199,10,false,0.449133,-0.30542,0.578918,0.608154,0.875502,-0.433356,-0.140017,-0.045659,0.001703,0.054985
1739917874.2306,2025-02-18 14:31:14.230,11,false,0.44917,-0.305603,0.578857,0.608093,0.890639,-0.437751,-0.140017,-0.045573,0.001667,0.055029
1739917874.2619,2025-02-18 14:31:14.261,12,false,0.449409,-0.305847,0.578735,0.60791,0.879408,-0.437751,-0.137575,-0.045496,0.001659,0.055007
1739917874.2931,2025-02-18 14:31:14.293,13,false,0.449529,-0.305786,0.578674,0.60791,0.879408,-0.437751,-0.137575,-0.045549,0.001688,0.055049
1739917874.3244,2025-02-18 14:31:14.324,14,false,0.449735,-0.305725,0.578674,0.607788,0.882338,-0.442145,-0.132204,-0.045547,0.001788,0.055074
1739917874.3556,2025-02-18 14:31:14.355,15,false,0.449735,-0.305847,0.578674,0.607727,0.882826,-0.435309,-0.138064,-0.04546,0.001756,0.055059
1739917874.3869,2025-02-18 14:31:14.386,16,false,0.449689,-0.305908,0.578613,0.607788,0.882826,-0.435309,-0.138064,-0.045382,0.001726,0.055047
1739917874.4181,2025-02-18 14:31:14.418,17,false,0.449611,-0.305908,0.578674,0.607788,0.886732,-0.424567,-0.135134,-0.045458,0.001725,0.055096
1739917874.4494,2025-02-18 14:31:14.449,18,false,0.449607,-0.305786,0.578613,0.60791,0.884291,-0.432868,-0.138064,-0.045331,0.001772,0.055043
1739917874.4806,2025-02-18 14:31:14.480,19,false,0.449575,-0.305603,0.578735,0.60791,0.884291,-0.432868,-0.138064,-0.045217,0.001815,0.054996
1739917874.5119,2025-02-18 14:31:14.511,20,false,0.449579,-0.305603,0.578796,0.607849,0.876478,-0.435798,-0.141482,-0.045346,0.00178,0.054965
1739917874.5431,2025-02-18 14:31:14.543,21,false,0.449607,-0.305786,0.578613,0.60791,0.876478,-0.435798,-0.141482,-0.045463,0.001748,0.054937
1739917874.5744,2025-02-18 14:31:14.574,22,false,0.449542,-0.30542,0.578857,0.60791,0.878431,-0.44361,-0.14197,-0.045445,0.00172,0.055034
1739917874.6056,2025-02-18 14:31:14.605,23,false,0.449707,-0.305542,0.578857,0.607727,0.888685,-0.441657,-0.15613,-0.045369,0.001841,0.055024
1739917874.6369,2025-02-18 14:31:14.636,24,false,0.449707,-0.305542,0.578857,0.607727,0.888685,-0.441657,-0.15613,-0.0453,0.00195,0.055015
1739917874.6681,2025-02-18 14:31:14.668,25,false,0.449707,-0.305542,0.578857,0.607727,0.881361,-0.430915,-0.137087,-0.04525,0.002035,0.05497
1739917874.6994,2025-02-18 14:31:14.699,26,false,0.449872,-0.305542,0.578857,0.607605,0.904311,-0.42945,-0.137087,-0.045205,0.001905,0.054991
1739917874.7306,2025-02-18 14:31:14.730,27,false,0.449872,-0.305542,0.578857,0.607605,0.904311,-0.42945,-0.137087,-0.045213,0.0018,0.054875
1739917874.7619,2025-02-18 14:31:14.761,28,false,0.449748,-0.305603,0.578857,0.607666,0.883803,-0.439704,-0.146365,-0.045135,0.001754,0.054869
1739917874.7931,2025-02-18 14:31:14.793,29,false,0.449537,-0.305786,0.578796,0.607788,0.876478,-0.436774,-0.140993,-0.045114,0.00175,0.054973
1739917874.8244,2025-02-18 14:31:14.824,30,false,0.449243,-0.305847,0.578735,0.608032,0.876478,-0.436774,-0.140993,-0.045254,0.001807,0.05503
1739917874.8556,2025-02-18 14:31:14.855,31,false,0.449132,-0.305664,0.578918,0.608032,0.896498,-0.433356,-0.132204,-0.045172,0.001846,0.055044
1739917874.8869,2025-02-18 14:31:14.886,0,false,0.449174,-0.305603,0.578918,0.608032,0.889174,-0.436286,-0.1449,-0.045183,0.001771,0.055009
1739917874.9181,2025-02-18 14:31:14.918,1,false,0.448933,-0.305725,0.579041,0.608032,0.889174,-0.436286,-0.1449,-0.045194,0.001704,0.054977
1739917874.9494,2025-02-18 14:31:14.949,2,false,0.44897,-0.305786,0.578979,0.608032,0.889174,-0.436286,-0.1449,-0.045203,0.001643,0.054948
1739917874.9806,2025-02-18 14:31:14.980,3,false,0.44897,-0.305786,0.578979,0.608032,0.896986,-0.430426,-0.137087,-0.045322,0.001674,0.055032
1739917875.0119,2025-02-18 14:31:15.011,4,false,0.448962,-0.305786,0.578857,0.608154,0.872572,-0.433356,-0.131716,-0.045331,0.001702,0.054839
1739917875.0431,2025-02-18 14:31:15.043,5,false,0.449083,-0.305603,0.578796,0.608215,0.872572,-0.433356,-0.131716,-0.045339,0.001727,0.054665
1739917875.0744,2025-02-18 14:31:15.074,6,false,0.449088,-0.305481,0.578857,0.608215,0.883314,-0.431403,-0.133181,-0.045419,0.001664,0.054814
1739917875.1056,2025-02-18 14:31:15.105,7,false,0.449013,-0.305359,0.578979,0.608215,0.891615,-0.433356,-0.135622,-0.045357,0.001693,0.054789
1739917875.1369,2025-02-18 14:31:15.136,8,false,0.44881,-0.30542,0.579041,0.608276,0.891615,-0.433356,-0.135622,-0.045302,0.001719,0.054767
1739917875.1681,2025-02-18 14:31:15.168,9,false,0.448885,-0.30542,0.578918,0.608337,0.891127,-0.442634,-0.133181,-0.045422,0.001596,0.05482
1739917875.1994,2025-02-18 14:31:15.199,10,false,0.448889,-0.305298,0.578979,0.608337,0.883803,-0.431891,-0.125856,-0.045469,0.001583,0.054721
1739917875.2306,2025-02-18 14:31:15.230,11,false,0.448815,-0.305176,0.579102,0.608337,0.883803,-0.431891,-0.125856,-0.045537,0.001535,0.054742
1739917875.2619,2025-02-18 14:31:15.261,12,false,0.448649,-0.305176,0.579102,0.608459,0.886244,-0.439704,-0.13904,-0.045452,0.00165,0.054713
1739917875.2931,2025-02-18 14:31:15.293,13,false,0.448575,-0.305054,0.579224,0.608459,0.886732,-0.42945,-0.140993,-0.045374,0.001778,0.054686
1739917875.3244,2025-02-18 14:31:15.324,14,false,0.448815,-0.305176,0.579102,0.608337,0.891127,-0.442634,-0.133181,-0.045476,0.001734,0.054698
1739917875.3556,2025-02-18 14:31:15.355,15,false,0.448417,-0.305054,0.579346,0.608459,0.889174,-0.433356,-0.130739,-0.045432,0.001719,0.054648
1739917875.3869,2025-02-18 14:31:15.386,16,false,0.448455,-0.304993,0.579285,0.608521,0.875013,-0.443122,-0.143435,-0.04543,0.001804,0.05464
1739917875.4181,2025-02-18 14:31:15.418,17,false,0.448533,-0.304993,0.579224,0.608521,0.896986,-0.439216,-0.142947,-0.045526,0.001782,0.054694
1739917875.4494,2025-02-18 14:31:15.449,18,false,0.448741,-0.30481,0.579224,0.608459,0.896986,-0.439216,-0.142947,-0.045588,0.001836,0.054815
1739917875.4806,2025-02-18 14:31:15.480,19,false,0.448745,-0.304688,0.579285,0.608459,0.889662,-0.445075,-0.131228,-0.045619,0.001799,0.054778
1739917875.5119,2025-02-18 14:31:15.511,20,false,0.448836,-0.304443,0.579407,0.608398,0.887709,-0.425544,-0.140017,-0.045549,0.001826,0.054708
1739917875.5431,2025-02-18 14:31:15.543,21,false,0.448753,-0.304443,0.579407,0.608459,0.887709,-0.425544,-0.140017,-0.045487,0.001851,0.054645
1739917875.5744,2025-02-18 14:31:15.574,22,false,0.448505,-0.304321,0.579407,0.608704,0.880385,-0.436774,-0.144411,-0.045491,0.001776,0.054674
1739917875.6056,2025-02-18 14:31:15.605,23,false,0.448301,-0.30426,0.579468,0.608826,0.881849,-0.439216,-0.142947,-0.045422,0.001733,0.054688
1739917875.6369,2025-02-18 14:31:15.636,24,false,0.448214,-0.30426,0.579407,0.608948,0.881849,-0.439216,-0.142947,-0.04536,0.001694,0.0547
1739917875.6681,2025-02-18 14:31:15.668,25,false,0.448264,-0.303955,0.579529,0.608948,0.881849,-0.439216,-0.142947,-0.045353,0.001695,0.054821
1739917875.6994,2025-02-18 14:31:15.699,26,false,0.448147,-0.303894,0.579651,0.608948,0.883803,-0.446052,-0.130251,-0.045298,0.00166,0.054698
1739917875.7306,2025-02-18 14:31:15.730,27,false,0.448197,-0.303833,0.579773,0.608826,0.882338,-0.438727,-0.135134,-0.04526,0.001665,0.054782
1739917875.7619,2025-02-18 14:31:15.761,28,false,0.448155,-0.303894,0.579773,0.608826,0.882338,-0.438727,-0.135134,-0.045226,0.001828,0.054858
1739917875.7931,2025-02-18 14:31:15.793,29,false,0.44823,-0.304016,0.579651,0.608826,0.87892,-0.447517,-0.13904,-0.045306,0.001841,0.054792
1739917875.8244,2025-02-18 14:31:15.824,30,false,0.448222,-0.304138,0.579529,0.608887,0.884291,-0.436774,-0.140505,-0.045304,0.001803,0.054758
1739917875.8556,2025-02-18 14:31:15.855,31,false,0.448143,-0.304138,0.57959,0.608887,0.884291,-0.436774,-0.140505,-0.045376,0.001757,0.054861
1739917875.8869,2025-02-18 14:31:15.886,0,false,0.448226,-0.304138,0.57959,0.608826,0.883314,-0.450446,-0.150759,-0.045343,0.001679,0.054953
1739917875.9181,2025-02-18 14:31:15.918,1,false,0.44843,-0.304199,0.579529,0.608704,0.87599,-0.435309,-0.14197,-0.04535,0.001523,0.055
1739917875.9494,2025-02-18 14:31:15.949,2,false,0.448313,-0.304138,0.579651,0.608704,0.87599,-0.435309,-0.14197,-0.045356,0.001383,0.055042
1739917875.9806,2025-02-18 14:31:15.980,3,false,0.44814,-0.30426,0.579529,0.608887,0.877455,-0.436286,-0.142458,-0.0453,0.001342,0.054994
1739917876.0119,2025-02-18 14:31:16.011,4,false,0.448135,-0.30426,0.579468,0.608948,0.885267,-0.442634,-0.155154,-0.045409,0.001428,0.055037
1739917876.0431,2025-02-18 14:31:16.043,5,false,0.448019,-0.304077,0.57959,0.609009,0.885267,-0.442634,-0.155154,-0.045507,0.001505,0.055075
1739917876.0744,2025-02-18 14:31:16.074,6,false,0.44814,-0.30426,0.579529,0.608887,0.880385,-0.455329,-0.142458,-0.045436,0.001428,0.055025
1739917876.1056,2025-02-18 14:31:16.105,7,false,0.447936,-0.304077,0.57959,0.60907,0.880385,-0.455329,-0.142458,-0.045373,0.001358,0.054979
1739917876.1369,2025-02-18 14:31:16.136,8,false,0.44794,-0.303955,0.579651,0.60907,0.875502,-0.433356,-0.136599,-0.045364,0.001491,0.05495
1739917876.1681,2025-02-18 14:31:16.168,9,false,0.448023,-0.303833,0.579651,0.60907,0.889662,-0.433356,-0.143923,-0.045381,0.001549,0.054899
1739917876.1994,2025-02-18 14:31:16.199,10,false,0.447902,-0.303772,0.579712,0.609131,0.889662,-0.433356,-0.143923,-0.045396,0.001541,0.054817
1739917876.2306,2025-02-18 14:31:16.230,11,false,0.447902,-0.303772,0.579712,0.609131,0.876478,-0.436774,-0.135134,-0.04541,0.001655,0.054804
1739917876.2619,2025-02-18 14:31:16.261,12,false,0.447786,-0.303833,0.579834,0.60907,0.884291,-0.431891,-0.132204,-0.0453,0.001636,0.054793
1739917876.2931,2025-02-18 14:31:16.293,13,false,0.447707,-0.303955,0.579895,0.609009,0.884291,-0.431891,-0.132204,-0.045201,0.001619,0.054782
1739917876.3244,2025-02-18 14:31:16.324,14,false,0.447748,-0.303894,0.579895,0.609009,0.873549,-0.444587,-0.140993,-0.045259,0.001555,0.054883
1739917876.3556,2025-02-18 14:31:16.355,15,false,0.447578,-0.303894,0.579834,0.609192,0.878431,-0.440681,-0.140017,-0.045213,0.001534,0.054875
1739917876.3869,2025-02-18 14:31:16.386,16,false,0.447457,-0.303711,0.579895,0.609314,0.878431,-0.440681,-0.140017,-0.045172,0.001515,0.054869
1739917876.4181,2025-02-18 14:31:16.418,17,false,0.447212,-0.303833,0.579956,0.609375,0.889174,-0.441657,-0.140017,-0.045257,0.001558,0.054863
1739917876.4494,2025-02-18 14:31:16.449,18,false,0.44725,-0.304016,0.579895,0.609314,0.884291,-0.436774,-0.13904,-0.045382,0.001696,0.054907
1739917876.4806,2025-02-18 14:31:16.480,19,false,0.447329,-0.303894,0.579834,0.609375,0.897475,-0.455817,-0.143923,-0.045348,0.001721,0.054775
1739917876.5119,2025-02-18 14:31:16.511,20,false,0.447404,-0.303894,0.579712,0.609436,0.886244,-0.440192,-0.137575,-0.045355,0.001683,0.054778
1739917876.5431,2025-02-18 14:31:16.543,21,false,0.447612,-0.303833,0.579712,0.609314,0.881361,-0.431403,-0.145876,-0.045421,0.001674,0.054843
1739917876.5744,2025-02-18 14:31:16.574,22,false,0.447698,-0.303711,0.579773,0.609253,0.881361,-0.431403,-0.145876,-0.045481,0.001665,0.054901
1739917876.6056,2025-02-18 14:31:16.605,23,false,0.447615,-0.303589,0.579773,0.609375,0.888685,-0.43238,-0.140017,-0.045511,0.001633,0.054928
1739917876.6369,2025-02-18 14:31:16.636,24,false,0.447819,-0.30365,0.579712,0.609253,0.894545,-0.436286,-0.126833,-0.045623,0.001665,0.054892
1739917876.6681,2025-02-18 14:31:16.668,25,false,0.447815,-0.303772,0.579651,0.609253,0.894545,-0.436286,-0.126833,-0.045724,0.001694,0.054859
1739917876.6994,2025-02-18 14:31:16.699,26,false,0.447823,-0.30365,0.579773,0.609192,0.869642,-0.438727,-0.154177,-0.045766,0.001634,0.054867
1739917876.7306,2025-02-18 14:31:16.730,27,false,0.447699,-0.303833,0.579773,0.609192,0.879896,-0.431891,-0.132692,-0.04573,0.001691,0.054837
1739917876.7619,2025-02-18 14:31:16.761,28,false,0.447819,-0.303772,0.579712,0.609192,0.879896,-0.431891,-0.132692,-0.045527,0.001668,0.054944
1739917876.7931,2025-02-18 14:31:16.793,29,false,0.447698,-0.303711,0.579773,0.609253,0.869154,-0.436286,-0.142458,-0.045504,0.00155,0.054918
1739917876.8244,2025-02-18 14:31:16.824,30,false,0.447574,-0.303772,0.579773,0.609314,0.885756,-0.434333,-0.140017,-0.045506,0.001749,0.054895
1739917876.8556,2025-02-18 14:31:16.855,31,false,0.447819,-0.303772,0.579712,0.609192,0.869642,-0.438727,-0.154177,-0.045497,0.001769,0.054984
1739917876.8869,2025-02-18 14:31:16.886,0,false,0.447415,-0.30365,0.579895,0.609375,0.878431,-0.440681,-0.133669,-0.045488,0.001788,0.055065
1739917876.9181,2025-02-18 14:31:16.918,1,false,0.447253,-0.30365,0.579956,0.609436,0.87306,-0.439216,-0.145388,-0.045444,0.001865,0.055039
1739917876.9494,2025-02-18 14:31:16.949,2,false,0.44717,-0.30365,0.579956,0.609497,0.897963,-0.436774,-0.128786,-0.045441,0.001996,0.054931
1739917876.9806,2025-02-18 14:31:16.980,3,false,0.447329,-0.303772,0.579834,0.609436,0.897963,-0.436774,-0.128786,-0.045377,0.002114,0.054919
1739917877.0119,2025-02-18 14:31:17.011,4,false,0.447245,-0.303772,0.579834,0.609497,0.898451,-0.439216,-0.138552,-0.045343,0.002183,0.054823
1739917877.0431,2025-02-18 14:31:17.043,5,false,0.447249,-0.303772,0.579895,0.609436,0.880873,-0.442634,-0.134646,-0.045509,0.00216,0.054858
1739917877.0744,2025-02-18 14:31:17.074,6,false,0.44725,-0.303894,0.579895,0.609375,0.880873,-0.442634,-0.134646,-0.045572,0.002176,0.054902
1739917877.1056,2025-02-18 14:31:17.105,7,false,0.447054,-0.303833,0.580078,0.609375,0.877455,-0.437263,-0.140505,-0.045605,0.002105,0.054795
1739917877.1369,2025-02-18 14:31:17.136,8,false,0.446729,-0.303833,0.5802,0.609497,0.886732,-0.425055,-0.134646,-0.045598,0.001919,0.054699
1739917877.1681,2025-02-18 14:31:17.168,9,false,0.446608,-0.303894,0.580261,0.609497,0.886732,-0.425055,-0.134646,-0.045591,0.001752,0.054613
1739917877.1994,2025-02-18 14:31:17.199,10,false,0.446404,-0.303833,0.580322,0.609619,0.880385,-0.442634,-0.134157,-0.045561,0.001808,0.054645
1739917877.2306,2025-02-18 14:31:17.230,11,false,0.446377,-0.303528,0.580566,0.609558,0.877943,-0.447517,-0.137087,-0.045497,0.001798,0.05471
1739917877.2619,2025-02-18 14:31:17.261,12,false,0.44638,-0.303406,0.580627,0.609558,0.87892,-0.44361,-0.14197,-0.045562,0.001973,0.054769
1739917877.2931,2025-02-18 14:31:17.293,13,false,0.446493,-0.303345,0.580444,0.60968,0.874525,-0.442145,-0.158572,-0.04562,0.002007,0.054883
1739917877.3244,2025-02-18 14:31:17.324,14,false,0.446615,-0.303406,0.580383,0.609619,0.878431,-0.429938,-0.134646,-0.045636,0.001941,0.054851
1739917877.3556,2025-02-18 14:31:17.355,15,false,0.446619,-0.303528,0.580444,0.609497,0.878431,-0.429938,-0.134646,-0.04565,0.001881,0.054823
1739917877.3869,2025-02-18 14:31:17.386,16,false,0.446619,-0.303528,0.580444,0.609497,0.888197,-0.443122,-0.13611,-0.045504,0.001791,0.054699
1739917877.4181,2025-02-18 14:31:17.418,17,false,0.446748,-0.303467,0.580505,0.609375,0.880385,-0.437751,-0.136599,-0.045446,0.001819,0.054723
1739917877.4494,2025-02-18 14:31:17.449,18,false,0.44691,-0.303345,0.580444,0.609375,0.880385,-0.437751,-0.136599,-0.045393,0.001845,0.054744
1739917877.4806,2025-02-18 14:31:17.480,19,false,0.446868,-0.303406,0.580444,0.609375,0.889662,-0.423102,-0.151247,-0.045383,0.001807,0.054653
1739917877.5119,2025-02-18 14:31:17.511,20,false,0.446956,-0.303406,0.580505,0.609253,0.881361,-0.44654,-0.140993,-0.045422,0.00176,0.054815
1739917877.5431,2025-02-18 14:31:17.543,21,false,0.44728,-0.303406,0.580383,0.609131,0.881361,-0.44654,-0.140993,-0.045458,0.001719,0.054961
1739917877.5744,2025-02-18 14:31:17.574,22,false,0.44736,-0.303406,0.580322,0.609131,0.893568,-0.437263,-0.151247,-0.045404,0.001718,0.054909
1739917877.6056,2025-02-18 14:31:17.605,23,false,0.44736,-0.303406,0.580322,0.609131,0.885267,-0.427497,-0.146365,-0.045356,0.001717,0.05507
1739917877.6369,2025-02-18 14:31:17.636,24,false,0.44728,-0.303406,0.580383,0.609131,0.889662,-0.423102,-0.151247,-0.045313,0.001777,0.055008
1739917877.6681,2025-02-18 14:31:17.668,25,false,0.447314,-0.303467,0.580261,0.609192,0.885267,-0.420661,-0.141482,-0.045274,0.001831,0.054951
1739917877.6994,2025-02-18 14:31:17.699,26,false,0.447277,-0.303528,0.580322,0.609131,0.89308,-0.443122,-0.13904,-0.045251,0.001721,0.054974
1739917877.7306,2025-02-18 14:31:17.730,27,false,0.447243,-0.303467,0.580444,0.60907,0.884291,-0.444587,-0.140505,-0.04523,0.001806,0.055019
1739917877.7619,2025-02-18 14:31:17.761,28,false,0.447367,-0.303406,0.580444,0.609009,0.884291,-0.444587,-0.140505,-0.045212,0.001881,0.055059
1739917877.7931,2025-02-18 14:31:17.793,29,false,0.447485,-0.303589,0.580322,0.608948,0.885267,-0.445075,-0.142947,-0.045244,0.001962,0.055083
1739917877.8244,2025-02-18 14:31:17.824,30,false,0.447477,-0.303589,0.5802,0.60907,0.877943,-0.44654,-0.146365,-0.045297,0.001961,0.055153
1739917877.8556,2025-02-18 14:31:17.855,31,false,0.447485,-0.303589,0.580322,0.608948,0.877943,-0.44654,-0.146365,-0.045308,0.001924,0.055156
1739917877.8869,2025-02-18 14:31:17.886,0,false,0.447564,-0.303711,0.580261,0.608887,0.887709,-0.437263,-0.146365,-0.045307,0.001902,0.05517
1739917877.9181,2025-02-18 14:31:17.918,1,false,0.447734,-0.303711,0.580322,0.608704,0.880873,-0.435798,-0.140017,-0.045268,0.001822,0.055146
1739917877.9494,2025-02-18 14:31:17.949,2,false,0.447692,-0.303772,0.580322,0.608704,0.880873,-0.435798,-0.140017,-0.045234,0.001749,0.055125
1739917877.9806,2025-02-18 14:31:17.980,3,false,0.447496,-0.303711,0.580505,0.608704,0.880873,-0.435798,-0.140017,-0.045202,0.001684,0.055106
1739917878.0119,2025-02-18 14:31:18.011,4,false,0.447455,-0.303772,0.580505,0.608704,0.881849,-0.441657,-0.140505,-0.045272,0.001662,0.055149
1739917878.0431,2025-02-18 14:31:18.043,5,false,0.447549,-0.30365,0.580688,0.608521,0.881849,-0.441657,-0.142458,-0.045384,0.00163,0.055091
1739917878.0744,2025-02-18 14:31:18.074,6,false,0.447512,-0.303711,0.58075,0.608459,0.881849,-0.441657,-0.142458,-0.04535,0.001663,0.0551
1739917878.1056,2025-02-18 14:31:18.105,7,false,0.447391,-0.303894,0.580811,0.608398,0.883803,-0.439704,-0.130739,-0.045356,0.001631,0.055046
1739917878.1369,2025-02-18 14:31:18.136,8,false,0.447301,-0.304138,0.580688,0.608459,0.880873,-0.432868,-0.138064,-0.04541,0.001578,0.054986
1739917878.1681,2025-02-18 14:31:18.168,9,false,0.447421,-0.304199,0.580627,0.608398,0.880873,-0.432868,-0.138064,-0.045459,0.00153,0.054932
1739917878.1994,2025-02-18 14:31:18.199,10,false,0.447463,-0.30426,0.580627,0.608337,0.883314,-0.433845,-0.13904,-0.045393,0.001535,0.055017
1739917878.2306,2025-02-18 14:31:18.230,11,false,0.447504,-0.304443,0.580627,0.608215,0.884291,-0.44654,-0.142458,-0.045285,0.001492,0.054984
1739917878.2619,2025-02-18 14:31:18.261,12,false,0.447467,-0.304504,0.580688,0.608154,0.884291,-0.44654,-0.142458,-0.045347,0.001513,0.054979
1739917878.2931,2025-02-18 14:31:18.293,13,false,0.447429,-0.304565,0.58075,0.608093,0.880873,-0.438727,-0.140017,-0.045255,0.001557,0.055023
1739917878.3244,2025-02-18 14:31:18.324,14,false,0.447474,-0.304626,0.580811,0.607971,0.886244,-0.436774,-0.143435,-0.045332,0.00156,0.055002
1739917878.3556,2025-02-18 14:31:18.355,15,false,0.447477,-0.304749,0.580872,0.607849,0.886244,-0.436774,-0.143435,-0.045352,0.001514,0.054971
1739917878.3869,2025-02-18 14:31:18.386,16,false,0.447429,-0.304565,0.58075,0.608093,0.892592,-0.436286,-0.142947,-0.045456,0.001619,0.054955
1739917878.4181,2025-02-18 14:31:18.418,17,false,0.447477,-0.304749,0.580872,0.607849,0.892592,-0.436286,-0.142947,-0.045524,0.001567,0.054989
1739917878.4494,2025-02-18 14:31:18.449,18,false,0.447443,-0.304688,0.580994,0.607788,0.888685,-0.429938,-0.146365,-0.045501,0.001679,0.054959
1739917878.4806,2025-02-18 14:31:18.480,19,false,0.447485,-0.304626,0.580994,0.607788,0.883314,-0.432868,-0.135622,-0.045443,0.001682,0.054993
1739917878.5119,2025-02-18 14:31:18.511,20,false,0.447409,-0.304626,0.581116,0.607727,0.883314,-0.432868,-0.135622,-0.045391,0.001685,0.055024
1739917878.5431,2025-02-18 14:31:18.543,21,false,0.447409,-0.304626,0.581116,0.607727,0.889662,-0.444099,-0.141482,-0.045393,0.001614,0.0551
1739917878.5744,2025-02-18 14:31:18.574,22,false,0.447281,-0.304688,0.581055,0.607849,0.885267,-0.427008,-0.137087,-0.045395,0.001489,0.055108
1739917878.6056,2025-02-18 14:31:18.605,23,false,0.447156,-0.304871,0.581055,0.607849,0.885267,-0.427008,-0.137087,-0.045323,0.001548,0.05509
1739917878.6369,2025-02-18 14:31:18.636,24,false,0.447156,-0.304993,0.581055,0.607788,0.89015,-0.438239,-0.136599,-0.045332,0.001552,0.055001
1739917878.6681,2025-02-18 14:31:18.668,25,false,0.447356,-0.304932,0.580933,0.607788,0.880873,-0.432868,-0.137575,-0.04534,0.001616,0.055128
1739917878.6994,2025-02-18 14:31:18.699,26,false,0.447401,-0.304993,0.580994,0.607666,0.880873,-0.432868,-0.137575,-0.045347,0.001674,0.055243
1739917878.7306,2025-02-18 14:31:18.730,27,false,0.44728,-0.305176,0.581055,0.607605,0.887221,-0.441169,-0.139528,-0.045475,0.001641,0.055114
1739917878.7619,2025-02-18 14:31:18.761,28,false,0.447121,-0.305176,0.581177,0.607605,0.886732,-0.431403,-0.137087,-0.045518,0.001587,0.055157
1739917878.7931,2025-02-18 14:31:18.793,29,false,0.447,-0.305237,0.581238,0.607605,0.882338,-0.426032,-0.137087,-0.045446,0.001648,0.055159
1739917878.8244,2025-02-18 14:31:18.824,30,false,0.447163,-0.305237,0.581177,0.607544,0.879896,-0.439216,-0.137575,-0.04543,0.001654,0.055112
1739917878.8556,2025-02-18 14:31:18.855,31,false,0.44708,-0.305115,0.581177,0.607666,0.883803,-0.431891,-0.134157,-0.045367,0.001623,0.055058
1739917878.8869,2025-02-18 14:31:18.886,0,false,0.447072,-0.305237,0.581055,0.607727,0.883803,-0.431891,-0.134157,-0.045298,0.001607,0.055021
1739917878.9181,2025-02-18 14:31:18.918,1,false,0.447227,-0.305359,0.580872,0.607727,0.89015,-0.429938,-0.132692,-0.045322,0.001617,0.054987
1739917878.9494,2025-02-18 14:31:18.949,2,false,0.447223,-0.305481,0.580811,0.607727,0.883803,-0.427985,-0.126345,-0.045343,0.001602,0.054957
1739917878.9806,2025-02-18 14:31:18.980,3,false,0.447302,-0.305603,0.58075,0.607666,0.883803,-0.427985,-0.126345,-0.045362,0.001588,0.054931
1739917879.0119,2025-02-18 14:31:19.011,4,false,0.447218,-0.305725,0.58075,0.607666,0.884291,-0.427497,-0.137575,-0.045318,0.001637,0.054967
1739917879.0431,2025-02-18 14:31:19.043,5,false,0.447297,-0.305847,0.580688,0.607605,0.888197,-0.428962,-0.146853,-0.045315,0.001559,0.055025
1739917879.0744,2025-02-18 14:31:19.074,6,false,0.447417,-0.305908,0.580627,0.607544,0.888197,-0.428962,-0.146853,-0.045312,0.001488,0.055077
1739917879.1056,2025-02-18 14:31:19.105,7,false,0.447537,-0.306091,0.580566,0.607422,0.884779,-0.42652,-0.137087,-0.045335,0.001449,0.055123
1739917879.1369,2025-02-18 14:31:19.136,8,false,0.447537,-0.306091,0.580566,0.607422,0.879896,-0.426032,-0.138552,-0.045391,0.001512,0.05508
1739917879.1681,2025-02-18 14:31:19.168,9,false,0.447417,-0.305908,0.580627,0.607544,0.884291,-0.427497,-0.137575,-0.04543,0.001495,0.055114
1739917879.1994,2025-02-18 14:31:19.199,10,false,0.447574,-0.306274,0.580505,0.607361,0.879408,-0.426032,-0.143923,-0.045464,0.00148,0.055145
1739917879.2306,2025-02-18 14:31:19.230,11,false,0.447815,-0.306274,0.580383,0.6073,0.897475,-0.427008,-0.13904,-0.045618,0.001527,0.055148
1739917879.2619,2025-02-18 14:31:19.261,12,false,0.447649,-0.306396,0.580383,0.607361,0.893568,-0.433356,-0.141482,-0.045597,0.001631,0.055175
1739917879.2931,2025-02-18 14:31:19.293,13,false,0.447573,-0.306396,0.580505,0.6073,0.893568,-0.433356,-0.141482,-0.045591,0.001639,0.055102
1739917879.3244,2025-02-18 14:31:19.324,14,false,0.447532,-0.306335,0.580505,0.607361,0.888685,-0.431403,-0.12488,-0.045536,0.00167,0.055073
1739917879.3556,2025-02-18 14:31:19.355,15,false,0.447615,-0.306335,0.580505,0.6073,0.883803,-0.440192,-0.135622,-0.045621,0.001601,0.055047
1739917879.3869,2025-02-18 14:31:19.386,16,false,0.447772,-0.306458,0.580383,0.607239,0.883803,-0.440192,-0.135622,-0.045698,0.001538,0.055023
1739917879.4181,2025-02-18 14:31:19.418,17,false,0.447806,-0.306519,0.580261,0.6073,0.89308,-0.429938,-0.133181,-0.045718,0.001555,0.055112
1739917879.4494,2025-02-18 14:31:19.449,18,false,0.447843,-0.30658,0.5802,0.6073,0.896986,-0.419684,-0.151736,-0.045455,0.001546,0.055069
1739917879.4806,2025-02-18 14:31:19.480,19,false,0.448171,-0.30658,0.580139,0.607117,0.896986,-0.419684,-0.151736,-0.045451,0.001526,0.055019
1739917879.5119,2025-02-18 14:31:19.511,20,false,0.448208,-0.306641,0.580078,0.607117,0.896986,-0.419684,-0.151736,-0.045447,0.001508,0.054974
1739917879.5431,2025-02-18 14:31:19.543,21,false,0.448125,-0.306641,0.580078,0.607178,0.884779,-0.425055,-0.126345,-0.04548,0.001577,0.054933
1739917879.5744,2025-02-18 14:31:19.574,22,false,0.448092,-0.306458,0.5802,0.607178,0.877455,-0.422614,-0.140993,-0.045473,0.001517,0.05486
1739917879.6056,2025-02-18 14:31:19.605,23,false,0.448138,-0.306274,0.580261,0.607178,0.877455,-0.422614,-0.140993,-0.045455,0.001634,0.054843
1739917879.6369,2025-02-18 14:31:19.636,24,false,0.448138,-0.306274,0.580261,0.607178,0.880385,-0.425544,-0.129274,-0.045499,0.001702,0.054913
1739917879.6681,2025-02-18 14:31:19.668,25,false,0.447973,-0.306274,0.580261,0.6073,0.886244,-0.428473,-0.136599,-0.045551,0.001666,0.054902
1739917879.6994,2025-02-18 14:31:19.699,26,false,0.447928,-0.306213,0.5802,0.607422,0.886244,-0.428473,-0.136599,-0.045415,0.001658,0.054832
1739917879.7306,2025-02-18 14:31:19.730,27,false,0.447762,-0.306335,0.5802,0.607483,0.896498,-0.42945,-0.136599,-0.045537,0.001651,0.054867
1739917879.7619,2025-02-18 14:31:19.761,28,false,0.447762,-0.306335,0.5802,0.607483,0.886244,-0.419684,-0.137087,-0.045524,0.001645,0.054898
1739917879.7931,2025-02-18 14:31:19.793,29,false,0.447637,-0.306396,0.5802,0.607544,0.886244,-0.419684,-0.137087,-0.045513,0.001639,0.054925
1739917879.8244,2025-02-18 14:31:19.824,30,false,0.447679,-0.306335,0.5802,0.607544,0.890639,-0.433845,-0.128786,-0.045551,0.001646,0.055024
1739917879.8556,2025-02-18 14:31:19.855,31,false,0.447559,-0.306274,0.580261,0.607605,0.891615,-0.441657,-0.146365,-0.045379,0.00164,0.055125
1739917879.8869,2025-02-18 14:31:19.886,0,false,0.447601,-0.306213,0.580261,0.607605,0.891615,-0.441657,-0.146365,-0.045223,0.001635,0.055215
1739917879.9181,2025-02-18 14:31:19.918,1,false,0.447679,-0.306335,0.5802,0.607544,0.888685,-0.431891,-0.140993,-0.045205,0.001728,0.055382
1739917879.9494,2025-02-18 14:31:19.949,2,false,0.447481,-0.306152,0.580322,0.607666,0.888685,-0.431891,-0.140993,-0.045189,0.001811,0.055533
1739917879.9806,2025-02-18 14:31:19.980,3,false,0.447439,-0.306213,0.580322,0.607666,0.900404,-0.434333,-0.143923,-0.045138,0.001899,0.055631
1739917880.0119,2025-02-18 14:31:20.011,4,false,0.447389,-0.306274,0.5802,0.607788,0.89308,-0.437263,-0.138064,-0.045153,0.001855,0.055598
1739917880.0431,2025-02-18 14:31:20.043,5,false,0.447186,-0.306213,0.580261,0.60791,0.89308,-0.437263,-0.138064,-0.045106,0.001816,0.055422
1739917880.0744,2025-02-18 14:31:20.074,6,false,0.44707,-0.30603,0.580383,0.607971,0.896986,-0.436774,-0.131716,-0.045039,0.001891,0.05536
1739917880.1056,2025-02-18 14:31:20.105,7,false,0.446954,-0.305847,0.580505,0.608032,0.882338,-0.440192,-0.134646,-0.045137,0.001861,0.055403
1739917880.1369,2025-02-18 14:31:20.136,8,false,0.446951,-0.305725,0.580444,0.608154,0.882338,-0.440192,-0.134646,-0.045225,0.001833,0.055442
1739917880.1681,2025-02-18 14:31:20.168,9,false,0.447026,-0.305725,0.580322,0.608215,0.888197,-0.440681,-0.137575,-0.045256,0.001821,0.055427
1739917880.1994,2025-02-18 14:31:20.199,10,false,0.446981,-0.305664,0.580261,0.608337,0.89308,-0.42945,-0.138552,-0.045211,0.001834,0.055341
1739917880.2306,2025-02-18 14:31:20.230,11,false,0.44706,-0.305664,0.5802,0.608337,0.89308,-0.42945,-0.138552,-0.04517,0.001846,0.055264
1739917880.2619,2025-02-18 14:31:20.261,12,false,0.447143,-0.305664,0.5802,0.608276,0.888685,-0.435309,-0.133669,-0.04512,0.001954,0.055206
1739917880.2931,2025-02-18 14:31:20.293,13,false,0.446898,-0.305664,0.580261,0.608398,0.881849,-0.438727,-0.131228,-0.045296,0.002027,0.055276
1739917880.3244,2025-02-18 14:31:20.324,14,false,0.446728,-0.305664,0.5802,0.608582,0.884779,-0.428473,-0.135134,-0.045295,0.002179,0.055218
1739917880.3556,2025-02-18 14:31:20.355,15,false,0.446657,-0.305542,0.580383,0.608521,0.888685,-0.441657,-0.135622,-0.045295,0.002132,0.055189
1739917880.3869,2025-02-18 14:31:20.386,16,false,0.446793,-0.305481,0.580566,0.608276,0.882826,-0.438239,-0.141482,-0.045343,0.002138,0.055188
1739917880.4181,2025-02-18 14:31:20.418,17,false,0.446634,-0.305481,0.580688,0.608276,0.882826,-0.438239,-0.141482,-0.04535,0.00212,0.055126
1739917880.4494,2025-02-18 14:31:20.449,18,false,0.446638,-0.305481,0.58075,0.608215,0.876967,-0.44361,-0.13611,-0.045368,0.002054,0.055082
1739917880.4806,2025-02-18 14:31:20.480,19,false,0.446555,-0.305481,0.58075,0.608276,0.883314,-0.436286,-0.13611,-0.04536,0.00202,0.055018
1739917880.5119,2025-02-18 14:31:20.511,20,false,0.446475,-0.305481,0.580811,0.608276,0.883314,-0.436286,-0.13611,-0.045353,0.001989,0.054961
1739917880.5431,2025-02-18 14:31:20.543,21,false,0.44643,-0.305542,0.58075,0.608337,0.876967,-0.442145,-0.145388,-0.045432,0.001997,0.054958
1739917880.5744,2025-02-18 14:31:20.574,22,false,0.446468,-0.305481,0.580688,0.608398,0.887221,-0.439216,-0.132692,-0.04532,0.001846,0.055016
1739917880.6056,2025-02-18 14:31:20.605,23,false,0.446472,-0.305481,0.58075,0.608337,0.887221,-0.439216,-0.132692,-0.045219,0.001711,0.055069
1739917880.6369,2025-02-18 14:31:20.636,24,false,0.44643,-0.30542,0.58075,0.608398,0.886244,-0.421637,-0.138552,-0.045177,0.00182,0.055104
1739917880.6681,2025-02-18 14:31:20.668,25,false,0.446552,-0.305237,0.580688,0.608459,0.882338,-0.434333,-0.138552,-0.04514,0.001736,0.055075
1739917880.6994,2025-02-18 14:31:20.699,26,false,0.446472,-0.305481,0.58075,0.608337,0.876967,-0.442145,-0.145388,-0.045179,0.00177,0.055122
1739917880.7306,2025-02-18 14:31:20.730,27,false,0.44659,-0.305176,0.580627,0.608521,0.876478,-0.439704,-0.146365,-0.045214,0.0018,0.055164
1739917880.7619,2025-02-18 14:31:20.761,28,false,0.446677,-0.304932,0.580688,0.608521,0.885756,-0.438239,-0.140505,-0.045283,0.001767,0.055141
1739917880.7931,2025-02-18 14:31:20.793,29,false,0.44676,-0.305054,0.580688,0.608398,0.886732,-0.438727,-0.133181,-0.045344,0.001798,0.055034
1739917880.8244,2025-02-18 14:31:20.824,30,false,0.446726,-0.304993,0.580811,0.608337,0.886732,-0.438727,-0.133181,-0.0454,0.001825,0.054939
1739917880.8556,2025-02-18 14:31:20.855,31,false,0.446768,-0.304932,0.580811,0.608337,0.885267,-0.434333,-0.148318,-0.045328,0.001875,0.054938
1739917880.8869,2025-02-18 14:31:20.886,0,false,0.446689,-0.30481,0.580872,0.608398,0.879896,-0.453376,-0.137087,-0.045324,0.001895,0.054791
1739917880.9181,2025-02-18 14:31:20.918,1,false,0.446575,-0.304626,0.581055,0.608398,0.879896,-0.453376,-0.137087,-0.045296,0.001864,0.054769
1739917880.9494,2025-02-18 14:31:20.949,2,false,0.446454,-0.304688,0.581116,0.608398,0.881849,-0.430426,-0.140993,-0.045271,0.001897,0.054748
1739917880.9806,2025-02-18 14:31:20.980,3,false,0.446413,-0.304749,0.581116,0.608398,0.880385,-0.456306,-0.131716,-0.045297,0.00194,0.054803
1739917881.0119,2025-02-18 14:31:21.011,4,false,0.446208,-0.30481,0.581177,0.608459,0.880385,-0.456306,-0.131716,-0.045467,0.001941,0.054719
1739917881.0431,2025-02-18 14:31:21.043,5,false,0.446541,-0.304688,0.581177,0.608276,0.880385,-0.456306,-0.131716,-0.04562,0.001942,0.054642
1739917881.0744,2025-02-18 14:31:21.074,6,false,0.446382,-0.304565,0.581299,0.608337,0.880873,-0.437751,-0.131716,-0.045746,0.001919,0.054586
1739917881.1056,2025-02-18 14:31:21.105,7,false,0.446182,-0.304626,0.581421,0.608337,0.874525,-0.434333,-0.130739,-0.045724,0.001934,0.054474
1739917881.1369,2025-02-18 14:31:21.136,8,false,0.44622,-0.304565,0.58136,0.608398,0.874525,-0.434333,-0.130739,-0.045705,0.001949,0.054373
1739917881.1681,2025-02-18 14:31:21.168,9,false,0.445977,-0.304443,0.581482,0.608521,0.887221,-0.439704,-0.141482,-0.045725,0.001961,0.05449
1739917881.1994,2025-02-18 14:31:21.199,10,false,0.445974,-0.304321,0.581421,0.608643,0.883803,-0.42652,-0.145876,-0.045742,0.001973,0.05451
1739917881.2306,2025-02-18 14:31:21.230,11,false,0.445814,-0.304199,0.581543,0.608704,0.883803,-0.42652,-0.145876,-0.045758,0.001983,0.054528
1739917881.2619,2025-02-18 14:31:21.261,12,false,0.445697,-0.304016,0.581665,0.608765,0.882826,-0.42652,-0.139528,-0.045772,0.00187,0.05452
1739917881.2931,2025-02-18 14:31:21.293,13,false,0.445568,-0.304077,0.581604,0.608887,0.882338,-0.444587,-0.131228,-0.045748,0.001952,0.054598
1739917881.3244,2025-02-18 14:31:21.324,14,false,0.445564,-0.304077,0.581543,0.608948,0.882338,-0.444587,-0.131228,-0.045727,0.002025,0.054668
1739917881.3556,2025-02-18 14:31:21.355,15,false,0.445648,-0.304077,0.581543,0.608887,0.879408,-0.435798,-0.135134,-0.045695,0.002079,0.054719
1739917881.3869,2025-02-18 14:31:21.386,16,false,0.445606,-0.304016,0.581543,0.608948,0.882338,-0.435309,-0.126833,-0.045825,0.00203,0.054764
1739917881.4181,2025-02-18 14:31:21.418,17,false,0.445606,-0.303894,0.581543,0.609009,0.882338,-0.435309,-0.126833,-0.045943,0.001985,0.054806
1739917881.4494,2025-02-18 14:31:21.449,18,false,0.445446,-0.303772,0.581665,0.60907,0.881849,-0.435309,-0.128298,-0.045767,0.001982,0.054745
1739917881.4806,2025-02-18 14:31:21.480,19,false,0.445606,-0.304016,0.581543,0.608948,0.881849,-0.435309,-0.128298,-0.04561,0.001979,0.054691
1739917881.5119,2025-02-18 14:31:21.511,20,false,0.445567,-0.303711,0.581604,0.60907,0.894545,-0.442634,-0.137087,-0.0457,0.001952,0.054629
1739917881.5431,2025-02-18 14:31:21.543,21,false,0.445567,-0.303711,0.581604,0.60907,0.890639,-0.438727,-0.13611,-0.045768,0.002013,0.054708
1739917881.5744,2025-02-18 14:31:21.574,22,false,0.445491,-0.303589,0.581726,0.60907,0.890639,-0.438727,-0.13611,-0.04583,0.002068,0.05478
1739917881.6056,2025-02-18 14:31:21.605,23,false,0.44537,-0.303528,0.581787,0.609131,0.882826,-0.436286,-0.141482,-0.045849,0.001959,0.05488
1739917881.6369,2025-02-18 14:31:21.636,24,false,0.445252,-0.303589,0.581909,0.60907,0.889174,-0.430915,-0.142458,-0.045867,0.001922,0.054873
1739917881.6681,2025-02-18 14:31:21.668,25,false,0.445332,-0.303711,0.581848,0.609009,0.889174,-0.430915,-0.142458,-0.045882,0.001888,0.054867
1739917881.6994,2025-02-18 14:31:21.699,26,false,0.445332,-0.303711,0.581848,0.609009,0.884291,-0.433845,-0.143435,-0.045933,0.001834,0.054861
1739917881.7306,2025-02-18 14:31:21.730,27,false,0.445131,-0.30365,0.58197,0.60907,0.885267,-0.439216,-0.132204,-0.045917,0.001846,0.054734
1739917881.7619,2025-02-18 14:31:21.761,28,false,0.445009,-0.303711,0.582031,0.60907,0.885267,-0.439216,-0.132204,-0.045903,0.001857,0.05462
1739917881.7931,2025-02-18 14:31:21.793,29,false,0.445009,-0.303833,0.582031,0.609009,0.881361,-0.441657,-0.138552,-0.045817,0.00183,0.054639
1739917881.8244,2025-02-18 14:31:21.824,30,false,0.445145,-0.30365,0.582214,0.608826,0.891127,-0.437751,-0.128298,-0.045899,0.001805,0.054656
1739917881.8556,2025-02-18 14:31:21.855,31,false,0.445187,-0.303589,0.582214,0.608826,0.869154,-0.442145,-0.132692,-0.04596,0.001735,0.054684
1739917881.8869,2025-02-18 14:31:21.886,0,false,0.445274,-0.303711,0.582275,0.608643,0.886244,-0.444099,-0.125368,-0.045941,0.001818,0.054574
1739917881.9181,2025-02-18 14:31:21.918,1,false,0.445274,-0.303711,0.582275,0.608643,0.886244,-0.438727,-0.140505,-0.045949,0.001794,0.054598
1739917881.9494,2025-02-18 14:31:21.949,2,false,0.445066,-0.303772,0.582275,0.608765,0.886244,-0.438727,-0.140505,-0.045957,0.001774,0.054619
1739917881.9806,2025-02-18 14:31:21.980,3,false,0.444979,-0.303772,0.582214,0.608887,0.887221,-0.432868,-0.126833,-0.04578,0.00167,0.054577
1739917882.0119,2025-02-18 14:31:22.011,4,false,0.44494,-0.303589,0.582275,0.608948,0.886244,-0.434333,-0.145388,-0.045792,0.001674,0.054564
1739917882.0431,2025-02-18 14:31:22.043,5,false,0.444853,-0.303467,0.582214,0.609131,0.886244,-0.434333,-0.145388,-0.045803,0.001677,0.054552
1739917882.0744,2025-02-18 14:31:22.074,6,false,0.444773,-0.303345,0.582275,0.609192,0.883314,-0.446052,-0.137575,-0.045873,0.00168,0.054444
1739917882.1056,2025-02-18 14:31:22.105,7,false,0.444943,-0.303101,0.582336,0.609131,0.87892,-0.436286,-0.138552,-0.045864,0.00183,0.054517
1739917882.1369,2025-02-18 14:31:22.136,8,false,0.444935,-0.303101,0.582214,0.609253,0.87892,-0.436286,-0.138552,-0.045867,0.001854,0.054534
1739917882.1681,2025-02-18 14:31:22.168,9,false,0.44481,-0.303162,0.582214,0.609314,0.885267,-0.441169,-0.133181,-0.045895,0.00184,0.05461
1739917882.1994,2025-02-18 14:31:22.199,10,false,0.444848,-0.303101,0.582153,0.609375,0.875013,-0.440192,-0.138552,-0.045895,0.001827,0.054643
1739917882.2306,2025-02-18 14:31:22.230,11,false,0.444935,-0.303101,0.582214,0.609253,0.883314,-0.446052,-0.137575,-0.045859,0.001693,0.054733
1739917882.2619,2025-02-18 14:31:22.261,12,false,0.44489,-0.303162,0.582153,0.609314,0.886244,-0.442145,-0.155642,-0.045826,0.001572,0.054814
1739917882.2931,2025-02-18 14:31:22.293,13,false,0.444969,-0.30304,0.582092,0.609375,0.87892,-0.444587,-0.137087,-0.045821,0.001488,0.054813
1739917882.3244,2025-02-18 14:31:22.324,14,false,0.44497,-0.303162,0.582092,0.609314,0.880873,-0.442634,-0.136599,-0.045939,0.00162,0.054911
1739917882.3556,2025-02-18 14:31:22.355,15,false,0.445008,-0.303223,0.582031,0.609314,0.880873,-0.442634,-0.136599,-0.046045,0.001739,0.054998
1739917882.3869,2025-02-18 14:31:22.386,16,false,0.445084,-0.303223,0.581909,0.609375,0.884779,-0.430915,-0.144411,-0.045945,0.001846,0.054955
1739917882.4181,2025-02-18 14:31:22.418,17,false,0.444963,-0.303284,0.58197,0.609375,0.883314,-0.448005,-0.138552,-0.04594,0.001893,0.054989
1739917882.4494,2025-02-18 14:31:22.449,18,false,0.445004,-0.303223,0.58197,0.609375,0.883314,-0.448005,-0.138552,-0.045936,0.001936,0.05502
1739917882.4806,2025-02-18 14:31:22.480,19,false,0.445005,-0.303345,0.58197,0.609314,0.880873,-0.453376,-0.13904,-0.045835,0.001791,0.055109
1739917882.5119,2025-02-18 14:31:22.511,20,false,0.445043,-0.303406,0.581909,0.609314,0.879896,-0.447517,-0.144411,-0.045854,0.001649,0.055116
1739917882.5431,2025-02-18 14:31:22.543,21,false,0.444921,-0.303345,0.58197,0.609375,0.879896,-0.447517,-0.144411,-0.04587,0.00152,0.055122
1739917882.5744,2025-02-18 14:31:22.574,22,false,0.445,-0.303223,0.581909,0.609436,0.875502,-0.437751,-0.148318,-0.045751,0.001576,0.054993
1739917882.6056,2025-02-18 14:31:22.605,23,false,0.44491,-0.303589,0.581787,0.609436,0.878431,-0.450935,-0.137087,-0.045827,0.001589,0.054987
1739917882.6369,2025-02-18 14:31:22.636,24,false,0.445108,-0.30365,0.581604,0.609436,0.877455,-0.436286,-0.1449,-0.045724,0.00165,0.055006
1739917882.6681,2025-02-18 14:31:22.668,25,false,0.445146,-0.303833,0.581543,0.609375,0.876478,-0.454353,-0.138064,-0.045742,0.001656,0.054913
1739917882.6994,2025-02-18 14:31:22.699,26,false,0.445276,-0.303894,0.581604,0.609192,0.884779,-0.440681,-0.137575,-0.04577,0.001686,0.054964
1739917882.7306,2025-02-18 14:31:22.730,27,false,0.445405,-0.303955,0.581665,0.609009,0.884779,-0.440681,-0.137575,-0.045795,0.001712,0.05501
1739917882.7619,2025-02-18 14:31:22.761,28,false,0.445367,-0.304016,0.581726,0.608948,0.891615,-0.430426,-0.142947,-0.045695,0.001675,0.055051
1739917882.7931,2025-02-18 14:31:22.793,29,false,0.44528,-0.304138,0.581665,0.609009,0.891127,-0.424567,-0.132204,-0.045716,0.001557,0.055015
1739917882.8244,2025-02-18 14:31:22.824,30,false,0.445189,-0.304138,0.581543,0.609192,0.891127,-0.424567,-0.132204,-0.045673,0.001633,0.054982
1739917882.8556,2025-02-18 14:31:22.855,31,false,0.445071,-0.304077,0.581665,0.609192,0.876967,-0.440192,-0.13904,-0.045659,0.001702,0.054953
1739917882.8869,2025-02-18 14:31:22.886,0,false,0.445154,-0.303955,0.581665,0.609192,0.879408,-0.430426,-0.143923,-0.045695,0.001788,0.054975
1739917882.9181,2025-02-18 14:31:22.918,1,false,0.445162,-0.303833,0.581787,0.609131,0.879408,-0.430426,-0.143923,-0.045728,0.001865,0.054995
1739917882.9494,2025-02-18 14:31:22.949,2,false,0.445207,-0.303772,0.581848,0.60907,0.885756,-0.425544,-0.129763,-0.045599,0.001899,0.055013
1739917882.9806,2025-02-18 14:31:22.980,3,false,0.445169,-0.303711,0.581909,0.60907,0.874037,-0.446052,-0.14197,-0.04558,0.001928,0.055054
1739917883.0119,2025-02-18 14:31:23.011,4,false,0.445162,-0.303833,0.581787,0.609131,0.876967,-0.440192,-0.13904,-0.045514,0.001882,0.055079
1739917883.0431,2025-02-18 14:31:23.043,5,false,0.445124,-0.303894,0.581848,0.60907,0.881361,-0.451911,-0.138552,-0.045455,0.001865,0.055064
1739917883.0744,2025-02-18 14:31:23.074,6,false,0.445086,-0.304077,0.581909,0.608948,0.876967,-0.446052,-0.144411,-0.045414,0.001874,0.055039
1739917883.1056,2025-02-18 14:31:23.105,7,false,0.445006,-0.304077,0.58197,0.608948,0.882826,-0.436286,-0.129274,-0.045414,0.001882,0.054991
1739917883.1369,2025-02-18 14:31:23.136,8,false,0.444926,-0.304199,0.582031,0.608887,0.882826,-0.436286,-0.129274,-0.045413,0.001889,0.054949
1739917883.1681,2025-02-18 14:31:23.168,9,false,0.444881,-0.304138,0.58197,0.609009,0.873549,-0.437263,-0.134157,-0.045401,0.001871,0.054923
1739917883.1994,2025-02-18 14:31:23.199,10,false,0.444839,-0.304321,0.58197,0.608948,0.879896,-0.446052,-0.126345,-0.045548,0.001891,0.054899
1739917883.2306,2025-02-18 14:31:23.230,11,false,0.444964,-0.30426,0.58197,0.608887,0.879896,-0.446052,-0.126345,-0.045474,0.001897,0.05489
1739917883.2619,2025-02-18 14:31:23.261,12,false,0.444926,-0.304321,0.582031,0.608826,0.874525,-0.427497,-0.14197,-0.045455,0.001915,0.054931
1739917883.2931,2025-02-18 14:31:23.293,13,false,0.44501,-0.304443,0.582031,0.608704,0.87599,-0.445563,-0.133669,-0.045438,0.001992,0.054907
1739917883.3244,2025-02-18 14:31:23.324,14,false,0.445052,-0.304626,0.582031,0.608582,0.87599,-0.445563,-0.133669,-0.045375,0.002013,0.054995
1739917883.3556,2025-02-18 14:31:23.355,15,false,0.445086,-0.304688,0.581909,0.608643,0.892103,-0.431891,-0.137087,-0.045427,0.001982,0.054989
1739917883.3869,2025-02-18 14:31:23.386,16,false,0.445082,-0.30481,0.581848,0.608643,0.869642,-0.431891,-0.136599,-0.045425,0.001979,0.055008
1739917883.4181,2025-02-18 14:31:23.418,17,false,0.44496,-0.304871,0.581909,0.608643,0.882826,-0.436286,-0.142947,-0.045497,0.001952,0.055061
1739917883.4494,2025-02-18 14:31:23.449,18,false,0.444964,-0.304871,0.58197,0.608582,0.877455,-0.436774,-0.139528,-0.045525,0.001916,0.054951
1739917883.4806,2025-02-18 14:31:23.480,19,false,0.445009,-0.305054,0.582031,0.608398,0.885756,-0.441657,-0.135134,-0.04555,0.001981,0.054912
1739917883.5119,2025-02-18 14:31:23.511,20,false,0.444971,-0.305115,0.582092,0.608337,0.885756,-0.441657,-0.135134,-0.045573,0.002039,0.054878
1739917883.5431,2025-02-18 14:31:23.543,21,false,0.444933,-0.305176,0.582153,0.608276,0.887709,-0.437263,-0.13611,-0.045557,0.001969,0.054846
1739917883.5744,2025-02-18 14:31:23.574,22,false,0.444891,-0.305237,0.582153,0.608276,0.877943,-0.433356,-0.134646,-0.045615,0.00198,0.054916
1739917883.6056,2025-02-18 14:31:23.605,23,false,0.4448,-0.305359,0.582031,0.608398,0.877943,-0.433356,-0.134646,-0.045668,0.001989,0.054979
1739917883.6369,2025-02-18 14:31:23.636,24,false,0.444712,-0.305481,0.58197,0.608459,0.879408,-0.439704,-0.13611,-0.045704,0.002108,0.055084
1739917883.6681,2025-02-18 14:31:23.668,25,false,0.444629,-0.305481,0.58197,0.608521,0.876478,-0.440681,-0.131228,-0.045687,0.002105,0.05513
1739917883.6994,2025-02-18 14:31:23.699,26,false,0.444591,-0.305542,0.582031,0.608459,0.876478,-0.440681,-0.131228,-0.045781,0.002114,0.055098
1739917883.7306,2025-02-18 14:31:23.730,27,false,0.444559,-0.305603,0.582214,0.608276,0.892103,-0.427985,-0.133181,-0.045707,0.002061,0.055069
1739917883.7619,2025-02-18 14:31:23.761,28,false,0.444629,-0.305481,0.58197,0.608521,0.892103,-0.427985,-0.133181,-0.045739,0.001892,0.055104
1739917883.7931,2025-02-18 14:31:23.793,29,false,0.444472,-0.305725,0.582153,0.608337,0.880385,-0.444587,-0.133181,-0.045743,0.001922,0.055173
1739917883.8244,2025-02-18 14:31:23.824,30,false,0.444343,-0.305786,0.582092,0.608459,0.885756,-0.439704,-0.143435,-0.045722,0.001962,0.05521
1739917883.8556,2025-02-18 14:31:23.855,31,false,0.444217,-0.305847,0.582092,0.608521,0.885756,-0.439704,-0.143435,-0.045654,0.001863,0.055206
1739917883.8869,2025-02-18 14:31:23.886,0,false,0.444057,-0.305847,0.582214,0.608521,0.895033,-0.433845,-0.13611,-0.045666,0.001836,0.055045
1739917883.9181,2025-02-18 14:31:23.918,1,false,0.443977,-0.305969,0.582275,0.608459,0.873549,-0.439704,-0.138064,-0.045641,0.001848,0.055058
1739917883.9494,2025-02-18 14:31:23.949,2,false,0.443809,-0.305969,0.582275,0.608582,0.873549,-0.439704,-0.138064,-0.045618,0.001858,0.05507
1739917883.9806,2025-02-18 14:31:23.980,3,false,0.443726,-0.305969,0.582275,0.608643,0.867689,-0.435798,-0.136599,-0.045634,0.001831,0.055019
1739917884.0119,2025-02-18 14:31:24.011,4,false,0.443641,-0.306091,0.582275,0.608643,0.87599,-0.441657,-0.136599,-0.045648,0.001807,0.055121
1739917884.0431,2025-02-18 14:31:24.043,5,false,0.443767,-0.306152,0.582275,0.608521,0.87599,-0.441657,-0.136599,-0.045661,0.001785,0.055212
1739917884.0744,2025-02-18 14:31:24.074,6,false,0.443522,-0.306396,0.582397,0.608459,0.885267,-0.439216,-0.133181,-0.045685,0.001753,0.055184
1739917884.1056,2025-02-18 14:31:24.105,7,false,0.443395,-0.30658,0.582397,0.608459,0.883314,-0.428473,-0.133669,-0.045731,0.001724,0.055195
1739917884.1369,2025-02-18 14:31:24.136,8,false,0.443146,-0.306824,0.582458,0.608459,0.883314,-0.428473,-0.133669,-0.04576,0.001649,0.055132
1739917884.1681,2025-02-18 14:31:24.168,9,false,0.443107,-0.306885,0.58252,0.608398,0.883314,-0.428473,-0.133669,-0.045786,0.001582,0.055076
1739917884.1994,2025-02-18 14:31:24.199,10,false,0.443104,-0.306885,0.582458,0.608459,0.878431,-0.440192,-0.127321,-0.045712,0.001643,0.055086
1739917884.2306,2025-02-18 14:31:24.230,11,false,0.443137,-0.307068,0.582336,0.608459,0.87306,-0.438727,-0.133181,-0.045682,0.001735,0.055095
1739917884.2619,2025-02-18 14:31:24.261,12,false,0.44314,-0.30719,0.582397,0.608337,0.87306,-0.438727,-0.133181,-0.045655,0.001818,0.055103
1739917884.2931,2025-02-18 14:31:24.293,13,false,0.443144,-0.30719,0.582458,0.608276,0.868666,-0.438727,-0.129274,-0.04563,0.001893,0.055074
1739917884.3244,2025-02-18 14:31:24.324,14,false,0.44327,-0.307129,0.582458,0.608215,0.882338,-0.430915,-0.13611,-0.045608,0.001923,0.055084
1739917884.3556,2025-02-18 14:31:24.355,15,false,0.443311,-0.30719,0.582458,0.608154,0.882338,-0.430915,-0.13611,-0.045625,0.001865,0.055203
1739917884.3869,2025-02-18 14:31:24.386,16,false,0.443185,-0.307251,0.582458,0.608215,0.883314,-0.438239,-0.134157,-0.045701,0.001935,0.055225
1739917884.4181,2025-02-18 14:31:24.418,17,false,0.443093,-0.307373,0.582336,0.608337,0.882338,-0.422614,-0.129274,-0.04566,0.001949,0.055196
1739917884.4494,2025-02-18 14:31:24.449,18,false,0.44309,-0.307373,0.582275,0.608398,0.882338,-0.422614,-0.129274,-0.045623,0.001962,0.055169
1739917884.4806,2025-02-18 14:31:24.480,19,false,0.443224,-0.30719,0.582397,0.608276,0.875013,-0.457771,-0.136599,-0.045724,0.001924,0.055133
1739917884.5119,2025-02-18 14:31:24.511,20,false,0.443522,-0.306885,0.582458,0.608154,0.880385,-0.437263,-0.134646,-0.045741,0.001878,0.055174
1739917884.5431,2025-02-18 14:31:24.543,21,false,0.44309,-0.307373,0.582275,0.608398,0.883314,-0.438239,-0.134157,-0.045672,0.001947,0.055285
1739917884.5744,2025-02-18 14:31:24.574,22,false,0.443607,-0.306763,0.582458,0.608154,0.87892,-0.428473,-0.140993,-0.045658,0.001838,0.055249
1739917884.6056,2025-02-18 14:31:24.605,23,false,0.443726,-0.306702,0.582336,0.608215,0.884779,-0.439216,-0.130251,-0.045584,0.001861,0.05534
1739917884.6369,2025-02-18 14:31:24.636,24,false,0.443802,-0.306702,0.582214,0.608276,0.872084,-0.432868,-0.137575,-0.045604,0.00187,0.055262
1739917884.6681,2025-02-18 14:31:24.668,25,false,0.443757,-0.306641,0.582153,0.608398,0.872084,-0.432868,-0.137575,-0.045621,0.001879,0.055193
1739917884.6994,2025-02-18 14:31:24.699,26,false,0.443878,-0.306824,0.582092,0.608276,0.879408,-0.43238,-0.139528,-0.045612,0.001801,0.055167
1739917884.7306,2025-02-18 14:31:24.730,27,false,0.444,-0.306763,0.582031,0.608276,0.885267,-0.439704,-0.129763,-0.045604,0.001828,0.055204
1739917884.7619,2025-02-18 14:31:24.761,28,false,0.443997,-0.306763,0.58197,0.608337,0.885267,-0.439704,-0.129763,-0.045597,0.001853,0.055238
1739917884.7931,2025-02-18 14:31:24.793,29,false,0.444198,-0.306824,0.581848,0.608276,0.880873,-0.428473,-0.142947,-0.045615,0.001887,0.055232
1739917884.8244,2025-02-18 14:31:24.824,30,false,0.44424,-0.306763,0.581848,0.608276,0.880385,-0.439216,-0.131228,-0.045497,0.001833,0.055129
1739917884.8556,2025-02-18 14:31:24.855,31,false,0.444079,-0.306885,0.58197,0.608215,0.880385,-0.439216,-0.131228,-0.045391,0.001784,0.055036
1739917884.8869,2025-02-18 14:31:24.886,0,false,0.444159,-0.306885,0.581909,0.608215,0.87892,-0.437263,-0.133669,-0.045344,0.001691,0.055062
1739917884.9181,2025-02-18 14:31:24.918,1,false,0.443874,-0.306824,0.582031,0.608337,0.876478,-0.434821,-0.140017,-0.045338,0.001668,0.055049
1739917884.9494,2025-02-18 14:31:24.949,2,false,0.44392,-0.306763,0.582092,0.608276,0.887709,-0.435309,-0.13904,-0.045297,0.001709,0.055013
1739917884.9806,2025-02-18 14:31:24.980,3,false,0.443879,-0.306702,0.582092,0.608337,0.886244,-0.440681,-0.126833,-0.04543,0.001733,0.055054
1739917885.0119,2025-02-18 14:31:25.011,4,false,0.443834,-0.306641,0.582031,0.608459,0.87599,-0.446052,-0.137087,-0.045392,0.001719,0.055127
1739917885.0431,2025-02-18 14:31:25.043,5,false,0.443879,-0.30658,0.582092,0.608398,0.87599,-0.446052,-0.137087,-0.045381,0.001693,0.055083
1739917885.0744,2025-02-18 14:31:25.074,6,false,0.443959,-0.30658,0.582031,0.608398,0.881361,-0.427985,-0.135622,-0.045445,0.001744,0.055154
1739917885.1056,2025-02-18 14:31:25.105,7,false,0.444085,-0.306519,0.582031,0.608337,0.886244,-0.435798,-0.131228,-0.045515,0.001716,0.055107
1739917885.1369,2025-02-18 14:31:25.136,8,false,0.444092,-0.306519,0.582153,0.608215,0.886244,-0.435798,-0.131228,-0.045578,0.001691,0.055065
1739917885.1681,2025-02-18 14:31:25.168,9,false,0.444054,-0.306458,0.582214,0.608215,0.87306,-0.429938,-0.120485,-0.045561,0.001717,0.054979
1739917885.1994,2025-02-18 14:31:25.199,10,false,0.443899,-0.306213,0.582397,0.608276,0.880873,-0.427985,-0.132204,-0.04551,0.00168,0.055023
1739917885.2306,2025-02-18 14:31:25.230,11,false,0.443778,-0.30603,0.582458,0.608398,0.880873,-0.427985,-0.132204,-0.045439,0.001646,0.055038
1739917885.2619,2025-02-18 14:31:25.261,12,false,0.443619,-0.305786,0.582581,0.608521,0.869154,-0.448493,-0.142947,-0.045485,0.001591,0.055125
1739917885.2931,2025-02-18 14:31:25.293,13,false,0.443899,-0.306213,0.582397,0.608276,0.869154,-0.448493,-0.142947,-0.045526,0.001542,0.055204
1739917885.3244,2025-02-18 14:31:25.324,14,false,0.443658,-0.305603,0.58252,0.608643,0.885756,-0.44654,-0.142947,-0.045588,0.001498,0.055213
1739917885.3556,2025-02-18 14:31:25.355,15,false,0.443578,-0.305359,0.582581,0.608765,0.886732,-0.434821,-0.128786,-0.045668,0.001568,0.055295
1739917885.3869,2025-02-18 14:31:25.386,16,false,0.443498,-0.305115,0.582642,0.608887,0.886732,-0.434821,-0.128786,-0.04574,0.001631,0.055369
1739917885.4181,2025-02-18 14:31:25.418,17,false,0.443537,-0.305054,0.582581,0.608948,0.887709,-0.439704,-0.139528,-0.045658,0.001675,0.055447
1739917885.4494,2025-02-18 14:31:25.449,18,false,0.443579,-0.304993,0.582581,0.608948,0.881849,-0.451911,-0.138552,-0.045646,0.001715,0.055493
1739917885.4806,2025-02-18 14:31:25.480,19,false,0.443544,-0.30481,0.582703,0.608948,0.881849,-0.451911,-0.138552,-0.045634,0.001751,0.055535
1739917885.5119,2025-02-18 14:31:25.511,20,false,0.443796,-0.304688,0.582703,0.608826,0.895033,-0.444099,-0.134157,-0.045575,0.001735,0.055438
1739917885.5431,2025-02-18 14:31:25.543,21,false,0.443757,-0.304626,0.582764,0.608826,0.883314,-0.438727,-0.144411,-0.045718,0.001659,0.055436
1739917885.5744,2025-02-18 14:31:25.574,22,false,0.443963,-0.304565,0.582703,0.608765,0.883314,-0.438727,-0.144411,-0.045785,0.001591,0.055227
1739917885.6056,2025-02-18 14:31:25.605,23,false,0.443674,-0.304504,0.582764,0.608948,0.883803,-0.441657,-0.135134,-0.045674,0.001602,0.055149
1739917885.6369,2025-02-18 14:31:25.636,24,false,0.443757,-0.304626,0.582764,0.608826,0.883314,-0.442634,-0.129763,-0.045635,0.001528,0.055188
1739917885.6681,2025-02-18 14:31:25.668,25,false,0.443754,-0.304749,0.582703,0.608826,0.883314,-0.442634,-0.129763,-0.045613,0.001534,0.055065
1739917885.6994,2025-02-18 14:31:25.699,26,false,0.443959,-0.304443,0.582642,0.608887,0.883314,-0.442634,-0.129763,-0.045593,0.001539,0.054954
1739917885.7306,2025-02-18 14:31:25.730,27,false,0.443876,-0.304443,0.582642,0.608948,0.874037,-0.442145,-0.140993,-0.045636,0.001641,0.055001
1739917885.7619,2025-02-18 14:31:25.761,28,false,0.443754,-0.304504,0.582703,0.608948,0.880873,-0.436774,-0.138552,-0.045491,0.001514,0.055104
1739917885.7931,2025-02-18 14:31:25.793,29,false,0.443792,-0.304565,0.582642,0.608948,0.880873,-0.436774,-0.138552,-0.045361,0.001399,0.055197
1739917885.8244,2025-02-18 14:31:25.824,30,false,0.44383,-0.304626,0.582581,0.608948,0.885756,-0.451423,-0.130739,-0.045244,0.001393,0.055195
1739917885.8556,2025-02-18 14:31:25.855,31,false,0.443826,-0.304749,0.58252,0.608948,0.884291,-0.445075,-0.137087,-0.045383,0.001413,0.055132
1739917885.8869,2025-02-18 14:31:25.886,0,false,0.443868,-0.304932,0.58252,0.608826,0.884291,-0.445075,-0.137087,-0.045337,0.00154,0.055112
1739917885.9181,2025-02-18 14:31:25.918,1,false,0.443826,-0.305115,0.58252,0.608765,0.879896,-0.435309,-0.135622,-0.045381,0.001484,0.055204
1739917885.9494,2025-02-18 14:31:25.949,2,false,0.443826,-0.305115,0.58252,0.608765,0.87892,-0.440681,-0.145388,-0.04542,0.001494,0.055079
1739917885.9806,2025-02-18 14:31:25.980,3,false,0.443788,-0.305054,0.582581,0.608765,0.87892,-0.440681,-0.145388,-0.045529,0.001638,0.055101
1739917886.0119,2025-02-18 14:31:26.011,4,false,0.443575,-0.304993,0.58252,0.609009,0.876967,-0.44947,-0.120974,-0.045578,0.001547,0.055133
1739917886.0431,2025-02-18 14:31:26.043,5,false,0.443575,-0.304871,0.58252,0.60907,0.879408,-0.440192,-0.134646,-0.045501,0.001588,0.055137
1739917886.0744,2025-02-18 14:31:26.074,6,false,0.443788,-0.305054,0.582581,0.608765,0.879896,-0.435309,-0.135622,-0.045504,0.001698,0.055117
1739917886.1056,2025-02-18 14:31:26.105,7,false,0.443488,-0.304871,0.582458,0.609192,0.880873,-0.453376,-0.140017,-0.045543,0.001613,0.055135
1739917886.1369,2025-02-18 14:31:26.136,8,false,0.443571,-0.304749,0.582458,0.609192,0.887221,-0.44947,-0.143435,-0.04553,0.001647,0.055164
1739917886.1681,2025-02-18 14:31:26.168,9,false,0.443655,-0.304626,0.582458,0.609192,0.864271,-0.450935,-0.138064,-0.045518,0.001556,0.055189
1739917886.1994,2025-02-18 14:31:26.199,10,false,0.443732,-0.304504,0.582336,0.609314,0.864271,-0.450935,-0.138064,-0.045507,0.001473,0.055212
1739917886.2306,2025-02-18 14:31:26.230,11,false,0.443777,-0.304321,0.582397,0.609314,0.881361,-0.443122,-0.131716,-0.045449,0.001473,0.055136
1739917886.2619,2025-02-18 14:31:26.261,12,false,0.443819,-0.30426,0.582397,0.609314,0.883803,-0.449958,-0.137575,-0.045409,0.001545,0.05514
1739917886.2931,2025-02-18 14:31:26.293,13,false,0.443903,-0.304016,0.582397,0.609375,0.883803,-0.449958,-0.137575,-0.045372,0.00161,0.055143
1739917886.3244,2025-02-18 14:31:26.324,14,false,0.443891,-0.304016,0.582214,0.609558,0.882826,-0.44361,-0.137087,-0.045474,0.001608,0.05511
1739917886.3556,2025-02-18 14:31:26.355,15,false,0.443975,-0.303894,0.582214,0.609558,0.877943,-0.442145,-0.129763,-0.045504,0.001606,0.055117
1739917886.3869,2025-02-18 14:31:26.386,16,false,0.444054,-0.30365,0.582153,0.60968,0.877943,-0.442145,-0.129763,-0.045544,0.001592,0.055013
1739917886.4181,2025-02-18 14:31:26.418,17,false,0.4441,-0.303589,0.582214,0.609619,0.889662,-0.444099,-0.148806,-0.045542,0.001603,0.054956
1739917886.4494,2025-02-18 14:31:26.449,18,false,0.444225,-0.303406,0.582214,0.609619,0.876478,-0.444099,-0.140993,-0.045639,0.001651,0.05499
1739917886.4806,2025-02-18 14:31:26.480,19,false,0.444061,-0.303406,0.582275,0.60968,0.881361,-0.444587,-0.130739,-0.045726,0.001632,0.05496
1739917886.5119,2025-02-18 14:31:26.511,20,false,0.443935,-0.303345,0.582275,0.609802,0.874525,-0.437263,-0.140017,-0.045744,0.001579,0.054994
1739917886.5431,2025-02-18 14:31:26.543,21,false,0.443897,-0.303284,0.582336,0.609802,0.881361,-0.439216,-0.129763,-0.045649,0.001494,0.05489
1739917886.5744,2025-02-18 14:31:26.574,22,false,0.443779,-0.303345,0.582458,0.609741,0.881361,-0.439216,-0.129763,-0.045564,0.001418,0.054797
1739917886.6056,2025-02-18 14:31:26.605,23,false,0.443852,-0.303467,0.582275,0.609802,0.879408,-0.437263,-0.143923,-0.045561,0.001423,0.0547
1739917886.6369,2025-02-18 14:31:26.636,24,false,0.443932,-0.303467,0.582214,0.609802,0.882826,-0.449958,-0.130739,-0.045546,0.001378,0.054711
1739917886.6681,2025-02-18 14:31:26.668,25,false,0.444134,-0.303528,0.582092,0.609741,0.882826,-0.449958,-0.130739,-0.04563,0.001338,0.054721
1739917886.6994,2025-02-18 14:31:26.699,26,false,0.444378,-0.30365,0.58197,0.609619,0.881849,-0.435309,-0.142458,-0.045645,0.001338,0.054645
1739917886.7306,2025-02-18 14:31:26.730,27,false,0.444424,-0.303833,0.582031,0.609436,0.87306,-0.440681,-0.140017,-0.045622,0.0014,0.054759
1739917886.7619,2025-02-18 14:31:26.761,28,false,0.44447,-0.303894,0.582092,0.609314,0.87306,-0.440681,-0.140017,-0.0456,0.001455,0.054862
1739917886.7931,2025-02-18 14:31:26.793,29,false,0.444306,-0.304016,0.582153,0.609314,0.872572,-0.433845,-0.140017,-0.045655,0.001542,0.054869
1739917886.8244,2025-02-18 14:31:26.824,30,false,0.444264,-0.303955,0.582153,0.609375,0.89308,-0.430915,-0.135622,-0.04563,0.001461,0.054802
1739917886.8556,2025-02-18 14:31:26.855,31,false,0.44447,-0.303894,0.582092,0.609314,0.881849,-0.435309,-0.142458,-0.045535,0.001547,0.054852
1739917886.8869,2025-02-18 14:31:26.886,0,false,0.444139,-0.304016,0.582153,0.609436,0.881849,-0.42945,-0.135622,-0.045449,0.001624,0.054896
1739917886.9181,2025-02-18 14:31:26.918,1,false,0.444139,-0.303894,0.582153,0.609497,0.884291,-0.446052,-0.132204,-0.045397,0.001571,0.054998
1739917886.9494,2025-02-18 14:31:26.949,2,false,0.444181,-0.303955,0.582153,0.609436,0.888685,-0.439704,-0.129763,-0.045337,0.001487,0.055077
1739917886.9806,2025-02-18 14:31:26.980,3,false,0.44407,-0.303894,0.582397,0.609314,0.888685,-0.439704,-0.129763,-0.045284,0.001412,0.055148
1739917887.0119,2025-02-18 14:31:27.011,4,false,0.444028,-0.303833,0.582397,0.609375,0.869642,-0.436286,-0.131228,-0.045345,0.001503,0.055187
1739917887.0431,2025-02-18 14:31:27.043,5,false,0.444066,-0.303894,0.582336,0.609375,0.875013,-0.448493,-0.132692,-0.045388,0.00145,0.055247
1739917887.0744,2025-02-18 14:31:27.074,6,false,0.444146,-0.303894,0.582275,0.609375,0.875013,-0.448493,-0.132692,-0.045464,0.001537,0.055191
1739917887.1056,2025-02-18 14:31:27.105,7,false,0.443986,-0.303894,0.582397,0.609375,0.879408,-0.437263,-0.144411,-0.045495,0.001518,0.055092
1739917887.1369,2025-02-18 14:31:27.136,8,false,0.443906,-0.303894,0.582458,0.609375,0.87306,-0.441169,-0.14197,-0.045523,0.001586,0.055003
1739917887.1681,2025-02-18 14:31:27.168,9,false,0.443906,-0.303894,0.582458,0.609375,0.87306,-0.441169,-0.14197,-0.045585,0.001573,0.055057
1739917887.1994,2025-02-18 14:31:27.199,10,false,0.443781,-0.303955,0.582458,0.609436,0.87306,-0.441169,-0.14197,-0.045641,0.001563,0.055105
1739917887.2306,2025-02-18 14:31:27.230,11,false,0.443823,-0.304016,0.582458,0.609375,0.878431,-0.440681,-0.138064,-0.04563,0.001516,0.055039
1739917887.2619,2025-02-18 14:31:27.261,12,false,0.443781,-0.304077,0.582458,0.609375,0.89015,-0.452888,-0.134646,-0.045669,0.001523,0.055078
1739917887.2931,2025-02-18 14:31:27.293,13,false,0.443746,-0.304016,0.582581,0.609314,0.89015,-0.452888,-0.134646,-0.045656,0.001603,0.055161
1739917887.3244,2025-02-18 14:31:27.324,14,false,0.443582,-0.304016,0.582642,0.609375,0.876478,-0.431403,-0.134157,-0.045619,0.00165,0.055321
1739917887.3556,2025-02-18 14:31:27.355,15,false,0.44362,-0.303955,0.582581,0.609436,0.875013,-0.443122,-0.135134,-0.045647,0.001656,0.055319
1739917887.3869,2025-02-18 14:31:27.386,16,false,0.443411,-0.304016,0.582581,0.609558,0.875013,-0.443122,-0.135134,-0.045672,0.001661,0.055317
1739917887.4181,2025-02-18 14:31:27.418,17,false,0.443445,-0.304077,0.582458,0.609619,0.878431,-0.442634,-0.128298,-0.045597,0.001764,0.055376
1739917887.4494,2025-02-18 14:31:27.449,18,false,0.443438,-0.304199,0.582336,0.60968,0.871595,-0.451911,-0.141482,-0.045652,0.001734,0.055283
1739917887.4806,2025-02-18 14:31:27.480,19,false,0.44356,-0.304138,0.582275,0.60968,0.871595,-0.451911,-0.141482,-0.045701,0.001707,0.055199
1739917887.5119,2025-02-18 14:31:27.511,20,false,0.443678,-0.304199,0.582153,0.60968,0.87892,-0.433356,-0.140993,-0.045721,0.001768,0.055148
1739917887.5431,2025-02-18 14:31:27.543,21,false,0.443846,-0.304321,0.582153,0.609497,0.880873,-0.439216,-0.138064,-0.04569,0.001665,0.05509
1739917887.5744,2025-02-18 14:31:27.574,22,false,0.44377,-0.304199,0.582275,0.609497,0.880873,-0.439216,-0.138064,-0.045662,0.001571,0.055037
1739917887.6056,2025-02-18 14:31:27.605,23,false,0.443678,-0.304199,0.582153,0.60968,0.883314,-0.436286,-0.126345,-0.045734,0.001549,0.055076
1739917887.6369,2025-02-18 14:31:27.636,24,false,0.443724,-0.304138,0.582214,0.609619,0.883314,-0.436286,-0.126345,-0.0458,0.001528,0.05511
1739917887.6681,2025-02-18 14:31:27.668,25,false,0.443591,-0.304199,0.582092,0.609802,0.894545,-0.431891,-0.134157,-0.045822,0.001412,0.055056
1739917887.6994,2025-02-18 14:31:27.699,26,false,0.443381,-0.304138,0.582092,0.609985,0.870619,-0.451423,-0.140505,-0.045842,0.00149,0.055068
1739917887.7306,2025-02-18 14:31:27.730,27,false,0.4433,-0.304016,0.582153,0.610046,0.870619,-0.451423,-0.140505,-0.04586,0.001561,0.055079
1739917887.7619,2025-02-18 14:31:27.761,28,false,0.443434,-0.303955,0.582275,0.609863,0.885267,-0.436286,-0.145388,-0.045766,0.001551,0.055162
1739917887.7931,2025-02-18 14:31:27.793,29,false,0.443354,-0.303955,0.582336,0.609863,0.884291,-0.435309,-0.146365,-0.04584,0.001628,0.055114
1739917887.8244,2025-02-18 14:31:27.824,30,false,0.44343,-0.303955,0.582214,0.609924,0.884291,-0.435309,-0.146365,-0.045907,0.001697,0.055072
1739917887.8556,2025-02-18 14:31:27.855,31,false,0.443506,-0.304077,0.582092,0.609924,0.872084,-0.438727,-0.137575,-0.045931,0.001674,0.055033
1739917887.8869,2025-02-18 14:31:27.886,0,false,0.443507,-0.304321,0.582092,0.609802,0.876967,-0.445075,-0.130251,-0.04605,0.001678,0.05506
1739917887.9181,2025-02-18 14:31:27.918,1,false,0.443518,-0.304321,0.582275,0.609619,0.876967,-0.445075,-0.130251,-0.046157,0.001681,0.055084
1739917887.9494,2025-02-18 14:31:27.949,2,false,0.443518,-0.304443,0.582275,0.609558,0.877455,-0.437751,-0.143923,-0.046204,0.001671,0.055093
1739917887.9806,2025-02-18 14:31:27.980,3,false,0.443728,-0.304626,0.582275,0.609314,0.888197,-0.44361,-0.138064,-0.046162,0.001638,0.055065
1739917888.0119,2025-02-18 14:31:28.011,4,false,0.443865,-0.304688,0.582458,0.609009,0.869154,-0.448981,-0.129274,-0.04605,0.00167,0.055039
1739917888.0431,2025-02-18 14:31:28.043,5,false,0.443948,-0.304688,0.582458,0.608948,0.893568,-0.435798,-0.129274,-0.045998,0.001674,0.055004
1739917888.0744,2025-02-18 14:31:28.074,6,false,0.443945,-0.30481,0.582397,0.608948,0.887221,-0.441169,-0.131228,-0.045939,0.001702,0.054924
1739917888.1056,2025-02-18 14:31:28.105,7,false,0.443819,-0.304993,0.582397,0.608948,0.887221,-0.441169,-0.131228,-0.045984,0.00169,0.054913
1739917888.1369,2025-02-18 14:31:28.136,8,false,0.443819,-0.304993,0.582397,0.608948,0.883803,-0.438727,-0.131228,-0.045915,0.001692,0.054829
1739917888.1681,2025-02-18 14:31:28.168,9,false,0.443872,-0.304932,0.582581,0.608765,0.890639,-0.432868,-0.129763,-0.045877,0.001633,0.054839
1739917888.1994,2025-02-18 14:31:28.199,10,false,0.443872,-0.304932,0.582581,0.608765,0.890639,-0.432868,-0.129763,-0.045842,0.001579,0.054849
1739917888.2306,2025-02-18 14:31:28.230,11,false,0.443913,-0.305115,0.582581,0.608643,0.882826,-0.440681,-0.13611,-0.045848,0.001629,0.054979
1739917888.2619,2025-02-18 14:31:28.261,12,false,0.444032,-0.305176,0.582458,0.608643,0.875502,-0.432868,-0.131228,-0.045768,0.001722,0.05506
1739917888.2931,2025-02-18 14:31:28.293,13,false,0.44399,-0.305237,0.582458,0.608643,0.875502,-0.432868,-0.131228,-0.045695,0.001807,0.055133
1739917888.3244,2025-02-18 14:31:28.324,14,false,0.444069,-0.305359,0.582397,0.608582,0.882826,-0.422126,-0.137575,-0.045716,0.001711,0.055149
1739917888.3556,2025-02-18 14:31:28.355,15,false,0.444279,-0.305298,0.582397,0.608459,0.879408,-0.439216,-0.13611,-0.045795,0.001772,0.055128
1739917888.3869,2025-02-18 14:31:28.386,16,false,0.44399,-0.305237,0.582458,0.608643,0.882826,-0.440681,-0.13611,-0.045683,0.001827,0.055145
1739917888.4181,2025-02-18 14:31:28.418,17,false,0.444275,-0.30542,0.582336,0.608459,0.879896,-0.426032,-0.130739,-0.045583,0.001876,0.05516
1739917888.4494,2025-02-18 14:31:28.449,18,false,0.44416,-0.305359,0.58252,0.608398,0.879896,-0.430426,-0.133669,-0.045566,0.001884,0.055223
1739917888.4806,2025-02-18 14:31:28.480,19,false,0.444035,-0.305298,0.58252,0.608521,0.885756,-0.440681,-0.132204,-0.045672,0.001915,0.055218
1739917888.5119,2025-02-18 14:31:28.511,20,false,0.443913,-0.305115,0.582581,0.608643,0.885756,-0.440681,-0.132204,-0.045634,0.001992,0.05519
1739917888.5431,2025-02-18 14:31:28.543,21,false,0.443871,-0.305176,0.582581,0.608643,0.884291,-0.430915,-0.140993,-0.045538,0.001878,0.055164
1739917888.5744,2025-02-18 14:31:28.574,22,false,0.443921,-0.305115,0.582703,0.608521,0.883803,-0.446052,-0.133181,-0.045404,0.002008,0.055165
1739917888.6056,2025-02-18 14:31:28.605,23,false,0.443921,-0.305115,0.582703,0.608521,0.883803,-0.446052,-0.133181,-0.045282,0.002125,0.055166
1739917888.6369,2025-02-18 14:31:28.636,24,false,0.44384,-0.305115,0.582764,0.608521,0.885267,-0.444587,-0.132204,-0.045258,0.002107,0.055106
1739917888.6681,2025-02-18 14:31:28.668,25,false,0.443959,-0.305176,0.582642,0.608521,0.888197,-0.445075,-0.13611,-0.045323,0.002165,0.054979
1739917888.6994,2025-02-18 14:31:28.699,26,false,0.443833,-0.305237,0.582642,0.608582,0.888197,-0.445075,-0.13611,-0.045344,0.002217,0.055096
1739917888.7306,2025-02-18 14:31:28.730,27,false,0.444,-0.305237,0.582642,0.608459,0.892592,-0.437751,-0.143435,-0.045411,0.002191,0.055129
1739917888.7619,2025-02-18 14:31:28.761,28,false,0.444156,-0.305481,0.582458,0.608398,0.877943,-0.432868,-0.134646,-0.045472,0.002106,0.055244
1739917888.7931,2025-02-18 14:31:28.793,29,false,0.444076,-0.305481,0.58252,0.608398,0.891127,-0.440681,-0.13904,-0.045478,0.001944,0.055212
1739917888.8244,2025-02-18 14:31:28.824,30,false,0.444073,-0.305481,0.582458,0.608459,0.882826,-0.434821,-0.133181,-0.04552,0.001982,0.055136
1739917888.8556,2025-02-18 14:31:28.855,31,false,0.444069,-0.305603,0.582397,0.608459,0.871107,-0.437263,-0.133669,-0.045546,0.002101,0.055164
1739917888.8869,2025-02-18 14:31:28.886,0,false,0.44403,-0.305664,0.582458,0.608398,0.871107,-0.437263,-0.133669,-0.045569,0.002208,0.05519
1739917888.9181,2025-02-18 14:31:28.918,1,false,0.444069,-0.305603,0.582397,0.608459,0.882826,-0.441657,-0.132204,-0.04559,0.002122,0.055152
1739917888.9494,2025-02-18 14:31:28.949,2,false,0.444148,-0.305847,0.582336,0.608337,0.881849,-0.44361,-0.127321,-0.045535,0.002288,0.055154
1739917888.9806,2025-02-18 14:31:28.980,3,false,0.444106,-0.305786,0.582336,0.608398,0.881849,-0.44361,-0.127321,-0.045486,0.002279,0.055157
1739917889.0119,2025-02-18 14:31:29.011,4,false,0.444106,-0.305786,0.582336,0.608398,0.891615,-0.437751,-0.128786,-0.045576,0.002124,0.055183
1739917889.0431,2025-02-18 14:31:29.043,5,false,0.444148,-0.305847,0.582336,0.608337,0.879896,-0.438239,-0.129274,-0.045413,0.002022,0.055134
1739917889.0744,2025-02-18 14:31:29.074,6,false,0.444186,-0.305786,0.582275,0.608398,0.879896,-0.438239,-0.129274,-0.045267,0.001929,0.055089
1739917889.1056,2025-02-18 14:31:29.105,7,false,0.444144,-0.305847,0.582275,0.608398,0.885267,-0.424079,-0.142458,-0.045293,0.001822,0.055049
1739917889.1369,2025-02-18 14:31:29.136,8,false,0.44443,-0.305786,0.582153,0.608337,0.883803,-0.419196,-0.146365,-0.045256,0.001872,0.055135
1739917889.1681,2025-02-18 14:31:29.168,9,false,0.444186,-0.305786,0.582275,0.608398,0.891615,-0.437751,-0.128786,-0.045125,0.001831,0.055115
1739917889.1994,2025-02-18 14:31:29.199,10,false,0.444471,-0.305847,0.582153,0.608276,0.881849,-0.439704,-0.128298,-0.045007,0.001794,0.055096
1739917889.2306,2025-02-18 14:31:29.230,11,false,0.444391,-0.305969,0.582214,0.608215,0.899916,-0.439704,-0.134157,-0.045084,0.001627,0.055166
1739917889.2619,2025-02-18 14:31:29.261,12,false,0.444345,-0.30603,0.582153,0.608276,0.881361,-0.436774,-0.133669,-0.045166,0.001757,0.055203
1739917889.2931,2025-02-18 14:31:29.293,13,false,0.444304,-0.305969,0.582153,0.608337,0.881361,-0.436774,-0.133669,-0.045239,0.001875,0.055237
1739917889.3244,2025-02-18 14:31:29.324,14,false,0.444141,-0.305847,0.582214,0.608459,0.886244,-0.433845,-0.125856,-0.04533,0.001956,0.055268
1739917889.3556,2025-02-18 14:31:29.355,15,false,0.444349,-0.305908,0.582214,0.608276,0.885756,-0.441169,-0.120485,-0.045448,0.001992,0.055271
1739917889.3869,2025-02-18 14:31:29.386,16,false,0.444395,-0.305847,0.582275,0.608215,0.885756,-0.441169,-0.120485,-0.045505,0.00211,0.0552
1739917889.4181,2025-02-18 14:31:29.418,17,false,0.444399,-0.305847,0.582336,0.608154,0.874037,-0.433356,-0.136599,-0.045495,0.002217,0.055222
1739917889.4494,2025-02-18 14:31:29.449,18,false,0.444525,-0.305664,0.582336,0.608154,0.882826,-0.428473,-0.132204,-0.045426,0.002154,0.055364
1739917889.4806,2025-02-18 14:31:29.480,19,false,0.444559,-0.305725,0.582214,0.608215,0.882826,-0.428473,-0.132204,-0.045363,0.002097,0.055492
1739917889.5119,2025-02-18 14:31:29.511,20,false,0.44463,-0.306091,0.582031,0.608154,0.882826,-0.428473,-0.132204,-0.045405,0.002144,0.05557
1739917889.5431,2025-02-18 14:31:29.543,21,false,0.444665,-0.30603,0.581909,0.608276,0.87599,-0.433845,-0.126833,-0.045442,0.002186,0.05547
1739917889.5744,2025-02-18 14:31:29.574,22,false,0.444908,-0.30603,0.581787,0.608215,0.884291,-0.437263,-0.129763,-0.045317,0.002162,0.055526
1739917889.6056,2025-02-18 14:31:29.605,23,false,0.44495,-0.305969,0.581787,0.608215,0.884291,-0.437263,-0.129763,-0.045204,0.002141,0.055577
1739917889.6369,2025-02-18 14:31:29.636,24,false,0.444953,-0.306091,0.581848,0.608093,0.892592,-0.428473,-0.12195,-0.045225,0.002123,0.055598
1739917889.6681,2025-02-18 14:31:29.668,25,false,0.444835,-0.306152,0.58197,0.608032,0.896498,-0.437751,-0.138064,-0.045195,0.002118,0.055568
1739917889.6994,2025-02-18 14:31:29.699,26,false,0.444634,-0.306091,0.582092,0.608093,0.896498,-0.437751,-0.138064,-0.045216,0.002126,0.055492
1739917889.7306,2025-02-18 14:31:29.730,27,false,0.444596,-0.30603,0.582153,0.608093,0.876967,-0.427497,-0.133669,-0.045187,0.00206,0.055497
1739917889.7619,2025-02-18 14:31:29.761,28,false,0.444562,-0.305969,0.582275,0.608032,0.880385,-0.431891,-0.133181,-0.045209,0.002049,0.055367
1739917889.7931,2025-02-18 14:31:29.793,29,false,0.444607,-0.305908,0.582336,0.607971,0.880385,-0.431891,-0.133181,-0.045229,0.002039,0.055251
1739917889.8244,2025-02-18 14:31:29.824,30,false,0.444604,-0.305908,0.582275,0.608032,0.877943,-0.435309,-0.133669,-0.045174,0.002043,0.055378
1739917889.8556,2025-02-18 14:31:29.855,31,false,0.444725,-0.305847,0.582214,0.608032,0.891615,-0.436286,-0.132692,-0.045198,0.002058,0.055443
1739917889.8869,2025-02-18 14:31:29.886,0,false,0.444604,-0.305908,0.582275,0.608032,0.889662,-0.440681,-0.14197,-0.045268,0.002121,0.055428
1739917889.9181,2025-02-18 14:31:29.918,1,false,0.444604,-0.305908,0.582275,0.608032,0.885756,-0.432868,-0.133669,-0.045319,0.002129,0.055367
1739917889.9494,2025-02-18 14:31:29.949,2,false,0.444935,-0.305664,0.582214,0.607971,0.885756,-0.432868,-0.133669,-0.045365,0.002136,0.055311
1739917889.9806,2025-02-18 14:31:29.980,3,false,0.444977,-0.305603,0.582214,0.607971,0.884779,-0.434821,-0.137575,-0.045418,0.002191,0.055432
1739917890.0119,2025-02-18 14:31:30.011,4,false,0.445018,-0.305664,0.582214,0.60791,0.889174,-0.432868,-0.121462,-0.045491,0.002142,0.055443
1739917890.0431,2025-02-18 14:31:30.043,5,false,0.44506,-0.305603,0.582214,0.60791,0.889174,-0.432868,-0.121462,-0.045556,0.002099,0.055453
1739917890.0744,2025-02-18 14:31:30.074,6,false,0.444775,-0.305542,0.582336,0.608032,0.89015,-0.421637,-0.133181,-0.045554,0.002036,0.055438
1739917890.1056,2025-02-18 14:31:30.105,7,false,0.444775,-0.305542,0.582336,0.608032,0.876967,-0.449958,-0.137087,-0.045613,0.00204,0.055546
1739917890.1369,2025-02-18 14:31:30.136,8,false,0.444654,-0.305481,0.582397,0.608093,0.876967,-0.449958,-0.137087,-0.045666,0.002043,0.055643
1739917890.1681,2025-02-18 14:31:30.168,9,false,0.444574,-0.305481,0.582458,0.608093,0.885756,-0.43238,-0.135622,-0.045738,0.002059,0.055596
1739917890.1994,2025-02-18 14:31:30.199,10,false,0.444699,-0.305542,0.582458,0.607971,0.897475,-0.427497,-0.131716,-0.045864,0.002072,0.055432
1739917890.2306,2025-02-18 14:31:30.230,11,false,0.444824,-0.305481,0.582458,0.60791,0.897475,-0.427497,-0.131716,-0.045977,0.002085,0.055285
1739917890.2619,2025-02-18 14:31:30.261,12,false,0.444863,-0.30542,0.582397,0.607971,0.881849,-0.431403,-0.125856,-0.045884,0.001974,0.055237
1739917890.2931,2025-02-18 14:31:30.293,13,false,0.444539,-0.30542,0.582581,0.608032,0.87892,-0.442634,-0.136599,-0.04591,0.002009,0.055243
1739917890.3244,2025-02-18 14:31:30.324,14,false,0.44454,-0.305298,0.582581,0.608093,0.880873,-0.438727,-0.137575,-0.045921,0.001905,0.0552
1739917890.3556,2025-02-18 14:31:30.355,15,false,0.444582,-0.305115,0.582581,0.608154,0.887221,-0.420661,-0.131716,-0.045858,0.001886,0.05521
1739917890.3869,2025-02-18 14:31:30.386,16,false,0.444464,-0.305054,0.582703,0.608154,0.874525,-0.425055,-0.141482,-0.045813,0.001832,0.055231
1739917890.4181,2025-02-18 14:31:30.418,17,false,0.444384,-0.30481,0.582764,0.608276,0.874525,-0.425055,-0.141482,-0.045773,0.001783,0.05525
1739917890.4494,2025-02-18 14:31:30.449,18,false,0.444221,-0.304932,0.582825,0.608276,0.881849,-0.452888,-0.132204,-0.045847,0.001873,0.055255
1739917890.4806,2025-02-18 14:31:30.480,19,false,0.444168,-0.304993,0.582642,0.608459,0.880873,-0.43238,-0.148318,-0.045803,0.001881,0.055271
1739917890.5119,2025-02-18 14:31:30.511,20,false,0.44413,-0.304932,0.582703,0.608459,0.880873,-0.43238,-0.148318,-0.045764,0.001827,0.055323
1739917890.5431,2025-02-18 14:31:30.543,21,false,0.444054,-0.30481,0.582825,0.608459,0.883314,-0.448493,-0.135622,-0.045728,0.001803,0.055394
1739917890.5744,2025-02-18 14:31:30.574,22,false,0.443981,-0.304688,0.583008,0.608398,0.883314,-0.428962,-0.13904,-0.045807,0.001855,0.055323
1739917890.6056,2025-02-18 14:31:30.605,23,false,0.443901,-0.304565,0.583069,0.608459,0.883314,-0.428962,-0.13904,-0.045877,0.001901,0.05526
1739917890.6369,2025-02-18 14:31:30.636,24,false,0.443939,-0.304504,0.583008,0.608521,0.880873,-0.441657,-0.136599,-0.045842,0.001919,0.055288
1739917890.6681,2025-02-18 14:31:30.668,25,false,0.443852,-0.304382,0.582947,0.608704,0.884291,-0.439704,-0.13611,-0.045921,0.001983,0.055216
1739917890.6994,2025-02-18 14:31:30.699,26,false,0.443901,-0.304565,0.583069,0.608459,0.883314,-0.448493,-0.135622,-0.046029,0.001882,0.055297
1739917890.7306,2025-02-18 14:31:30.730,27,false,0.443817,-0.304321,0.583069,0.608643,0.880385,-0.439216,-0.132204,-0.046126,0.001914,0.055163
1739917890.7619,2025-02-18 14:31:30.761,28,false,0.443782,-0.304138,0.583191,0.608643,0.876967,-0.444587,-0.137575,-0.046091,0.001942,0.055128
1739917890.7931,2025-02-18 14:31:30.793,29,false,0.443866,-0.304138,0.583191,0.608582,0.888685,-0.426032,-0.143923,-0.045986,0.001821,0.055133
1739917890.8244,2025-02-18 14:31:30.824,30,false,0.443702,-0.30426,0.583252,0.608582,0.888685,-0.426032,-0.143923,-0.045892,0.001712,0.055137
1739917890.8556,2025-02-18 14:31:30.855,31,false,0.443622,-0.304138,0.583313,0.608643,0.879896,-0.433356,-0.131228,-0.045783,0.001761,0.055227
1739917890.8869,2025-02-18 14:31:30.886,0,false,0.443496,-0.304077,0.583313,0.608765,0.876967,-0.427985,-0.133669,-0.045868,0.001805,0.055222
1739917890.9181,2025-02-18 14:31:30.918,1,false,0.443419,-0.303833,0.583435,0.608826,0.876967,-0.427985,-0.133669,-0.045834,0.001856,0.055193
1739917890.9494,2025-02-18 14:31:30.949,2,false,0.443426,-0.303711,0.583557,0.608765,0.872084,-0.437751,-0.135134,-0.045841,0.001902,0.055167
1739917890.9806,2025-02-18 14:31:30.980,3,false,0.443467,-0.303528,0.583557,0.608826,0.884291,-0.431403,-0.137087,-0.04581,0.001981,0.055204
1739917891.0119,2025-02-18 14:31:31.011,4,false,0.44355,-0.303284,0.583557,0.608887,0.884291,-0.431403,-0.137087,-0.04577,0.001856,0.055287
1739917891.0431,2025-02-18 14:31:31.043,5,false,0.443585,-0.303223,0.583435,0.609009,0.882826,-0.439704,-0.137087,-0.045783,0.001902,0.055252
1739917891.0744,2025-02-18 14:31:31.074,6,false,0.443586,-0.303467,0.583435,0.608887,0.873549,-0.439704,-0.138552,-0.045807,0.001785,0.055244
1739917891.1056,2025-02-18 14:31:31.105,7,false,0.443495,-0.303589,0.583313,0.609009,0.877943,-0.445563,-0.137575,-0.045938,0.001717,0.055188
1739917891.1369,2025-02-18 14:31:31.136,8,false,0.44345,-0.30365,0.583252,0.60907,0.878431,-0.44361,-0.135622,-0.045946,0.001679,0.055248
1739917891.1681,2025-02-18 14:31:31.168,9,false,0.443534,-0.30365,0.583252,0.609009,0.895033,-0.447028,-0.146853,-0.045795,0.00167,0.055143
1739917891.1994,2025-02-18 14:31:31.199,10,false,0.443576,-0.303589,0.583252,0.609009,0.895033,-0.447028,-0.146853,-0.045659,0.001662,0.055049
1739917891.2306,2025-02-18 14:31:31.230,11,false,0.443579,-0.303589,0.583313,0.608948,0.883803,-0.442145,-0.143435,-0.045598,0.001569,0.055025
1739917891.2619,2025-02-18 14:31:31.261,12,false,0.443534,-0.30365,0.583252,0.609009,0.894057,-0.443122,-0.146853,-0.045542,0.001668,0.054943
1739917891.2931,2025-02-18 14:31:31.293,13,false,0.443492,-0.303589,0.583252,0.60907,0.894057,-0.443122,-0.146853,-0.045578,0.001611,0.054942
1739917891.3244,2025-02-18 14:31:31.324,14,false,0.443404,-0.303589,0.583191,0.609192,0.887221,-0.451423,-0.140505,-0.045525,0.001548,0.054929
1739917891.3556,2025-02-18 14:31:31.355,15,false,0.443446,-0.303406,0.583191,0.609253,0.884291,-0.434333,-0.122927,-0.045526,0.001662,0.054905
1739917891.3869,2025-02-18 14:31:31.386,16,false,0.443407,-0.303345,0.583252,0.609253,0.884291,-0.434333,-0.122927,-0.045526,0.001764,0.054883
1739917891.4181,2025-02-18 14:31:31.418,17,false,0.443285,-0.303284,0.583313,0.609314,0.87306,-0.454841,-0.12781,-0.045515,0.001844,0.054937
1739917891.4494,2025-02-18 14:31:31.449,18,false,0.443446,-0.303406,0.583191,0.609253,0.87306,-0.454841,-0.12781,-0.045602,0.001818,0.055046
1739917891.4806,2025-02-18 14:31:31.480,19,false,0.443327,-0.303223,0.583313,0.609314,0.87599,-0.436774,-0.141482,-0.04562,0.001795,0.055084
1739917891.5119,2025-02-18 14:31:31.511,20,false,0.44333,-0.303223,0.583374,0.609253,0.900893,-0.434333,-0.138064,-0.045501,0.001689,0.055117
1739917891.5431,2025-02-18 14:31:31.543,21,false,0.443369,-0.303284,0.583313,0.609253,0.900893,-0.434333,-0.138064,-0.045394,0.001593,0.055148
1739917891.5744,2025-02-18 14:31:31.574,22,false,0.443449,-0.303284,0.583252,0.609253,0.872572,-0.448981,-0.13904,-0.045384,0.001605,0.055285
1739917891.6056,2025-02-18 14:31:31.605,23,false,0.443526,-0.303284,0.58313,0.609314,0.869642,-0.442634,-0.1449,-0.045386,0.001664,0.055213
1739917891.6369,2025-02-18 14:31:31.636,24,false,0.443525,-0.303162,0.58313,0.609375,0.869642,-0.442634,-0.1449,-0.045389,0.001717,0.055148
1739917891.6681,2025-02-18 14:31:31.668,25,false,0.443361,-0.303162,0.583191,0.609436,0.884291,-0.442145,-0.134646,-0.045538,0.001753,0.055249
1739917891.6994,2025-02-18 14:31:31.699,26,false,0.443151,-0.303101,0.583191,0.609619,0.875502,-0.442634,-0.13904,-0.045488,0.001675,0.055205
1739917891.7306,2025-02-18 14:31:31.730,27,false,0.443196,-0.30304,0.583252,0.609558,0.875502,-0.442634,-0.13904,-0.045444,0.001606,0.055166
1739917891.7619,2025-02-18 14:31:31.761,28,false,0.443119,-0.302917,0.583374,0.609558,0.880873,-0.450446,-0.131228,-0.045477,0.001518,0.055167
1739917891.7931,2025-02-18 14:31:31.793,29,false,0.443087,-0.302734,0.583557,0.609497,0.87599,-0.448493,-0.145876,-0.045471,0.001464,0.055107
1739917891.8244,2025-02-18 14:31:31.824,30,false,0.442919,-0.302734,0.583557,0.609619,0.87599,-0.448493,-0.145876,-0.045465,0.001415,0.055053
1739917891.8556,2025-02-18 14:31:31.855,31,false,0.442923,-0.302734,0.583618,0.609558,0.87599,-0.448493,-0.145876,-0.045459,0.001371,0.055004
1739917891.8869,2025-02-18 14:31:31.886,0,false,0.442919,-0.302734,0.583557,0.609619,0.884779,-0.442145,-0.138552,-0.045528,0.001381,0.055094
1739917891.9181,2025-02-18 14:31:31.918,1,false,0.442878,-0.302795,0.583557,0.609619,0.883803,-0.456794,-0.132692,-0.045553,0.001462,0.055103
1739917891.9494,2025-02-18 14:31:31.949,2,false,0.442748,-0.302856,0.583496,0.609741,0.883803,-0.456794,-0.132692,-0.045575,0.001536,0.05511
1739917891.9806,2025-02-18 14:31:31.980,3,false,0.442787,-0.30304,0.583435,0.60968,0.87892,-0.442634,-0.142458,-0.045681,0.001541,0.055141
1739917892.0119,2025-02-18 14:31:32.011,4,false,0.442707,-0.303162,0.583496,0.609619,0.880873,-0.444587,-0.126833,-0.045727,0.001558,0.055035
1739917892.0431,2025-02-18 14:31:32.043,5,false,0.442581,-0.303101,0.583496,0.609741,0.880873,-0.444587,-0.126833,-0.045683,0.001549,0.055025
1739917892.0744,2025-02-18 14:31:32.074,6,false,0.442501,-0.303101,0.583557,0.609741,0.873549,-0.451911,-0.145388,-0.045668,0.001601,0.054991
1739917892.1056,2025-02-18 14:31:32.105,7,false,0.442416,-0.303101,0.583557,0.609802,0.875502,-0.448005,-0.14197,-0.045703,0.001575,0.05501
1739917892.1369,2025-02-18 14:31:32.136,8,false,0.442413,-0.303101,0.583496,0.609863,0.875502,-0.448005,-0.14197,-0.045735,0.001552,0.055026
1739917892.1681,2025-02-18 14:31:32.168,9,false,0.442255,-0.302979,0.583679,0.609863,0.872572,-0.441169,-0.139528,-0.045691,0.001568,0.055053
1739917892.1994,2025-02-18 14:31:32.199,10,false,0.442216,-0.302917,0.58374,0.609863,0.876967,-0.435798,-0.1449,-0.04565,0.001643,0.055017
1739917892.2306,2025-02-18 14:31:32.230,11,false,0.442413,-0.303101,0.583496,0.609863,0.873549,-0.451911,-0.145388,-0.045675,0.001625,0.055009
1739917892.2619,2025-02-18 14:31:32.261,12,false,0.442048,-0.302917,0.58374,0.609985,0.872084,-0.449958,-0.130251,-0.045698,0.001609,0.055001
1739917892.2931,2025-02-18 14:31:32.293,13,false,0.442048,-0.302917,0.58374,0.609985,0.887709,-0.452399,-0.137087,-0.045706,0.001705,0.055018
1739917892.3244,2025-02-18 14:31:32.324,14,false,0.442128,-0.302917,0.583679,0.609985,0.87013,-0.439216,-0.132204,-0.045713,0.001693,0.055034
1739917892.3556,2025-02-18 14:31:32.355,15,false,0.442461,-0.302795,0.583618,0.609863,0.87013,-0.439216,-0.132204,-0.045719,0.001682,0.055049
1739917892.3869,2025-02-18 14:31:32.386,16,false,0.442583,-0.302734,0.583557,0.609863,0.89015,-0.429938,-0.12488,-0.045798,0.001624,0.055037
1739917892.4181,2025-02-18 14:31:32.418,17,false,0.442587,-0.302734,0.583618,0.609802,0.876478,-0.42652,-0.135622,-0.045747,0.001669,0.055026
1739917892.4494,2025-02-18 14:31:32.449,18,false,0.442587,-0.302856,0.583618,0.609741,0.876478,-0.42652,-0.135622,-0.04575,0.001819,0.055005
1739917892.4806,2025-02-18 14:31:32.480,19,false,0.442581,-0.302979,0.583496,0.609802,0.886732,-0.442145,-0.138064,-0.045765,0.001992,0.054998
1739917892.5119,2025-02-18 14:31:32.511,20,false,0.442622,-0.302795,0.583496,0.609863,0.879896,-0.440192,-0.129274,-0.045693,0.00189,0.054918
1739917892.5431,2025-02-18 14:31:32.543,21,false,0.442576,-0.302734,0.583435,0.609985,0.879896,-0.440192,-0.129274,-0.045628,0.001799,0.054846
1739917892.5744,2025-02-18 14:31:32.574,22,false,0.442664,-0.302246,0.583557,0.610046,0.879896,-0.440192,-0.129274,-0.04557,0.001716,0.054781
1739917892.6056,2025-02-18 14:31:32.605,23,false,0.442787,-0.302185,0.583496,0.610046,0.884779,-0.436774,-0.137087,-0.045749,0.001679,0.054821
1739917892.6369,2025-02-18 14:31:32.636,24,false,0.442738,-0.302246,0.583374,0.610168,0.880873,-0.442145,-0.143435,-0.045642,0.001719,0.054893
1739917892.6681,2025-02-18 14:31:32.668,25,false,0.442695,-0.302185,0.583374,0.610229,0.880873,-0.442145,-0.143435,-0.045582,0.001864,0.054946
1739917892.6994,2025-02-18 14:31:32.699,26,false,0.442741,-0.302246,0.583435,0.610107,0.876967,-0.438239,-0.131228,-0.045492,0.001788,0.055042
1739917892.7306,2025-02-18 14:31:32.730,27,false,0.442787,-0.302307,0.583496,0.609985,0.880385,-0.454841,-0.129763,-0.045582,0.001682,0.055056
1739917892.7619,2025-02-18 14:31:32.761,28,false,0.442612,-0.302429,0.583374,0.610168,0.880385,-0.454841,-0.129763,-0.045662,0.001587,0.055068
1739917892.7931,2025-02-18 14:31:32.793,29,false,0.442566,-0.302368,0.583313,0.610291,0.876478,-0.44947,-0.133669,-0.045686,0.001636,0.055152
1739917892.8244,2025-02-18 14:31:32.824,30,false,0.44265,-0.302368,0.583313,0.610229,0.896498,-0.434821,-0.13904,-0.045646,0.00168,0.05513
1739917892.8556,2025-02-18 14:31:32.855,31,false,0.442619,-0.302307,0.583496,0.610107,0.896498,-0.434821,-0.13904,-0.045732,0.001658,0.055086
1739917892.8869,2025-02-18 14:31:32.886,0,false,0.442492,-0.302246,0.583496,0.610229,0.878431,-0.440681,-0.12781,-0.045737,0.001712,0.055156
1739917892.9181,2025-02-18 14:31:32.918,1,false,0.442282,-0.302307,0.583496,0.610352,0.871595,-0.439704,-0.123903,-0.045753,0.001627,0.055085
1739917892.9494,2025-02-18 14:31:32.949,2,false,0.442118,-0.302429,0.583557,0.610352,0.871595,-0.439704,-0.123903,-0.045646,0.001635,0.055106
1739917892.9806,2025-02-18 14:31:32.980,3,false,0.442492,-0.302246,0.583496,0.610229,0.877943,-0.441657,-0.137087,-0.045622,0.001606,0.055284
1739917893.0119,2025-02-18 14:31:33.011,4,false,0.442156,-0.302368,0.583496,0.610413,0.877943,-0.441657,-0.137087,-0.045613,0.001616,0.05531
1739917893.0431,2025-02-18 14:31:33.043,5,false,0.44195,-0.302429,0.583557,0.610474,0.877943,-0.44361,-0.139528,-0.045642,0.001662,0.05537
1739917893.0744,2025-02-18 14:31:33.074,6,false,0.442038,-0.302429,0.583618,0.610352,0.872084,-0.448981,-0.131228,-0.045607,0.001606,0.055448
1739917893.1056,2025-02-18 14:31:33.105,7,false,0.44216,-0.302368,0.583557,0.610352,0.872084,-0.448981,-0.131228,-0.045575,0.001555,0.055519
1739917893.1369,2025-02-18 14:31:33.136,8,false,0.442238,-0.302612,0.583435,0.610291,0.881849,-0.443122,-0.14197,-0.045485,0.00157,0.055411
1739917893.1681,2025-02-18 14:31:33.168,9,false,0.442401,-0.302856,0.583313,0.610168,0.885267,-0.434333,-0.139528,-0.045441,0.001548,0.055327
1739917893.1994,2025-02-18 14:31:33.199,10,false,0.442562,-0.302979,0.583191,0.610107,0.885267,-0.434333,-0.139528,-0.045401,0.001527,0.055251
1739917893.2306,2025-02-18 14:31:33.230,11,false,0.442685,-0.30304,0.58313,0.610046,0.880385,-0.445075,-0.135134,-0.045354,0.001582,0.055317
1739917893.2619,2025-02-18 14:31:33.261,12,false,0.44272,-0.303223,0.583008,0.610046,0.885756,-0.439704,-0.137575,-0.045359,0.001497,0.055242
1739917893.2931,2025-02-18 14:31:33.293,13,false,0.442847,-0.303284,0.583008,0.609924,0.885756,-0.439704,-0.137575,-0.045364,0.00142,0.055174
1739917893.3244,2025-02-18 14:31:33.324,14,false,0.442767,-0.303406,0.583069,0.609863,0.896498,-0.436774,-0.135622,-0.045381,0.001486,0.055186
1739917893.3556,2025-02-18 14:31:33.355,15,false,0.442347,-0.30365,0.583069,0.610046,0.888685,-0.431403,-0.134157,-0.045457,0.001508,0.055076
1739917893.3869,2025-02-18 14:31:33.386,16,false,0.442228,-0.303589,0.583191,0.610046,0.877943,-0.424567,-0.138064,-0.045502,0.001382,0.054915
1739917893.4181,2025-02-18 14:31:33.418,17,false,0.44228,-0.303406,0.583374,0.609924,0.884779,-0.43238,-0.139528,-0.045456,0.001341,0.055002
1739917893.4494,2025-02-18 14:31:33.449,18,false,0.442613,-0.303284,0.583313,0.609802,0.881361,-0.454353,-0.131228,-0.045403,0.001378,0.054971
1739917893.4806,2025-02-18 14:31:33.480,19,false,0.442613,-0.303284,0.583313,0.609802,0.881361,-0.454353,-0.131228,-0.045355,0.001411,0.054942
1739917893.5119,2025-02-18 14:31:33.511,20,false,0.442655,-0.303345,0.583313,0.609741,0.875013,-0.439704,-0.123415,-0.045469,0.001417,0.055002
1739917893.5431,2025-02-18 14:31:33.543,21,false,0.442733,-0.303589,0.583191,0.60968,0.882826,-0.448981,-0.143923,-0.045501,0.001373,0.054983
1739917893.5744,2025-02-18 14:31:33.574,22,false,0.442898,-0.303833,0.58313,0.609497,0.882826,-0.448981,-0.143923,-0.045528,0.001333,0.054966
1739917893.6056,2025-02-18 14:31:33.605,23,false,0.442898,-0.303955,0.58313,0.609436,0.871595,-0.44361,-0.138552,-0.04559,0.001407,0.054853
1739917893.6369,2025-02-18 14:31:33.636,24,false,0.443104,-0.304016,0.583069,0.609314,0.884291,-0.442634,-0.137087,-0.04567,0.001425,0.054971
1739917893.6681,2025-02-18 14:31:33.668,25,false,0.443311,-0.304199,0.583008,0.609131,0.884291,-0.442634,-0.137087,-0.045741,0.001441,0.055077
1739917893.6994,2025-02-18 14:31:33.699,26,false,0.443269,-0.304382,0.583008,0.60907,0.883314,-0.437263,-0.130739,-0.045708,0.001493,0.05505
1739917893.7306,2025-02-18 14:31:33.730,27,false,0.44344,-0.304382,0.583069,0.608887,0.880385,-0.433356,-0.133669,-0.045605,0.00149,0.055038
1739917893.7619,2025-02-18 14:31:33.761,28,false,0.443311,-0.304199,0.583008,0.609131,0.871595,-0.44361,-0.138552,-0.045598,0.001512,0.054979
1739917893.7931,2025-02-18 14:31:33.793,29,false,0.443356,-0.304504,0.583069,0.608887,0.890639,-0.437751,-0.137575,-0.045579,0.001556,0.054938
1739917893.8244,2025-02-18 14:31:33.824,30,false,0.443436,-0.304626,0.583008,0.608826,0.882826,-0.433356,-0.140505,-0.045563,0.001596,0.054986
1739917893.8556,2025-02-18 14:31:33.855,31,false,0.443433,-0.304626,0.582947,0.608887,0.89015,-0.427985,-0.125368,-0.045547,0.001534,0.055029
1739917893.8869,2025-02-18 14:31:33.886,0,false,0.443353,-0.304626,0.583008,0.608887,0.89015,-0.427985,-0.125368,-0.045534,0.001478,0.055069
1739917893.9181,2025-02-18 14:31:33.918,1,false,0.443066,-0.304688,0.58313,0.608948,0.881849,-0.436774,-0.13611,-0.045595,0.001477,0.055055
1739917893.9494,2025-02-18 14:31:33.949,2,false,0.443234,-0.304565,0.58313,0.608887,0.885267,-0.456306,-0.13611,-0.045637,0.001488,0.055092
1739917893.9806,2025-02-18 14:31:33.980,3,false,0.443318,-0.304565,0.58313,0.608826,0.885267,-0.456306,-0.13611,-0.045615,0.001437,0.055124
1739917894.0119,2025-02-18 14:31:34.011,4,false,0.44352,-0.304626,0.583008,0.608765,0.877455,-0.445563,-0.141482,-0.045558,0.001452,0.055154
1739917894.0431,2025-02-18 14:31:34.043,5,false,0.44344,-0.304749,0.583069,0.608704,0.883803,-0.442145,-0.133669,-0.04558,0.001465,0.055156
1739917894.0744,2025-02-18 14:31:34.074,6,false,0.443398,-0.30481,0.583069,0.608704,0.883803,-0.442145,-0.133669,-0.045612,0.001587,0.055195
1739917894.1056,2025-02-18 14:31:34.105,7,false,0.443447,-0.304749,0.583191,0.608582,0.886732,-0.437263,-0.137575,-0.045591,0.001624,0.055254
1739917894.1369,2025-02-18 14:31:34.136,8,false,0.443517,-0.304749,0.582947,0.608765,0.886244,-0.418219,-0.133181,-0.045671,0.001498,0.055149
1739917894.1681,2025-02-18 14:31:34.168,9,false,0.443436,-0.304749,0.583008,0.608765,0.891127,-0.42652,-0.126833,-0.045535,0.001641,0.055225
1739917894.1994,2025-02-18 14:31:34.199,10,false,0.443475,-0.304688,0.582947,0.608826,0.881361,-0.444099,-0.14197,-0.045572,0.001624,0.055196
1739917894.2306,2025-02-18 14:31:34.230,11,false,0.443394,-0.30481,0.583008,0.608765,0.880385,-0.433356,-0.130251,-0.045519,0.00162,0.055218
1739917894.2619,2025-02-18 14:31:34.261,12,false,0.443394,-0.30481,0.583008,0.608765,0.880385,-0.433356,-0.130251,-0.045471,0.001617,0.055238
1739917894.2931,2025-02-18 14:31:34.293,13,false,0.443394,-0.30481,0.583008,0.608765,0.878431,-0.440192,-0.132204,-0.045563,0.001589,0.05511
1739917894.3244,2025-02-18 14:31:34.324,14,false,0.443387,-0.304932,0.582886,0.608826,0.878431,-0.434821,-0.133669,-0.045621,0.001662,0.055092
1739917894.3556,2025-02-18 14:31:34.355,15,false,0.443632,-0.30481,0.582764,0.608826,0.878431,-0.434821,-0.133669,-0.045673,0.001728,0.055076
1739917894.3869,2025-02-18 14:31:34.386,16,false,0.443513,-0.304871,0.582886,0.608765,0.887709,-0.433845,-0.129274,-0.045708,0.001714,0.05505
1739917894.4181,2025-02-18 14:31:34.418,17,false,0.443558,-0.30481,0.582947,0.608704,0.881361,-0.44654,-0.138064,-0.045678,0.001616,0.055148
1739917894.4494,2025-02-18 14:31:34.449,18,false,0.443681,-0.304749,0.582886,0.608704,0.881361,-0.44654,-0.138064,-0.045652,0.001527,0.055236
1739917894.4806,2025-02-18 14:31:34.480,19,false,0.443722,-0.304688,0.582886,0.608704,0.889174,-0.448005,-0.131716,-0.045554,0.001546,0.055242
1739917894.5119,2025-02-18 14:31:34.511,20,false,0.443761,-0.304626,0.582825,0.608765,0.882826,-0.446052,-0.131228,-0.045491,0.001562,0.055211
1739917894.5431,2025-02-18 14:31:34.543,21,false,0.443681,-0.304749,0.582886,0.608704,0.887709,-0.433845,-0.129274,-0.045422,0.001564,0.055208
1739917894.5744,2025-02-18 14:31:34.574,22,false,0.443803,-0.304565,0.582825,0.608765,0.886244,-0.441169,-0.141482,-0.04536,0.001567,0.055205
1739917894.6056,2025-02-18 14:31:34.605,23,false,0.443761,-0.304749,0.582825,0.608704,0.884779,-0.448493,-0.140017,-0.045402,0.00163,0.055263
1739917894.6369,2025-02-18 14:31:34.636,24,false,0.443841,-0.304749,0.582764,0.608704,0.885756,-0.435309,-0.135134,-0.045415,0.001699,0.055267
1739917894.6681,2025-02-18 14:31:34.668,25,false,0.443837,-0.304749,0.582703,0.608765,0.885756,-0.435309,-0.135134,-0.045427,0.001761,0.05527
1739917894.6994,2025-02-18 14:31:34.699,26,false,0.444119,-0.304688,0.58252,0.608765,0.879896,-0.438239,-0.140993,-0.045462,0.001719,0.055285
1739917894.7306,2025-02-18 14:31:34.730,27,false,0.444039,-0.304688,0.582581,0.608765,0.877455,-0.445563,-0.138552,-0.045518,0.001828,0.055274
1739917894.7619,2025-02-18 14:31:34.761,28,false,0.444078,-0.304749,0.58252,0.608765,0.877455,-0.445563,-0.138552,-0.045507,0.002023,0.055325
1739917894.7931,2025-02-18 14:31:34.793,29,false,0.444245,-0.304749,0.58252,0.608643,0.884291,-0.449958,-0.139528,-0.045607,0.002114,0.055262
1739917894.8244,2025-02-18 14:31:34.824,30,false,0.444328,-0.304871,0.58252,0.608521,0.883803,-0.434821,-0.137087,-0.045575,0.002171,0.055204
1739917894.8556,2025-02-18 14:31:34.855,31,false,0.44445,-0.304932,0.582458,0.608459,0.883803,-0.434821,-0.137087,-0.045596,0.002174,0.055043
1739917894.8869,2025-02-18 14:31:34.886,0,false,0.44462,-0.305298,0.58252,0.608093,0.883803,-0.434821,-0.137087,-0.045614,0.002176,0.054898
1739917894.9181,2025-02-18 14:31:34.918,1,false,0.444491,-0.305481,0.582458,0.608154,0.883314,-0.432868,-0.133181,-0.045606,0.002313,0.054938
1739917894.9494,2025-02-18 14:31:34.949,2,false,0.444445,-0.305542,0.582397,0.608215,0.89601,-0.431891,-0.129763,-0.045586,0.002338,0.055132
1739917894.9806,2025-02-18 14:31:34.980,3,false,0.444362,-0.305542,0.582397,0.608276,0.89601,-0.431891,-0.129763,-0.045569,0.00236,0.055308
1739917895.0119,2025-02-18 14:31:35.011,4,false,0.444567,-0.305603,0.582336,0.608154,0.881361,-0.436286,-0.122927,-0.04565,0.002283,0.055356
1739917895.0431,2025-02-18 14:31:35.043,5,false,0.444692,-0.305542,0.582336,0.608093,0.883314,-0.440192,-0.124392,-0.045614,0.002201,0.05535
1739917895.0744,2025-02-18 14:31:35.074,6,false,0.444609,-0.305542,0.582336,0.608154,0.883314,-0.440192,-0.124392,-0.045582,0.002127,0.055345
1739917895.1056,2025-02-18 14:31:35.105,7,false,0.44481,-0.305481,0.582214,0.608154,0.884779,-0.439704,-0.143923,-0.045613,0.002086,0.055304
1739917895.1369,2025-02-18 14:31:35.136,8,false,0.444806,-0.305603,0.582153,0.608154,0.883803,-0.43238,-0.130739,-0.045581,0.001987,0.055364
1739917895.1681,2025-02-18 14:31:35.168,9,false,0.444928,-0.305664,0.582092,0.608093,0.883803,-0.43238,-0.130739,-0.045552,0.001898,0.055419
1739917895.1994,2025-02-18 14:31:35.199,10,false,0.44497,-0.305603,0.582092,0.608093,0.881361,-0.437263,-0.135622,-0.045501,0.001965,0.055333
1739917895.2306,2025-02-18 14:31:35.230,11,false,0.444894,-0.305359,0.582214,0.608154,0.87599,-0.447028,-0.134646,-0.045529,0.001866,0.055318
1739917895.2619,2025-02-18 14:31:35.261,12,false,0.445096,-0.305298,0.582092,0.608154,0.87599,-0.447028,-0.134646,-0.045554,0.001777,0.055304
1739917895.2931,2025-02-18 14:31:35.293,13,false,0.44497,-0.305603,0.582092,0.608093,0.898451,-0.431891,-0.127321,-0.045551,0.001648,0.055303
1739917895.3244,2025-02-18 14:31:35.324,14,false,0.445259,-0.305176,0.582031,0.608154,0.898451,-0.431891,-0.127321,-0.04555,0.001532,0.055303
1739917895.3556,2025-02-18 14:31:35.355,15,false,0.445305,-0.305115,0.582092,0.608093,0.873549,-0.436286,-0.133181,-0.045536,0.001696,0.0554
1739917895.3869,2025-02-18 14:31:35.386,16,false,0.445305,-0.304993,0.582092,0.608154,0.877455,-0.436774,-0.124392,-0.045596,0.001673,0.055243
1739917895.4181,2025-02-18 14:31:35.418,17,false,0.445176,-0.305054,0.582031,0.608276,0.877455,-0.436774,-0.124392,-0.045651,0.001652,0.055102
1739917895.4494,2025-02-18 14:31:35.449,18,false,0.445336,-0.304932,0.581909,0.608337,0.886244,-0.433845,-0.149783,-0.0457,0.001658,0.055061
1739917895.4806,2025-02-18 14:31:35.480,19,false,0.445298,-0.304749,0.58197,0.608398,0.885267,-0.44654,-0.124392,-0.045659,0.0017,0.055109
1739917895.5119,2025-02-18 14:31:35.511,20,false,0.445302,-0.304626,0.582031,0.608398,0.885267,-0.44654,-0.124392,-0.045781,0.001798,0.055189
1739917895.5431,2025-02-18 14:31:35.543,21,false,0.445351,-0.304443,0.582153,0.608337,0.882826,-0.435798,-0.139528,-0.045732,0.001826,0.055225
1739917895.5744,2025-02-18 14:31:35.574,22,false,0.445146,-0.304382,0.582214,0.608459,0.87306,-0.435798,-0.136599,-0.0457,0.001802,0.05522
1739917895.6056,2025-02-18 14:31:35.605,23,false,0.445226,-0.304382,0.582153,0.608459,0.87306,-0.435798,-0.136599,-0.045671,0.001781,0.055215
1739917895.6369,2025-02-18 14:31:35.636,24,false,0.445423,-0.304321,0.58197,0.608521,0.880385,-0.437751,-0.131716,-0.045694,0.001749,0.055187
1739917895.6681,2025-02-18 14:31:35.668,25,false,0.445396,-0.304138,0.582214,0.608398,0.884779,-0.439704,-0.140505,-0.045665,0.001733,0.05521
1739917895.6994,2025-02-18 14:31:35.699,26,false,0.445313,-0.304138,0.582214,0.608459,0.874037,-0.441169,-0.136599,-0.045567,0.00173,0.055158
1739917895.7306,2025-02-18 14:31:35.730,27,false,0.445233,-0.304016,0.582275,0.608521,0.874525,-0.436774,-0.13904,-0.0456,0.001704,0.055172
1739917895.7619,2025-02-18 14:31:35.761,28,false,0.445233,-0.303894,0.582275,0.608582,0.889174,-0.42945,-0.12781,-0.045691,0.001582,0.055124
1739917895.7931,2025-02-18 14:31:35.793,29,false,0.445066,-0.303894,0.582275,0.608704,0.889174,-0.42945,-0.12781,-0.045773,0.001473,0.05508
1739917895.8244,2025-02-18 14:31:35.824,30,false,0.444986,-0.303772,0.582336,0.608765,0.882826,-0.450446,-0.139528,-0.045614,0.001521,0.055114
1739917895.8556,2025-02-18 14:31:35.855,31,false,0.445024,-0.303711,0.582275,0.608826,0.880873,-0.444587,-0.135134,-0.045655,0.001405,0.055182
1739917895.8869,2025-02-18 14:31:35.886,0,false,0.445031,-0.303589,0.582397,0.608765,0.880873,-0.444587,-0.135134,-0.045692,0.001302,0.055242
1739917895.9181,2025-02-18 14:31:35.918,1,false,0.444947,-0.303467,0.582397,0.608887,0.880873,-0.448005,-0.128786,-0.045664,0.001391,0.055175
1739917895.9494,2025-02-18 14:31:35.949,2,false,0.444902,-0.303406,0.582336,0.609009,0.89601,-0.448005,-0.139528,-0.045651,0.001362,0.055211
1739917895.9806,2025-02-18 14:31:35.980,3,false,0.444905,-0.303406,0.582397,0.608948,0.89601,-0.448005,-0.139528,-0.045529,0.00136,0.055269
1739917896.0119,2025-02-18 14:31:36.011,4,false,0.444871,-0.303345,0.58252,0.608887,0.888685,-0.434333,-0.137087,-0.045566,0.00137,0.055296
1739917896.0431,2025-02-18 14:31:36.043,5,false,0.444874,-0.303223,0.582581,0.608887,0.877943,-0.434333,-0.130739,-0.045673,0.001453,0.055162
1739917896.0744,2025-02-18 14:31:36.074,6,false,0.444905,-0.303406,0.582397,0.608948,0.880873,-0.448005,-0.128786,-0.045646,0.001467,0.055127
1739917896.1056,2025-02-18 14:31:36.105,7,false,0.444874,-0.303223,0.582581,0.608887,0.874525,-0.442634,-0.13611,-0.045623,0.001479,0.055095
1739917896.1369,2025-02-18 14:31:36.136,8,false,0.444958,-0.303223,0.582581,0.608826,0.886732,-0.436286,-0.131228,-0.045699,0.001404,0.055104
1739917896.1681,2025-02-18 14:31:36.168,9,false,0.444919,-0.303162,0.582642,0.608826,0.882826,-0.438239,-0.135622,-0.045658,0.001434,0.055209
1739917896.1994,2025-02-18 14:31:36.199,10,false,0.445086,-0.30304,0.582642,0.608765,0.882826,-0.438239,-0.135622,-0.045621,0.001462,0.055303
1739917896.2306,2025-02-18 14:31:36.230,11,false,0.445089,-0.30304,0.582703,0.608704,0.892592,-0.425055,-0.122927,-0.045551,0.001462,0.055242
1739917896.2619,2025-02-18 14:31:36.261,12,false,0.445208,-0.303101,0.582581,0.608704,0.888197,-0.443122,-0.132204,-0.045586,0.001548,0.055186
1739917896.2931,2025-02-18 14:31:36.293,13,false,0.445127,-0.302979,0.582642,0.608765,0.888197,-0.443122,-0.132204,-0.045617,0.001625,0.055136
1739917896.3244,2025-02-18 14:31:36.324,14,false,0.444963,-0.302734,0.582703,0.608948,0.877455,-0.42359,-0.140017,-0.045633,0.001597,0.055226
1739917896.3556,2025-02-18 14:31:36.355,15,false,0.445091,-0.302551,0.582764,0.608887,0.880873,-0.448493,-0.136599,-0.045721,0.001523,0.055111
1739917896.3869,2025-02-18 14:31:36.386,16,false,0.444969,-0.302368,0.582825,0.609009,0.880873,-0.448493,-0.136599,-0.0458,0.001456,0.055008
1739917896.4181,2025-02-18 14:31:36.418,17,false,0.44501,-0.302307,0.582825,0.609009,0.875013,-0.448981,-0.132692,-0.045822,0.001444,0.055049
1739917896.4494,2025-02-18 14:31:36.449,18,false,0.445169,-0.302185,0.582703,0.60907,0.884291,-0.449958,-0.143435,-0.045842,0.001459,0.055086
1739917896.4806,2025-02-18 14:31:36.480,19,false,0.445336,-0.302063,0.582703,0.609009,0.870619,-0.431403,-0.140993,-0.045848,0.001581,0.055132
1739917896.5119,2025-02-18 14:31:36.511,20,false,0.44518,-0.302063,0.582886,0.608948,0.87892,-0.42945,-0.12488,-0.045865,0.001582,0.055075
1739917896.5431,2025-02-18 14:31:36.543,21,false,0.445217,-0.302002,0.582825,0.609009,0.880873,-0.445075,-0.13904,-0.045807,0.00157,0.054976
1739917896.5744,2025-02-18 14:31:36.574,22,false,0.445005,-0.301941,0.582764,0.609253,0.880873,-0.445075,-0.13904,-0.045804,0.001609,0.054959
1739917896.6056,2025-02-18 14:31:36.605,23,false,0.444921,-0.301941,0.582764,0.609314,0.880385,-0.444587,-0.128298,-0.045716,0.001619,0.054956
1739917896.6369,2025-02-18 14:31:36.636,24,false,0.444882,-0.301758,0.582825,0.609375,0.874525,-0.447028,-0.1449,-0.045698,0.001628,0.055052
1739917896.6681,2025-02-18 14:31:36.668,25,false,0.444757,-0.301819,0.582825,0.609436,0.874525,-0.447028,-0.1449,-0.045791,0.00166,0.055064
1739917896.6994,2025-02-18 14:31:36.699,26,false,0.444638,-0.301758,0.582947,0.609436,0.883314,-0.444587,-0.131716,-0.045717,0.001714,0.0551
1739917896.7306,2025-02-18 14:31:36.730,27,false,0.444595,-0.301575,0.582947,0.609558,0.868666,-0.443122,-0.13904,-0.045686,0.001738,0.054985
1739917896.7619,2025-02-18 14:31:36.761,28,false,0.444588,-0.301575,0.582825,0.60968,0.868666,-0.443122,-0.13904,-0.045658,0.001759,0.054882
1739917896.7931,2025-02-18 14:31:36.793,29,false,0.444625,-0.301514,0.582764,0.609741,0.884779,-0.44361,-0.136599,-0.045707,0.001693,0.054949
1739917896.8244,2025-02-18 14:31:36.824,30,false,0.444541,-0.301392,0.582764,0.609863,0.882338,-0.448493,-0.129274,-0.045604,0.001634,0.0548
1739917896.8556,2025-02-18 14:31:36.855,31,false,0.444588,-0.301575,0.582825,0.60968,0.883314,-0.444587,-0.131716,-0.045621,0.001666,0.054801
1739917896.8869,2025-02-18 14:31:36.886,0,false,0.444502,-0.301331,0.582825,0.609863,0.889174,-0.450446,-0.134157,-0.0456,0.001597,0.054741
1739917896.9181,2025-02-18 14:31:36.918,1,false,0.444505,-0.301208,0.582886,0.609863,0.885267,-0.456306,-0.142947,-0.045691,0.001584,0.054736
1739917896.9494,2025-02-18 14:31:36.949,2,false,0.444585,-0.301208,0.582825,0.609863,0.884291,-0.442145,-0.135134,-0.045712,0.001572,0.054975
1739917896.9806,2025-02-18 14:31:36.980,3,false,0.444543,-0.30127,0.582825,0.609863,0.884291,-0.442145,-0.135134,-0.045731,0.001561,0.055191
1739917897.0119,2025-02-18 14:31:37.011,4,false,0.444623,-0.30127,0.582764,0.609863,0.876967,-0.439704,-0.140017,-0.04576,0.001625,0.05525
1739917897.0431,2025-02-18 14:31:37.043,5,false,0.444623,-0.30127,0.582764,0.609863,0.879896,-0.443122,-0.137575,-0.045688,0.001499,0.055243
1739917897.0744,2025-02-18 14:31:37.074,6,false,0.444829,-0.301331,0.582703,0.609741,0.879896,-0.443122,-0.137575,-0.045624,0.001386,0.055236
1739917897.1056,2025-02-18 14:31:37.105,7,false,0.444787,-0.30127,0.582703,0.609802,0.876967,-0.445563,-0.137575,-0.045615,0.001455,0.055243
1739917897.1369,2025-02-18 14:31:37.136,8,false,0.444912,-0.301208,0.582703,0.609741,0.87892,-0.449958,-0.140993,-0.045655,0.001468,0.055346
1739917897.1681,2025-02-18 14:31:37.168,9,false,0.444999,-0.301208,0.582764,0.609619,0.87892,-0.449958,-0.140993,-0.045692,0.00148,0.055439
1739917897.1994,2025-02-18 14:31:37.199,10,false,0.44528,-0.301147,0.582581,0.609619,0.87892,-0.449958,-0.140993,-0.045725,0.00149,0.055522
1739917897.2306,2025-02-18 14:31:37.230,11,false,0.445323,-0.301208,0.582581,0.609558,0.883803,-0.442145,-0.136599,-0.045706,0.001573,0.0555
1739917897.2619,2025-02-18 14:31:37.261,12,false,0.445532,-0.30127,0.582581,0.609375,0.874037,-0.448493,-0.141482,-0.045627,0.001685,0.055419
1739917897.2931,2025-02-18 14:31:37.293,13,false,0.445619,-0.30127,0.582642,0.609253,0.874037,-0.448493,-0.141482,-0.045557,0.001785,0.055346
1739917897.3244,2025-02-18 14:31:37.324,14,false,0.445582,-0.301453,0.582703,0.609131,0.864759,-0.429938,-0.137575,-0.045579,0.00174,0.055414
1739917897.3556,2025-02-18 14:31:37.355,15,false,0.445413,-0.301575,0.582642,0.609253,0.883314,-0.441169,-0.137087,-0.045599,0.001786,0.055354
1739917897.3869,2025-02-18 14:31:37.386,16,false,0.445405,-0.301575,0.58252,0.609375,0.883314,-0.441169,-0.137087,-0.045458,0.001827,0.055336
1739917897.4181,2025-02-18 14:31:37.418,17,false,0.445322,-0.301575,0.58252,0.609436,0.881849,-0.443122,-0.13611,-0.045453,0.00184,0.05532
1739917897.4494,2025-02-18 14:31:37.449,18,false,0.445286,-0.301392,0.582642,0.609436,0.882826,-0.444587,-0.140993,-0.045437,0.001863,0.055318
1739917897.4806,2025-02-18 14:31:37.480,19,false,0.445168,-0.301453,0.582764,0.609375,0.882826,-0.444587,-0.140993,-0.045422,0.001885,0.055316
1739917897.5119,2025-02-18 14:31:37.511,20,false,0.44513,-0.301392,0.582825,0.609375,0.882338,-0.445075,-0.132692,-0.045543,0.001891,0.055144
1739917897.5431,2025-02-18 14:31:37.543,21,false,0.445213,-0.301392,0.582825,0.609314,0.877455,-0.449958,-0.137087,-0.045591,0.001776,0.055147
1739917897.5744,2025-02-18 14:31:37.574,22,false,0.4453,-0.30127,0.582886,0.609253,0.877455,-0.449958,-0.137087,-0.045585,0.001769,0.055125
1739917897.6056,2025-02-18 14:31:37.605,23,false,0.44513,-0.301392,0.582825,0.609375,0.883803,-0.437751,-0.144411,-0.045641,0.001702,0.055082
1739917897.6369,2025-02-18 14:31:37.636,24,false,0.445379,-0.301147,0.582825,0.609314,0.883803,-0.437751,-0.144411,-0.045569,0.001703,0.055067
1739917897.6681,2025-02-18 14:31:37.668,25,false,0.44525,-0.301208,0.582764,0.609436,0.868177,-0.451911,-0.13904,-0.045541,0.001618,0.055114
1739917897.6994,2025-02-18 14:31:37.699,26,false,0.445288,-0.301147,0.582703,0.609497,0.873549,-0.445563,-0.14197,-0.045479,0.001627,0.055047
1739917897.7306,2025-02-18 14:31:37.730,27,false,0.445242,-0.301086,0.582642,0.609619,0.873549,-0.445563,-0.14197,-0.045423,0.001635,0.054987
1739917897.7619,2025-02-18 14:31:37.761,28,false,0.445241,-0.300964,0.582642,0.60968,0.885756,-0.431891,-0.138552,-0.045434,0.001679,0.055043
1739917897.7931,2025-02-18 14:31:37.793,29,false,0.445321,-0.300964,0.582581,0.60968,0.87892,-0.441169,-0.128786,-0.04542,0.00178,0.055093
1739917897.8244,2025-02-18 14:31:37.824,30,false,0.445323,-0.300842,0.582642,0.60968,0.87892,-0.441169,-0.128786,-0.045407,0.00187,0.055138
1739917897.8556,2025-02-18 14:31:37.855,31,false,0.445438,-0.300903,0.582458,0.609741,0.880873,-0.450446,-0.141482,-0.04548,0.001708,0.055068
1739917897.8869,2025-02-18 14:31:37.886,0,false,0.44548,-0.300964,0.582458,0.60968,0.886732,-0.442145,-0.134157,-0.045425,0.001708,0.055116
1739917897.9181,2025-02-18 14:31:37.918,1,false,0.445483,-0.300842,0.58252,0.60968,0.886732,-0.442145,-0.134157,-0.045484,0.00161,0.055183
1739917897.9494,2025-02-18 14:31:37.949,2,false,0.445555,-0.300842,0.582336,0.609802,0.894545,-0.448981,-0.128786,-0.045477,0.001669,0.055292
1739917897.9806,2025-02-18 14:31:37.980,3,false,0.445465,-0.300964,0.582214,0.609924,0.87599,-0.434333,-0.134157,-0.045592,0.001722,0.055305
1739917898.0119,2025-02-18 14:31:38.011,4,false,0.445546,-0.301086,0.582153,0.609863,0.87306,-0.444099,-0.137575,-0.045562,0.001696,0.055329
1739917898.0431,2025-02-18 14:31:38.043,5,false,0.445661,-0.30127,0.58197,0.609863,0.87599,-0.44361,-0.143435,-0.045547,0.001624,0.055106
1739917898.0744,2025-02-18 14:31:38.074,6,false,0.445867,-0.301331,0.581909,0.609741,0.872572,-0.448493,-0.128298,-0.045582,0.001633,0.055089
1739917898.1056,2025-02-18 14:31:38.105,7,false,0.446079,-0.30127,0.58197,0.609558,0.872572,-0.448493,-0.128298,-0.045614,0.00164,0.055073
1739917898.1369,2025-02-18 14:31:38.136,8,false,0.446168,-0.301514,0.582031,0.609314,0.891615,-0.447517,-0.134157,-0.045606,0.001684,0.055059
1739917898.1681,2025-02-18 14:31:38.168,9,false,0.446051,-0.301697,0.582153,0.609192,0.872084,-0.437263,-0.142947,-0.045647,0.001711,0.055071
1739917898.1994,2025-02-18 14:31:38.199,10,false,0.446011,-0.30188,0.582153,0.609131,0.872084,-0.437263,-0.142947,-0.045685,0.001735,0.055081
1739917898.2306,2025-02-18 14:31:38.230,11,false,0.445924,-0.30188,0.582092,0.609253,0.874525,-0.443122,-0.143923,-0.045718,0.001696,0.055091
1739917898.2619,2025-02-18 14:31:38.261,12,false,0.445885,-0.301819,0.582153,0.609253,0.883314,-0.42945,-0.130739,-0.045736,0.001697,0.055136
1739917898.2931,2025-02-18 14:31:38.293,13,false,0.44593,-0.301758,0.582214,0.609192,0.883314,-0.42945,-0.130739,-0.045753,0.001698,0.055177
1739917898.3244,2025-02-18 14:31:38.324,14,false,0.446051,-0.301697,0.582153,0.609192,0.874525,-0.435309,-0.134157,-0.045816,0.001663,0.055238
1739917898.3556,2025-02-18 14:31:38.355,15,false,0.445885,-0.301819,0.582153,0.609253,0.874525,-0.435309,-0.134157,-0.045873,0.001631,0.055293
1739917898.3869,2025-02-18 14:31:38.386,16,false,0.446211,-0.301697,0.582031,0.609192,0.885756,-0.450446,-0.13611,-0.045864,0.001565,0.05522
1739917898.4181,2025-02-18 14:31:38.418,17,false,0.446086,-0.301758,0.582031,0.609253,0.880873,-0.440192,-0.132692,-0.045892,0.001616,0.055313
1739917898.4494,2025-02-18 14:31:38.449,18,false,0.446336,-0.301758,0.582031,0.60907,0.880873,-0.440192,-0.132692,-0.045917,0.001662,0.055397
1739917898.4806,2025-02-18 14:31:38.480,19,false,0.446499,-0.301758,0.58197,0.609009,0.87013,-0.437751,-0.133669,-0.045927,0.001655,0.055375
1739917898.5119,2025-02-18 14:31:38.511,20,false,0.446662,-0.30188,0.581909,0.608887,0.886732,-0.44361,-0.137087,-0.045766,0.001697,0.055392
1739917898.5431,2025-02-18 14:31:38.543,21,false,0.446863,-0.301941,0.581787,0.608826,0.886732,-0.44361,-0.137087,-0.04562,0.001735,0.055407
1739917898.5744,2025-02-18 14:31:38.574,22,false,0.446988,-0.302002,0.581787,0.608704,0.883314,-0.441169,-0.138552,-0.045599,0.00172,0.055445
1739917898.6056,2025-02-18 14:31:38.605,23,false,0.447237,-0.302002,0.581787,0.608521,0.869642,-0.435309,-0.147341,-0.045617,0.001829,0.055296
1739917898.6369,2025-02-18 14:31:38.636,24,false,0.447404,-0.302002,0.581787,0.608398,0.869642,-0.435309,-0.147341,-0.045645,0.001939,0.055174
1739917898.6681,2025-02-18 14:31:38.668,25,false,0.447325,-0.302124,0.581848,0.608337,0.877455,-0.442634,-0.140993,-0.04561,0.001855,0.055065
1739917898.6994,2025-02-18 14:31:38.699,26,false,0.447442,-0.302185,0.581726,0.608337,0.879408,-0.42945,-0.144411,-0.045578,0.001718,0.055174
1739917898.7306,2025-02-18 14:31:38.730,27,false,0.447414,-0.30188,0.58197,0.608276,0.879408,-0.42945,-0.144411,-0.045549,0.001595,0.055272
1739917898.7619,2025-02-18 14:31:38.761,28,false,0.447493,-0.30188,0.581909,0.608276,0.879408,-0.42945,-0.144411,-0.045498,0.001655,0.055347
1739917898.7931,2025-02-18 14:31:38.793,29,false,0.447572,-0.30188,0.581848,0.608276,0.878431,-0.441657,-0.142947,-0.045502,0.001697,0.055367
1739917898.8244,2025-02-18 14:31:38.824,30,false,0.447728,-0.302002,0.581665,0.608276,0.882338,-0.43238,-0.138552,-0.045639,0.001613,0.055421
1739917898.8556,2025-02-18 14:31:38.855,31,false,0.447891,-0.302124,0.581604,0.608154,0.882338,-0.43238,-0.138552,-0.045604,0.001623,0.055409
1739917898.8869,2025-02-18 14:31:38.886,0,false,0.44789,-0.302002,0.581604,0.608215,0.863294,-0.440192,-0.131228,-0.045621,0.001741,0.055447
1739917898.9181,2025-02-18 14:31:38.918,1,false,0.447812,-0.302124,0.581665,0.608154,0.885756,-0.428962,-0.131716,-0.045613,0.001799,0.055347
1739917898.9494,2025-02-18 14:31:38.949,2,false,0.447902,-0.302246,0.581787,0.60791,0.885756,-0.428962,-0.131716,-0.045605,0.001851,0.055256
1739917898.9806,2025-02-18 14:31:38.980,3,false,0.447903,-0.302368,0.581787,0.607849,0.874525,-0.433845,-0.136599,-0.045573,0.001898,0.055224
1739917899.0119,2025-02-18 14:31:39.011,4,false,0.44782,-0.302368,0.581787,0.60791,0.887709,-0.42945,-0.133181,-0.045593,0.001867,0.055329
1739917899.0431,2025-02-18 14:31:39.043,5,false,0.447737,-0.302368,0.581787,0.607971,0.887709,-0.42945,-0.133181,-0.045636,0.001814,0.055375
1739917899.0744,2025-02-18 14:31:39.074,6,false,0.447578,-0.302246,0.581909,0.608032,0.883803,-0.437263,-0.1449,-0.045553,0.001767,0.055355
1739917899.1056,2025-02-18 14:31:39.105,7,false,0.44754,-0.302307,0.58197,0.607971,0.894057,-0.439216,-0.140017,-0.045526,0.001822,0.055264
1739917899.1369,2025-02-18 14:31:39.136,8,false,0.447737,-0.302368,0.581787,0.607971,0.874525,-0.433845,-0.136599,-0.045564,0.001848,0.055292
1739917899.1681,2025-02-18 14:31:39.168,9,false,0.447461,-0.302307,0.582031,0.607971,0.89015,-0.430915,-0.140017,-0.045597,0.00187,0.055317
1739917899.1994,2025-02-18 14:31:39.199,10,false,0.44754,-0.302307,0.58197,0.607971,0.879408,-0.431891,-0.129763,-0.045578,0.001879,0.055388
1739917899.2306,2025-02-18 14:31:39.230,11,false,0.447536,-0.302307,0.581909,0.608032,0.887221,-0.428962,-0.142458,-0.045672,0.001862,0.055404
1739917899.2619,2025-02-18 14:31:39.261,12,false,0.447623,-0.302429,0.58197,0.607849,0.887221,-0.428962,-0.142458,-0.045682,0.001773,0.055344
1739917899.2931,2025-02-18 14:31:39.293,13,false,0.447665,-0.30249,0.58197,0.607788,0.890639,-0.436286,-0.133181,-0.045814,0.00173,0.055413
1739917899.3244,2025-02-18 14:31:39.324,14,false,0.447748,-0.30249,0.58197,0.607727,0.886244,-0.444587,-0.132692,-0.045761,0.001704,0.055365
1739917899.3556,2025-02-18 14:31:39.355,15,false,0.447868,-0.302429,0.581909,0.607727,0.886244,-0.444587,-0.132692,-0.045714,0.00168,0.055322
1739917899.3869,2025-02-18 14:31:39.386,16,false,0.447982,-0.30249,0.581726,0.607788,0.887221,-0.437263,-0.133181,-0.04583,0.001719,0.055319
1739917899.4181,2025-02-18 14:31:39.418,17,false,0.448148,-0.30249,0.581726,0.607666,0.890639,-0.434821,-0.131716,-0.045739,0.001694,0.055317
1739917899.4494,2025-02-18 14:31:39.449,18,false,0.448027,-0.302551,0.581787,0.607666,0.890639,-0.434821,-0.131716,-0.045658,0.001671,0.055316
1739917899.4806,2025-02-18 14:31:39.480,19,false,0.448027,-0.302551,0.581787,0.607666,0.89601,-0.430426,-0.13611,-0.045596,0.001602,0.055265
1739917899.5119,2025-02-18 14:31:39.511,20,false,0.448034,-0.302307,0.581909,0.607666,0.891615,-0.435309,-0.128298,-0.045675,0.001759,0.055342
1739917899.5431,2025-02-18 14:31:39.543,21,false,0.447996,-0.302246,0.58197,0.607666,0.885756,-0.429938,-0.130739,-0.045649,0.001742,0.055386
1739917899.5744,2025-02-18 14:31:39.574,22,false,0.44803,-0.302307,0.581848,0.607727,0.889174,-0.440681,-0.135622,-0.045613,0.001714,0.055438
1739917899.6056,2025-02-18 14:31:39.605,23,false,0.44811,-0.302429,0.581787,0.607666,0.892103,-0.445075,-0.146853,-0.04569,0.001677,0.055412
1739917899.6369,2025-02-18 14:31:39.636,24,false,0.448193,-0.302551,0.581787,0.607544,0.892103,-0.445075,-0.146853,-0.04576,0.001643,0.055389
1739917899.6681,2025-02-18 14:31:39.668,25,false,0.44832,-0.30249,0.581848,0.607422,0.882826,-0.44947,-0.128786,-0.045664,0.001577,0.055429
1739917899.6994,2025-02-18 14:31:39.699,26,false,0.44832,-0.30249,0.581848,0.607422,0.881361,-0.422614,-0.128786,-0.045749,0.001566,0.055501
1739917899.7306,2025-02-18 14:31:39.730,27,false,0.44812,-0.302429,0.58197,0.607483,0.881361,-0.422614,-0.128786,-0.045752,0.001568,0.055346
1739917899.7619,2025-02-18 14:31:39.761,28,false,0.447999,-0.302368,0.582031,0.607544,0.886732,-0.428962,-0.129274,-0.045656,0.001631,0.055391
1739917899.7931,2025-02-18 14:31:39.793,29,false,0.447879,-0.302307,0.582092,0.607605,0.876967,-0.437263,-0.132692,-0.045644,0.001614,0.055381
1739917899.8244,2025-02-18 14:31:39.824,30,false,0.447713,-0.302307,0.582092,0.607727,0.876967,-0.437263,-0.132692,-0.045633,0.001599,0.055373
1739917899.8556,2025-02-18 14:31:39.855,31,false,0.447677,-0.302002,0.582214,0.607788,0.874525,-0.435798,-0.142947,-0.045672,0.001598,0.055378
1739917899.8869,2025-02-18 14:31:39.886,0,false,0.447718,-0.301941,0.582214,0.607788,0.886732,-0.441169,-0.138552,-0.045646,0.001536,0.055358
1739917899.9181,2025-02-18 14:31:39.918,1,false,0.447713,-0.302307,0.582092,0.607727,0.886732,-0.428962,-0.129274,-0.045586,0.001602,0.055364
1739917899.9494,2025-02-18 14:31:39.949,2,false,0.447756,-0.30188,0.582153,0.607849,0.87306,-0.438239,-0.140017,-0.045531,0.001661,0.05537
1739917899.9806,2025-02-18 14:31:39.980,3,false,0.447758,-0.301636,0.582214,0.60791,0.878431,-0.436286,-0.133181,-0.045483,0.001691,0.05535
1739917900.0119,2025-02-18 14:31:40.011,4,false,0.447879,-0.301575,0.582153,0.60791,0.888197,-0.432868,-0.144411,-0.045439,0.001717,0.055357
1739917900.0431,2025-02-18 14:31:40.043,5,false,0.447875,-0.301575,0.582092,0.607971,0.888197,-0.432868,-0.144411,-0.045509,0.001631,0.055205
1739917900.0744,2025-02-18 14:31:40.074,6,false,0.447796,-0.301575,0.582153,0.607971,0.883803,-0.442145,-0.129763,-0.045561,0.001663,0.055202
1739917900.1056,2025-02-18 14:31:40.105,7,false,0.447958,-0.301575,0.582092,0.60791,0.880385,-0.426032,-0.136599,-0.045655,0.001704,0.055175
1739917900.1369,2025-02-18 14:31:40.136,8,false,0.447999,-0.301514,0.582092,0.60791,0.880385,-0.426032,-0.136599,-0.045741,0.001741,0.055151
1739917900.1681,2025-02-18 14:31:40.168,9,false,0.448122,-0.301331,0.582092,0.60791,0.877943,-0.441169,-0.131228,-0.045708,0.001762,0.055056
1739917900.1994,2025-02-18 14:31:40.199,10,false,0.448125,-0.301208,0.582153,0.60791,0.899916,-0.442634,-0.135622,-0.04569,0.001794,0.055141
1739917900.2306,2025-02-18 14:31:40.230,11,false,0.448053,-0.301208,0.582336,0.607788,0.899916,-0.442634,-0.135622,-0.045675,0.001822,0.055218
1739917900.2619,2025-02-18 14:31:40.261,12,false,0.447594,-0.30127,0.582275,0.608154,0.899916,-0.442634,-0.135622,-0.04566,0.001847,0.055287
1739917900.2931,2025-02-18 14:31:40.293,13,false,0.447352,-0.30127,0.582397,0.608215,0.884291,-0.447028,-0.134646,-0.045672,0.001736,0.055386
1739917900.3244,2025-02-18 14:31:40.324,14,false,0.447234,-0.301208,0.58252,0.608215,0.87013,-0.439704,-0.128786,-0.045707,0.001721,0.05545
1739917900.3556,2025-02-18 14:31:40.355,15,false,0.447151,-0.301208,0.58252,0.608276,0.87013,-0.439704,-0.128786,-0.04569,0.001659,0.055399
1739917900.3869,2025-02-18 14:31:40.386,16,false,0.447186,-0.30127,0.582397,0.608337,0.880873,-0.434333,-0.13904,-0.045759,0.001627,0.055315
1739917900.4181,2025-02-18 14:31:40.418,17,false,0.447225,-0.301331,0.582336,0.608337,0.879896,-0.437263,-0.136599,-0.045834,0.001635,0.055314
1739917900.4494,2025-02-18 14:31:40.449,18,false,0.44739,-0.301208,0.582336,0.608276,0.879896,-0.437263,-0.136599,-0.045902,0.001643,0.055312
1739917900.4806,2025-02-18 14:31:40.480,19,false,0.447358,-0.301025,0.58252,0.608215,0.885267,-0.438239,-0.13904,-0.046024,0.001771,0.05525
1739917900.5119,2025-02-18 14:31:40.511,20,false,0.447481,-0.300842,0.58252,0.608215,0.884779,-0.448493,-0.135622,-0.04595,0.001765,0.055401
1739917900.5431,2025-02-18 14:31:40.543,21,false,0.447571,-0.300842,0.582642,0.608032,0.884779,-0.448493,-0.135622,-0.045884,0.001759,0.055537
1739917900.5744,2025-02-18 14:31:40.574,22,false,0.447408,-0.300842,0.582703,0.608093,0.888197,-0.427985,-0.133669,-0.0458,0.001742,0.055501
1739917900.6056,2025-02-18 14:31:40.605,23,false,0.447086,-0.30072,0.582886,0.608215,0.888197,-0.431403,-0.129274,-0.045725,0.001727,0.055554
1739917900.6369,2025-02-18 14:31:40.636,24,false,0.447126,-0.300537,0.582886,0.608276,0.888197,-0.431403,-0.129274,-0.045657,0.001713,0.055602
1739917900.6681,2025-02-18 14:31:40.668,25,false,0.447408,-0.300842,0.582703,0.608093,0.878431,-0.447028,-0.137575,-0.045705,0.001749,0.055425
1739917900.6994,2025-02-18 14:31:40.699,26,false,0.447003,-0.300354,0.582947,0.608398,0.878431,-0.447028,-0.137575,-0.045749,0.001782,0.055266
1739917900.7306,2025-02-18 14:31:40.730,27,false,0.447167,-0.30011,0.582947,0.608398,0.87306,-0.442145,-0.131716,-0.045886,0.001774,0.055147
1739917900.7619,2025-02-18 14:31:40.761,28,false,0.44721,-0.299927,0.583008,0.608398,0.880385,-0.444099,-0.138552,-0.045948,0.001804,0.055187
1739917900.7931,2025-02-18 14:31:40.793,29,false,0.44725,-0.299744,0.583008,0.608459,0.880385,-0.444099,-0.138552,-0.046005,0.001832,0.055222
1739917900.8244,2025-02-18 14:31:40.824,30,false,0.447291,-0.299683,0.583008,0.608459,0.87892,-0.448981,-0.144411,-0.046006,0.001868,0.055242
1739917900.8556,2025-02-18 14:31:40.855,31,false,0.447371,-0.299683,0.582947,0.608459,0.886244,-0.439216,-0.141482,-0.045947,0.001901,0.055175
1739917900.8869,2025-02-18 14:31:40.886,0,false,0.447289,-0.299805,0.582947,0.608459,0.886244,-0.439216,-0.141482,-0.045893,0.001931,0.055114
1739917900.9181,2025-02-18 14:31:40.918,1,false,0.447293,-0.299927,0.583008,0.608337,0.882338,-0.442634,-0.145388,-0.045857,0.002031,0.055132
1739917900.9494,2025-02-18 14:31:40.949,2,false,0.447371,-0.300049,0.582886,0.608337,0.880385,-0.427497,-0.139528,-0.045849,0.002023,0.055137
1739917900.9806,2025-02-18 14:31:40.980,3,false,0.447288,-0.300049,0.582886,0.608398,0.880385,-0.427497,-0.139528,-0.045842,0.002016,0.055141
1739917901.0119,2025-02-18 14:31:41.011,4,false,0.447246,-0.299988,0.582886,0.608459,0.87892,-0.44654,-0.12781,-0.04586,0.002071,0.055205
1739917901.0431,2025-02-18 14:31:41.043,5,false,0.446966,-0.300049,0.583069,0.608459,0.886244,-0.447028,-0.135134,-0.045815,0.001961,0.055227
1739917901.0744,2025-02-18 14:31:41.074,6,false,0.446966,-0.300049,0.583069,0.608459,0.877455,-0.441169,-0.13611,-0.045897,0.001899,0.055185
1739917901.1056,2025-02-18 14:31:41.105,7,false,0.446931,-0.299988,0.583191,0.608398,0.885756,-0.447517,-0.142947,-0.04597,0.001905,0.055123
1739917901.1369,2025-02-18 14:31:41.136,8,false,0.446977,-0.299805,0.583313,0.608337,0.877455,-0.437263,-0.138552,-0.045951,0.001788,0.055153
1739917901.1681,2025-02-18 14:31:41.168,9,false,0.447026,-0.299866,0.583435,0.608154,0.877455,-0.437263,-0.138552,-0.045885,0.00178,0.055131
1739917901.1994,2025-02-18 14:31:41.199,10,false,0.446985,-0.299927,0.583435,0.608154,0.868666,-0.441169,-0.129763,-0.045935,0.00176,0.055099
1739917901.2306,2025-02-18 14:31:41.230,11,false,0.447027,-0.299988,0.583435,0.608093,0.873549,-0.445075,-0.134646,-0.045882,0.00178,0.055046
1739917901.2619,2025-02-18 14:31:41.261,12,false,0.447149,-0.300049,0.583374,0.608032,0.873549,-0.445075,-0.134646,-0.045835,0.001797,0.054998
1739917901.2931,2025-02-18 14:31:41.293,13,false,0.447311,-0.299927,0.583313,0.608032,0.876967,-0.444587,-0.133669,-0.045866,0.001703,0.055089
1739917901.3244,2025-02-18 14:31:41.324,14,false,0.447518,-0.299988,0.583313,0.607849,0.891615,-0.440192,-0.138552,-0.045857,0.001813,0.055098
1739917901.3556,2025-02-18 14:31:41.355,15,false,0.447531,-0.299866,0.583557,0.607666,0.891615,-0.440192,-0.138552,-0.045849,0.001913,0.055106
1739917901.3869,2025-02-18 14:31:41.386,16,false,0.447534,-0.299866,0.583618,0.607605,0.87892,-0.431403,-0.128786,-0.045952,0.001892,0.055149
1739917901.4181,2025-02-18 14:31:41.418,17,false,0.447533,-0.299744,0.583618,0.607666,0.885267,-0.43238,-0.130739,-0.045995,0.001801,0.055213
1739917901.4494,2025-02-18 14:31:41.449,18,false,0.447531,-0.299866,0.583557,0.607666,0.876967,-0.444587,-0.133669,-0.045998,0.001816,0.055173
1739917901.4806,2025-02-18 14:31:41.480,19,false,0.447406,-0.299805,0.583557,0.607788,0.877455,-0.423102,-0.128786,-0.046,0.00183,0.055137
1739917901.5119,2025-02-18 14:31:41.511,20,false,0.447245,-0.299683,0.583679,0.607849,0.89015,-0.445075,-0.135134,-0.0461,0.001805,0.055165
1739917901.5431,2025-02-18 14:31:41.543,21,false,0.447207,-0.299622,0.58374,0.607849,0.881361,-0.436774,-0.132692,-0.046068,0.00182,0.055191
1739917901.5744,2025-02-18 14:31:41.574,22,false,0.447254,-0.299561,0.583862,0.607727,0.881361,-0.436774,-0.132692,-0.046039,0.001833,0.055214
1739917901.6056,2025-02-18 14:31:41.605,23,false,0.447212,-0.2995,0.583862,0.607788,0.869642,-0.451911,-0.143435,-0.045903,0.001821,0.055283
1739917901.6369,2025-02-18 14:31:41.636,24,false,0.447173,-0.299438,0.583923,0.607788,0.876478,-0.440681,-0.136599,-0.045841,0.001785,0.055199
1739917901.6681,2025-02-18 14:31:41.668,25,false,0.447129,-0.2995,0.583862,0.607849,0.876478,-0.440681,-0.136599,-0.045786,0.001753,0.055124
1739917901.6994,2025-02-18 14:31:41.699,26,false,0.447173,-0.299438,0.583923,0.607788,0.884779,-0.427985,-0.137087,-0.045797,0.001688,0.055105
1739917901.7306,2025-02-18 14:31:41.730,27,false,0.447133,-0.299622,0.583923,0.607727,0.867689,-0.44361,-0.128786,-0.045795,0.001678,0.055014
1739917901.7619,2025-02-18 14:31:41.761,28,false,0.447133,-0.299622,0.583923,0.607727,0.867689,-0.44361,-0.128786,-0.04583,0.001803,0.055006
1739917901.7931,2025-02-18 14:31:41.793,29,false,0.44705,-0.299622,0.583923,0.607788,0.871595,-0.44654,-0.144411,-0.045752,0.001842,0.055084
1739917901.8244,2025-02-18 14:31:41.824,30,false,0.446928,-0.299805,0.583923,0.607788,0.889174,-0.439704,-0.132204,-0.045669,0.001866,0.055069
1739917901.8556,2025-02-18 14:31:41.855,31,false,0.447055,-0.299744,0.583984,0.607666,0.876478,-0.433845,-0.142947,-0.045643,0.001777,0.055141
1739917901.8869,2025-02-18 14:31:41.886,0,false,0.446933,-0.299683,0.584045,0.607727,0.880385,-0.440681,-0.13611,-0.045669,0.001746,0.05512
1739917901.9181,2025-02-18 14:31:41.918,1,false,0.446811,-0.299622,0.584106,0.607788,0.877943,-0.445075,-0.133669,-0.045679,0.001766,0.055089
1739917901.9494,2025-02-18 14:31:41.949,2,false,0.446648,-0.299622,0.584167,0.607849,0.877943,-0.445075,-0.133669,-0.045665,0.001797,0.055232
1739917901.9806,2025-02-18 14:31:41.980,3,false,0.446567,-0.2995,0.584229,0.60791,0.882338,-0.437263,-0.140017,-0.045652,0.001703,0.055178
1739917902.0119,2025-02-18 14:31:42.011,4,false,0.446726,-0.299377,0.584106,0.607971,0.886244,-0.438727,-0.130251,-0.045664,0.001789,0.055202
1739917902.0431,2025-02-18 14:31:42.043,5,false,0.446846,-0.299316,0.584045,0.607971,0.886244,-0.438727,-0.130251,-0.045675,0.001866,0.055224
1739917902.0744,2025-02-18 14:31:42.074,6,false,0.446929,-0.299316,0.584045,0.60791,0.877943,-0.444587,-0.13904,-0.045795,0.001851,0.055231
1739917902.1056,2025-02-18 14:31:42.105,7,false,0.446892,-0.299377,0.584106,0.607849,0.882338,-0.444099,-0.13904,-0.045757,0.0018,0.055226
1739917902.1369,2025-02-18 14:31:42.136,8,false,0.446932,-0.299561,0.584045,0.607788,0.882338,-0.444099,-0.13904,-0.045722,0.001754,0.055221
1739917902.1681,2025-02-18 14:31:42.168,9,false,0.446975,-0.299744,0.584045,0.607666,0.879896,-0.440192,-0.130251,-0.045642,0.001628,0.055314
1739917902.1994,2025-02-18 14:31:42.199,10,false,0.446892,-0.299377,0.584106,0.607849,0.879896,-0.440192,-0.130251,-0.045656,0.001538,0.0553
1739917902.2306,2025-02-18 14:31:42.230,11,false,0.446854,-0.299805,0.584106,0.607666,0.881849,-0.434821,-0.127321,-0.04568,0.001592,0.055325
1739917902.2619,2025-02-18 14:31:42.261,12,false,0.44681,-0.299866,0.584045,0.607727,0.880873,-0.442145,-0.13611,-0.045617,0.001652,0.055334
1739917902.2931,2025-02-18 14:31:42.293,13,false,0.446765,-0.299805,0.583984,0.607849,0.880873,-0.442145,-0.13611,-0.045559,0.001707,0.055343
1739917902.3244,2025-02-18 14:31:42.324,14,false,0.446727,-0.299866,0.584045,0.607788,0.889174,-0.44361,-0.127321,-0.045484,0.00167,0.055229
1739917902.3556,2025-02-18 14:31:42.355,15,false,0.446771,-0.299805,0.584106,0.607727,0.871595,-0.44654,-0.129763,-0.045525,0.00165,0.055199
1739917902.3869,2025-02-18 14:31:42.386,16,false,0.446807,-0.299866,0.583984,0.607788,0.871595,-0.44654,-0.129763,-0.045562,0.001631,0.055172
1739917902.4181,2025-02-18 14:31:42.418,17,false,0.446804,-0.299866,0.583923,0.607849,0.870619,-0.433356,-0.120485,-0.045657,0.001578,0.055124
1739917902.4494,2025-02-18 14:31:42.449,18,false,0.446842,-0.299927,0.583862,0.607849,0.87306,-0.448981,-0.141482,-0.045694,0.00164,0.055032
1739917902.4806,2025-02-18 14:31:42.480,19,false,0.446846,-0.299927,0.583923,0.607788,0.87306,-0.448981,-0.141482,-0.045739,0.001708,0.054997
1739917902.5119,2025-02-18 14:31:42.511,20,false,0.446929,-0.299927,0.583923,0.607727,0.878431,-0.441657,-0.147829,-0.045816,0.001708,0.055088
1739917902.5431,2025-02-18 14:31:42.543,21,false,0.446929,-0.299927,0.583923,0.607727,0.871107,-0.448981,-0.139528,-0.045726,0.001769,0.055048
1739917902.5744,2025-02-18 14:31:42.574,22,false,0.447089,-0.300049,0.583801,0.607666,0.871107,-0.448981,-0.139528,-0.045646,0.001824,0.055012
1739917902.6056,2025-02-18 14:31:42.605,23,false,0.447297,-0.30011,0.583801,0.607483,0.871107,-0.448981,-0.139528,-0.045574,0.001874,0.05498
1739917902.6369,2025-02-18 14:31:42.636,24,false,0.447256,-0.300171,0.583801,0.607483,0.877455,-0.447517,-0.140993,-0.045679,0.001821,0.054902
1739917902.6681,2025-02-18 14:31:42.668,25,false,0.447292,-0.300232,0.583679,0.607544,0.887709,-0.437751,-0.135622,-0.045689,0.001773,0.054868
1739917902.6994,2025-02-18 14:31:42.699,26,false,0.447292,-0.300232,0.583679,0.607544,0.887709,-0.437751,-0.135622,-0.04571,0.001766,0.05485
1739917902.7306,2025-02-18 14:31:42.730,27,false,0.447288,-0.300232,0.583618,0.607605,0.87599,-0.431891,-0.135622,-0.045717,0.001687,0.054846
1739917902.7619,2025-02-18 14:31:42.761,28,false,0.447209,-0.300232,0.583679,0.607605,0.880385,-0.438727,-0.138552,-0.045723,0.001714,0.054904
1739917902.7931,2025-02-18 14:31:42.793,29,false,0.447171,-0.300293,0.58374,0.607544,0.880385,-0.438727,-0.138552,-0.045728,0.001738,0.054956
1739917902.8244,2025-02-18 14:31:42.824,30,false,0.447245,-0.300415,0.583557,0.607605,0.873549,-0.437751,-0.140993,-0.045697,0.001845,0.055063
1739917902.8556,2025-02-18 14:31:42.855,31,false,0.447284,-0.300476,0.583496,0.607605,0.874525,-0.438727,-0.143435,-0.045705,0.001795,0.055135
1739917902.8869,2025-02-18 14:31:42.886,0,false,0.447281,-0.300598,0.583435,0.607605,0.874525,-0.438727,-0.143435,-0.045712,0.00175,0.055201
1739917902.9181,2025-02-18 14:31:42.918,1,false,0.447399,-0.300659,0.583313,0.607605,0.882826,-0.434821,-0.137087,-0.045609,0.001782,0.055149
1739917902.9494,2025-02-18 14:31:42.949,2,false,0.4474,-0.300781,0.583313,0.607544,0.882338,-0.441169,-0.138064,-0.04565,0.001799,0.055177
1739917902.9806,2025-02-18 14:31:42.980,3,false,0.447281,-0.300598,0.583435,0.607605,0.873549,-0.437751,-0.140993,-0.045663,0.0019,0.055201
1739917903.0119,2025-02-18 14:31:43.011,4,false,0.447446,-0.300964,0.583374,0.607361,0.877455,-0.432868,-0.139528,-0.045601,0.001783,0.055162
1739917903.0431,2025-02-18 14:31:43.043,5,false,0.447481,-0.300903,0.583252,0.607483,0.876967,-0.442634,-0.138064,-0.045643,0.0018,0.055188
1739917903.0744,2025-02-18 14:31:43.074,6,false,0.447401,-0.300903,0.583313,0.607483,0.881849,-0.434821,-0.128298,-0.045632,0.00173,0.055077
1739917903.1056,2025-02-18 14:31:43.105,7,false,0.447398,-0.300903,0.583252,0.607544,0.881849,-0.434821,-0.128298,-0.045622,0.001667,0.054977
1739917903.1369,2025-02-18 14:31:43.136,8,false,0.44728,-0.300842,0.583374,0.607544,0.881849,-0.433356,-0.129763,-0.045637,0.001659,0.05496
1739917903.1681,2025-02-18 14:31:43.168,9,false,0.447366,-0.300842,0.583435,0.607422,0.883314,-0.442145,-0.13904,-0.045627,0.001579,0.054957
1739917903.1994,2025-02-18 14:31:43.199,10,false,0.447489,-0.300659,0.583435,0.607422,0.883314,-0.442145,-0.13904,-0.045618,0.001506,0.054955
1739917903.2306,2025-02-18 14:31:43.230,11,false,0.447693,-0.30072,0.583374,0.6073,0.885267,-0.444587,-0.132204,-0.045634,0.001514,0.05488
1739917903.2619,2025-02-18 14:31:43.261,12,false,0.447773,-0.30072,0.583313,0.6073,0.880385,-0.438727,-0.131228,-0.04566,0.00157,0.054946
1739917903.2931,2025-02-18 14:31:43.293,13,false,0.447808,-0.300781,0.583191,0.607361,0.880385,-0.438727,-0.131228,-0.045586,0.001706,0.054981
1739917903.3244,2025-02-18 14:31:43.324,14,false,0.447932,-0.300842,0.583191,0.607239,0.874037,-0.427008,-0.128298,-0.045532,0.001755,0.054903
1739917903.3556,2025-02-18 14:31:43.355,15,false,0.448013,-0.301086,0.58313,0.607117,0.886244,-0.445075,-0.123903,-0.045459,0.001739,0.054833
1739917903.3869,2025-02-18 14:31:43.386,16,false,0.448214,-0.301147,0.583008,0.607056,0.874037,-0.439704,-0.128786,-0.045405,0.001675,0.054879
1739917903.4181,2025-02-18 14:31:43.418,17,false,0.448172,-0.301086,0.583008,0.607117,0.870619,-0.433845,-0.130739,-0.045357,0.001715,0.054885
1739917903.4494,2025-02-18 14:31:43.449,18,false,0.448252,-0.301208,0.582947,0.607056,0.882826,-0.438239,-0.137087,-0.045436,0.001751,0.05478
1739917903.4806,2025-02-18 14:31:43.480,19,false,0.448176,-0.301208,0.583069,0.606995,0.882826,-0.438239,-0.137087,-0.045543,0.001746,0.054795
1739917903.5119,2025-02-18 14:31:43.511,20,false,0.448252,-0.301208,0.582947,0.607056,0.881849,-0.438239,-0.126833,-0.045493,0.001853,0.054894
1739917903.5431,2025-02-18 14:31:43.543,21,false,0.448211,-0.30127,0.582947,0.607056,0.882338,-0.424567,-0.128298,-0.045583,0.001863,0.054947
1739917903.5744,2025-02-18 14:31:43.574,22,false,0.448252,-0.301208,0.582947,0.607056,0.882338,-0.424567,-0.128298,-0.045663,0.001872,0.054994
1739917903.6056,2025-02-18 14:31:43.605,23,false,0.448376,-0.301147,0.582947,0.606995,0.885756,-0.42945,-0.139528,-0.045748,0.001831,0.054964
1739917903.6369,2025-02-18 14:31:43.636,24,false,0.448376,-0.30127,0.582947,0.606934,0.885756,-0.444099,-0.129274,-0.045726,0.001758,0.054875
1739917903.6681,2025-02-18 14:31:43.668,25,false,0.448335,-0.301331,0.582947,0.606934,0.885756,-0.444099,-0.129274,-0.045707,0.001692,0.054795
1739917903.6994,2025-02-18 14:31:43.699,26,false,0.448373,-0.30127,0.582886,0.606995,0.880385,-0.446052,-0.14197,-0.04569,0.00173,0.05487
1739917903.7306,2025-02-18 14:31:43.730,27,false,0.448452,-0.30127,0.582825,0.606995,0.87599,-0.435309,-0.131228,-0.045711,0.001606,0.054974
1739917903.7619,2025-02-18 14:31:43.761,28,false,0.448335,-0.301331,0.582947,0.606934,0.885756,-0.42945,-0.139528,-0.045742,0.00158,0.054994
1739917903.7931,2025-02-18 14:31:43.793,29,false,0.448491,-0.301331,0.582764,0.606995,0.876478,-0.439216,-0.138552,-0.04577,0.001556,0.055012
1739917903.8244,2025-02-18 14:31:43.824,30,false,0.448612,-0.301392,0.582703,0.606934,0.877943,-0.42945,-0.130251,-0.04577,0.001596,0.055053
1739917903.8556,2025-02-18 14:31:43.855,31,false,0.44845,-0.301392,0.582764,0.606995,0.877943,-0.436286,-0.136599,-0.045637,0.001656,0.055005
1739917903.8869,2025-02-18 14:31:43.886,0,false,0.448329,-0.301453,0.582825,0.606995,0.877943,-0.436286,-0.136599,-0.045516,0.00171,0.054961
1739917903.9181,2025-02-18 14:31:43.918,1,false,0.448206,-0.301514,0.582825,0.607056,0.879408,-0.42652,-0.123903,-0.045469,0.001734,0.054946
1739917903.9494,2025-02-18 14:31:43.949,2,false,0.447961,-0.301514,0.582886,0.607178,0.884291,-0.435798,-0.135134,-0.045524,0.001756,0.054932
1739917903.9806,2025-02-18 14:31:43.980,3,false,0.447926,-0.301575,0.583008,0.607056,0.884291,-0.435798,-0.135134,-0.045574,0.001776,0.05492
1739917904.0119,2025-02-18 14:31:44.011,4,false,0.44793,-0.301575,0.583069,0.606995,0.885267,-0.448493,-0.142458,-0.04568,0.001757,0.054946
1739917904.0431,2025-02-18 14:31:44.043,5,false,0.447889,-0.301636,0.583069,0.606995,0.879408,-0.431891,-0.119509,-0.045714,0.00174,0.054969
1739917904.0744,2025-02-18 14:31:44.074,6,false,0.447848,-0.301819,0.583069,0.606934,0.879408,-0.431891,-0.119509,-0.045671,0.001835,0.055124
1739917904.1056,2025-02-18 14:31:44.105,7,false,0.447684,-0.302307,0.583069,0.606812,0.879408,-0.431891,-0.119509,-0.045633,0.00192,0.055263
1739917904.1369,2025-02-18 14:31:44.136,8,false,0.447639,-0.302368,0.583008,0.606873,0.874037,-0.430426,-0.138064,-0.045562,0.001874,0.055206
1739917904.1681,2025-02-18 14:31:44.168,9,false,0.447675,-0.302551,0.582886,0.606873,0.875013,-0.426032,-0.135622,-0.045596,0.001833,0.055179
1739917904.1994,2025-02-18 14:31:44.199,10,false,0.447595,-0.302673,0.582947,0.606812,0.875013,-0.426032,-0.135622,-0.045626,0.001796,0.055154
1739917904.2306,2025-02-18 14:31:44.230,11,false,0.44764,-0.302734,0.583008,0.606689,0.880873,-0.427985,-0.139528,-0.045653,0.001788,0.055132
1739917904.2619,2025-02-18 14:31:44.261,12,false,0.447643,-0.302734,0.583069,0.606628,0.882338,-0.434821,-0.137087,-0.04569,0.001743,0.055075
1739917904.2931,2025-02-18 14:31:44.293,13,false,0.447764,-0.302795,0.583008,0.606567,0.882338,-0.434821,-0.137087,-0.045699,0.001764,0.055024
1739917904.3244,2025-02-18 14:31:44.324,14,false,0.447885,-0.302856,0.582947,0.606506,0.886732,-0.430426,-0.129763,-0.045731,0.001783,0.054979
1739917904.3556,2025-02-18 14:31:44.355,15,false,0.447761,-0.302917,0.582947,0.606567,0.872084,-0.442634,-0.13611,-0.045858,0.001678,0.054998
1739917904.3869,2025-02-18 14:31:44.386,16,false,0.44772,-0.302979,0.582947,0.606567,0.872084,-0.442634,-0.13611,-0.045972,0.001583,0.055016
1739917904.4181,2025-02-18 14:31:44.418,17,false,0.447803,-0.302979,0.582947,0.606506,0.881849,-0.441657,-0.132204,-0.045842,0.001633,0.055105
1739917904.4494,2025-02-18 14:31:44.449,18,false,0.448041,-0.302979,0.582764,0.606506,0.881361,-0.437751,-0.131228,-0.04586,0.001726,0.055076
1739917904.4806,2025-02-18 14:31:44.480,19,false,0.448076,-0.303162,0.582642,0.606506,0.881361,-0.437751,-0.131228,-0.045876,0.00181,0.055049
1739917904.5119,2025-02-18 14:31:44.511,20,false,0.447803,-0.302979,0.582947,0.606506,0.895033,-0.43238,-0.13611,-0.045793,0.001824,0.055001
1739917904.5431,2025-02-18 14:31:44.543,21,false,0.447993,-0.303162,0.582642,0.606567,0.895033,-0.43238,-0.13611,-0.045718,0.001837,0.054958
1739917904.5744,2025-02-18 14:31:44.574,22,false,0.447948,-0.303101,0.582581,0.606689,0.889662,-0.442634,-0.126833,-0.045639,0.001861,0.054992
1739917904.6056,2025-02-18 14:31:44.605,23,false,0.448069,-0.303162,0.58252,0.606628,0.885756,-0.419684,-0.134646,-0.045824,0.001907,0.055083
